Rate limiting not available (slowapi not installed)
Monitoring middleware enabled
Bootstrapping multi-target cash flow models (6 models)...
Multi-target model bootstrap complete: {'cash_in_next_day': {'status': 'loaded', 'model_path': 'C:\\temp\\bankTradingManagement-master\\bankTradingManagement-master\\BACKEND\\models\\cash_in_next_day\\m5p_cash_in_next_day.pkl'}, 'cash_out_next_day': {'status': 'loaded', 'model_path': 'C:\\temp\\bankTradingManagement-master\\bankTradingManagement-master\\BACKEND\\models\\cash_out_next_day\\m5p_cash_out_next_day.pkl'}, 'cash_in_h7': {'status': 'loaded', 'model_path': 'C:\\temp\\bankTradingManagement-master\\bankTradingManagement-master\\BACKEND\\models\\cash_in_h7\\m5p_cash_in_h7.pkl'}, 'cash_out_h7': {'status': 'loaded', 'model_path': 'C:\\temp\\bankTradingManagement-master\\bankTradingManagement-master\\BACKEND\\models\\cash_out_h7\\m5p_cash_out_h7.pkl'}, 'cash_in_next_month': {'status': 'loaded', 'model_path': 'C:\\temp\\bankTradingManagement-master\\bankTradingManagement-master\\BACKEND\\models\\cash_in_next_month\\m5p_cash_in_next_month.pkl'}, 'cash_out_next_month': {'status': 'loaded', 'model_path': 'C:\\temp\\bankTradingManagement-master\\bankTradingManagement-master\\BACKEND\\models\\cash_out_next_month\\m5p_cash_out_next_month.pkl'}}
Starting daily aggregation scheduler...
Scheduler started - will run at 0:00 AM daily
P2P Transaction Service initialized
Stopping scheduler...
Scheduler stopped
Rate limiting not available (slowapi not installed)
Monitoring middleware enabled
Bootstrapping multi-target cash flow models (6 models)...
Multi-target model bootstrap complete: {'cash_in_next_day': {'status': 'loaded', 'model_path': 'C:\\temp\\bankTradingManagement-master\\bankTradingManagement-master\\BACKEND\\models\\cash_in_next_day\\m5p_cash_in_next_day.pkl'}, 'cash_out_next_day': {'status': 'loaded', 'model_path': 'C:\\temp\\bankTradingManagement-master\\bankTradingManagement-master\\BACKEND\\models\\cash_out_next_day\\m5p_cash_out_next_day.pkl'}, 'cash_in_h7': {'status': 'loaded', 'model_path': 'C:\\temp\\bankTradingManagement-master\\bankTradingManagement-master\\BACKEND\\models\\cash_in_h7\\m5p_cash_in_h7.pkl'}, 'cash_out_h7': {'status': 'loaded', 'model_path': 'C:\\temp\\bankTradingManagement-master\\bankTradingManagement-master\\BACKEND\\models\\cash_out_h7\\m5p_cash_out_h7.pkl'}, 'cash_in_next_month': {'status': 'loaded', 'model_path': 'C:\\temp\\bankTradingManagement-master\\bankTradingManagement-master\\BACKEND\\models\\cash_in_next_month\\m5p_cash_in_next_month.pkl'}, 'cash_out_next_month': {'status': 'loaded', 'model_path': 'C:\\temp\\bankTradingManagement-master\\bankTradingManagement-master\\BACKEND\\models\\cash_out_next_month\\m5p_cash_out_next_month.pkl'}}
Starting daily aggregation scheduler...
Scheduler started - will run at 0:00 AM daily
P2P Transaction Service initialized
Rate limiting not available (slowapi not installed)
Monitoring middleware enabled
Search customers: query='', search_type='all', cassandra_available=False
Empty query - loading all customers
Search customers: query='', search_type='all', cassandra_available=False
Empty query - loading all customers
Search customers: query='', search_type='all', cassandra_available=False
Empty query - loading all customers
Search customers: query='', search_type='all', cassandra_available=False
Empty query - loading all customers
Search customers: query='', search_type='all', cassandra_available=False
Empty query - loading all customers
Stopping scheduler...
Scheduler stopped
Rate limiting not available (slowapi not installed)
Monitoring middleware enabled
Bootstrapping multi-target cash flow models (6 models)...
Multi-target model bootstrap complete: {'cash_in_next_day': {'status': 'loaded', 'model_path': 'C:\\temp\\bankTradingManagement-master\\bankTradingManagement-master\\BACKEND\\models\\cash_in_next_day\\m5p_cash_in_next_day.pkl'}, 'cash_out_next_day': {'status': 'loaded', 'model_path': 'C:\\temp\\bankTradingManagement-master\\bankTradingManagement-master\\BACKEND\\models\\cash_out_next_day\\m5p_cash_out_next_day.pkl'}, 'cash_in_h7': {'status': 'loaded', 'model_path': 'C:\\temp\\bankTradingManagement-master\\bankTradingManagement-master\\BACKEND\\models\\cash_in_h7\\m5p_cash_in_h7.pkl'}, 'cash_out_h7': {'status': 'loaded', 'model_path': 'C:\\temp\\bankTradingManagement-master\\bankTradingManagement-master\\BACKEND\\models\\cash_out_h7\\m5p_cash_out_h7.pkl'}, 'cash_in_next_month': {'status': 'loaded', 'model_path': 'C:\\temp\\bankTradingManagement-master\\bankTradingManagement-master\\BACKEND\\models\\cash_in_next_month\\m5p_cash_in_next_month.pkl'}, 'cash_out_next_month': {'status': 'loaded', 'model_path': 'C:\\temp\\bankTradingManagement-master\\bankTradingManagement-master\\BACKEND\\models\\cash_out_next_month\\m5p_cash_out_next_month.pkl'}}
Starting daily aggregation scheduler...
Scheduler started - will run at 0:00 AM daily
P2P Transaction Service initialized
Search customers: query='', search_type='all', cassandra_available=True
Empty query - loading all customers
Failed to prepare Monthly KPI statements; will retry later.
Traceback (most recent call last):
  File "C:\temp\bankTradingManagement-master\bankTradingManagement-master\backend\app\CassandraServices\monthly_kpis.py", line 91, in prepare
    self._prepared["select_kpi_monthly_account_range"] = session.prepare(
                                                         ^^^^^^^^^^^^^^^^
  File "cassandra\cluster.py", line 3131, in cassandra.cluster.Session.prepare
  File "cassandra\cluster.py", line 3128, in cassandra.cluster.Session.prepare
  File "cassandra\cluster.py", line 4956, in cassandra.cluster.ResponseFuture.result
cassandra.InvalidRequest: Error from server: code=2200 [Invalid query] message="Cannot execute this query as it might involve data filtering and thus may have unpredictable performance. If you want to execute this query despite the performance unpredictability, use ALLOW FILTERING"
Failed to get company KPI
Traceback (most recent call last):
  File "C:\temp\bankTradingManagement-master\bankTradingManagement-master\backend\app\app.py", line 2660, in get_company_kpi
    results = cassandra_service.monthly_kpis.list_company_kpis(month_yyyymm)
              ^^^^^^^^^^^^^^^^^^^^^^^^^^^^^^^^^^^^^^^^^^^^^^^^^^^^^^^^^^^^^^
  File "C:\temp\bankTradingManagement-master\bankTradingManagement-master\backend\app\CassandraServices\monthly_kpis.py", line 200, in list_company_kpis
    stmt = self._require_stmt("select_kpi_monthly_all")
           ^^^^^^^^^^^^^^^^^^^^^^^^^^^^^^^^^^^^^^^^^^^^
  File "C:\temp\bankTradingManagement-master\bankTradingManagement-master\backend\app\CassandraServices\monthly_kpis.py", line 146, in _require_stmt
    raise CassandraUnavailable("kpi_monthly tables not configured in Cassandra.")
app.CassandraServices.base.CassandraUnavailable: kpi_monthly tables not configured in Cassandra.
Failed to prepare Monthly KPI statements; will retry later.
Traceback (most recent call last):
  File "C:\temp\bankTradingManagement-master\bankTradingManagement-master\backend\app\CassandraServices\monthly_kpis.py", line 91, in prepare
    self._prepared["select_kpi_monthly_account_range"] = session.prepare(
                                                         ^^^^^^^^^^^^^^^^
  File "cassandra\cluster.py", line 3131, in cassandra.cluster.Session.prepare
  File "cassandra\cluster.py", line 3128, in cassandra.cluster.Session.prepare
  File "cassandra\cluster.py", line 4956, in cassandra.cluster.ResponseFuture.result
cassandra.InvalidRequest: Error from server: code=2200 [Invalid query] message="Cannot execute this query as it might involve data filtering and thus may have unpredictable performance. If you want to execute this query despite the performance unpredictability, use ALLOW FILTERING"
Failed to get company KPI
Traceback (most recent call last):
  File "C:\temp\bankTradingManagement-master\bankTradingManagement-master\backend\app\app.py", line 2660, in get_company_kpi
    results = cassandra_service.monthly_kpis.list_company_kpis(month_yyyymm)
              ^^^^^^^^^^^^^^^^^^^^^^^^^^^^^^^^^^^^^^^^^^^^^^^^^^^^^^^^^^^^^^
  File "C:\temp\bankTradingManagement-master\bankTradingManagement-master\backend\app\CassandraServices\monthly_kpis.py", line 200, in list_company_kpis
    stmt = self._require_stmt("select_kpi_monthly_all")
           ^^^^^^^^^^^^^^^^^^^^^^^^^^^^^^^^^^^^^^^^^^^^
  File "C:\temp\bankTradingManagement-master\bankTradingManagement-master\backend\app\CassandraServices\monthly_kpis.py", line 146, in _require_stmt
    raise CassandraUnavailable("kpi_monthly tables not configured in Cassandra.")
app.CassandraServices.base.CassandraUnavailable: kpi_monthly tables not configured in Cassandra.
Failed to prepare Monthly KPI statements; will retry later.
Traceback (most recent call last):
  File "C:\temp\bankTradingManagement-master\bankTradingManagement-master\backend\app\CassandraServices\monthly_kpis.py", line 91, in prepare
    self._prepared["select_kpi_monthly_account_range"] = session.prepare(
                                                         ^^^^^^^^^^^^^^^^
  File "cassandra\cluster.py", line 3131, in cassandra.cluster.Session.prepare
  File "cassandra\cluster.py", line 3128, in cassandra.cluster.Session.prepare
  File "cassandra\cluster.py", line 4956, in cassandra.cluster.ResponseFuture.result
cassandra.InvalidRequest: Error from server: code=2200 [Invalid query] message="Cannot execute this query as it might involve data filtering and thus may have unpredictable performance. If you want to execute this query despite the performance unpredictability, use ALLOW FILTERING"
Failed to get company KPI
Traceback (most recent call last):
  File "C:\temp\bankTradingManagement-master\bankTradingManagement-master\backend\app\app.py", line 2660, in get_company_kpi
    results = cassandra_service.monthly_kpis.list_company_kpis(month_yyyymm)
              ^^^^^^^^^^^^^^^^^^^^^^^^^^^^^^^^^^^^^^^^^^^^^^^^^^^^^^^^^^^^^^
  File "C:\temp\bankTradingManagement-master\bankTradingManagement-master\backend\app\CassandraServices\monthly_kpis.py", line 200, in list_company_kpis
    stmt = self._require_stmt("select_kpi_monthly_all")
           ^^^^^^^^^^^^^^^^^^^^^^^^^^^^^^^^^^^^^^^^^^^^
  File "C:\temp\bankTradingManagement-master\bankTradingManagement-master\backend\app\CassandraServices\monthly_kpis.py", line 146, in _require_stmt
    raise CassandraUnavailable("kpi_monthly tables not configured in Cassandra.")
app.CassandraServices.base.CassandraUnavailable: kpi_monthly tables not configured in Cassandra.
Failed to prepare Monthly KPI statements; will retry later.
Traceback (most recent call last):
  File "C:\temp\bankTradingManagement-master\bankTradingManagement-master\backend\app\CassandraServices\monthly_kpis.py", line 91, in prepare
    self._prepared["select_kpi_monthly_account_range"] = session.prepare(
                                                         ^^^^^^^^^^^^^^^^
  File "cassandra\cluster.py", line 3131, in cassandra.cluster.Session.prepare
  File "cassandra\cluster.py", line 3128, in cassandra.cluster.Session.prepare
  File "cassandra\cluster.py", line 4956, in cassandra.cluster.ResponseFuture.result
cassandra.InvalidRequest: Error from server: code=2200 [Invalid query] message="Cannot execute this query as it might involve data filtering and thus may have unpredictable performance. If you want to execute this query despite the performance unpredictability, use ALLOW FILTERING"
Failed to get company KPI
Traceback (most recent call last):
  File "C:\temp\bankTradingManagement-master\bankTradingManagement-master\backend\app\app.py", line 2660, in get_company_kpi
    results = cassandra_service.monthly_kpis.list_company_kpis(month_yyyymm)
              ^^^^^^^^^^^^^^^^^^^^^^^^^^^^^^^^^^^^^^^^^^^^^^^^^^^^^^^^^^^^^^
  File "C:\temp\bankTradingManagement-master\bankTradingManagement-master\backend\app\CassandraServices\monthly_kpis.py", line 200, in list_company_kpis
    stmt = self._require_stmt("select_kpi_monthly_all")
           ^^^^^^^^^^^^^^^^^^^^^^^^^^^^^^^^^^^^^^^^^^^^
  File "C:\temp\bankTradingManagement-master\bankTradingManagement-master\backend\app\CassandraServices\monthly_kpis.py", line 146, in _require_stmt
    raise CassandraUnavailable("kpi_monthly tables not configured in Cassandra.")
app.CassandraServices.base.CassandraUnavailable: kpi_monthly tables not configured in Cassandra.
Search customers: query='', search_type='all', cassandra_available=True
Empty query - loading all customers
Stopping scheduler...
Scheduler stopped
Rate limiting not available (slowapi not installed)
Monitoring middleware enabled
======================================================================
Step 1: Auto-starting Docker services...
======================================================================
======================================================================
Step 2: Bootstrapping ML models...
======================================================================
Multi-target model bootstrap complete: {'cash_in_next_day': {'status': 'loaded', 'model_path': 'C:\\temp\\bankTradingManagement-master\\bankTradingManagement-master\\BACKEND\\models\\cash_in_next_day\\m5p_cash_in_next_day.pkl'}, 'cash_out_next_day': {'status': 'loaded', 'model_path': 'C:\\temp\\bankTradingManagement-master\\bankTradingManagement-master\\BACKEND\\models\\cash_out_next_day\\m5p_cash_out_next_day.pkl'}, 'cash_in_h7': {'status': 'loaded', 'model_path': 'C:\\temp\\bankTradingManagement-master\\bankTradingManagement-master\\BACKEND\\models\\cash_in_h7\\m5p_cash_in_h7.pkl'}, 'cash_out_h7': {'status': 'loaded', 'model_path': 'C:\\temp\\bankTradingManagement-master\\bankTradingManagement-master\\BACKEND\\models\\cash_out_h7\\m5p_cash_out_h7.pkl'}, 'cash_in_next_month': {'status': 'loaded', 'model_path': 'C:\\temp\\bankTradingManagement-master\\bankTradingManagement-master\\BACKEND\\models\\cash_in_next_month\\m5p_cash_in_next_month.pkl'}, 'cash_out_next_month': {'status': 'loaded', 'model_path': 'C:\\temp\\bankTradingManagement-master\\bankTradingManagement-master\\BACKEND\\models\\cash_out_next_month\\m5p_cash_out_next_month.pkl'}}
Starting daily aggregation scheduler...
Scheduler started - will run at 0:00 AM daily
P2P Transaction Service initialized
Stopping scheduler...
Scheduler stopped
Rate limiting not available (slowapi not installed)
Monitoring middleware enabled
======================================================================
Step 1: Auto-starting Docker services...
======================================================================
======================================================================
Step 2: Bootstrapping ML models...
======================================================================
Multi-target model bootstrap complete: {'cash_in_next_day': {'status': 'loaded', 'model_path': 'C:\\temp\\bankTradingManagement-master\\bankTradingManagement-master\\BACKEND\\models\\cash_in_next_day\\m5p_cash_in_next_day.pkl'}, 'cash_out_next_day': {'status': 'loaded', 'model_path': 'C:\\temp\\bankTradingManagement-master\\bankTradingManagement-master\\BACKEND\\models\\cash_out_next_day\\m5p_cash_out_next_day.pkl'}, 'cash_in_h7': {'status': 'loaded', 'model_path': 'C:\\temp\\bankTradingManagement-master\\bankTradingManagement-master\\BACKEND\\models\\cash_in_h7\\m5p_cash_in_h7.pkl'}, 'cash_out_h7': {'status': 'loaded', 'model_path': 'C:\\temp\\bankTradingManagement-master\\bankTradingManagement-master\\BACKEND\\models\\cash_out_h7\\m5p_cash_out_h7.pkl'}, 'cash_in_next_month': {'status': 'loaded', 'model_path': 'C:\\temp\\bankTradingManagement-master\\bankTradingManagement-master\\BACKEND\\models\\cash_in_next_month\\m5p_cash_in_next_month.pkl'}, 'cash_out_next_month': {'status': 'loaded', 'model_path': 'C:\\temp\\bankTradingManagement-master\\bankTradingManagement-master\\BACKEND\\models\\cash_out_next_month\\m5p_cash_out_next_month.pkl'}}
Starting daily aggregation scheduler...
Scheduler started - will run at 0:00 AM daily
P2P Transaction Service initialized
Stopping scheduler...
Scheduler stopped
Rate limiting not available (slowapi not installed)
Monitoring middleware enabled
HDFS service initialized successfully
======================================================================
Step 1: Auto-starting Docker services...
======================================================================
======================================================================
Step 2: Bootstrapping ML models...
======================================================================
Multi-target model bootstrap complete: {'cash_in_next_day': {'status': 'loaded', 'model_path': 'C:\\temp\\bankTradingManagement-master\\bankTradingManagement-master\\BACKEND\\models\\cash_in_next_day\\m5p_cash_in_next_day.pkl'}, 'cash_out_next_day': {'status': 'loaded', 'model_path': 'C:\\temp\\bankTradingManagement-master\\bankTradingManagement-master\\BACKEND\\models\\cash_out_next_day\\m5p_cash_out_next_day.pkl'}, 'cash_in_h7': {'status': 'loaded', 'model_path': 'C:\\temp\\bankTradingManagement-master\\bankTradingManagement-master\\BACKEND\\models\\cash_in_h7\\m5p_cash_in_h7.pkl'}, 'cash_out_h7': {'status': 'loaded', 'model_path': 'C:\\temp\\bankTradingManagement-master\\bankTradingManagement-master\\BACKEND\\models\\cash_out_h7\\m5p_cash_out_h7.pkl'}, 'cash_in_next_month': {'status': 'loaded', 'model_path': 'C:\\temp\\bankTradingManagement-master\\bankTradingManagement-master\\BACKEND\\models\\cash_in_next_month\\m5p_cash_in_next_month.pkl'}, 'cash_out_next_month': {'status': 'loaded', 'model_path': 'C:\\temp\\bankTradingManagement-master\\bankTradingManagement-master\\BACKEND\\models\\cash_out_next_month\\m5p_cash_out_next_month.pkl'}}
Starting daily aggregation scheduler...
Scheduler started - will run at 0:00 AM daily
P2P Transaction Service initialized
Search customers: query='', search_type='all', cassandra_available=False
Empty query - loading all customers
Search customers: query='', search_type='all', cassandra_available=False
Empty query - loading all customers
Error getting HDFS directory size /banktrading
Traceback (most recent call last):
  File "C:\temp\bankTradingManagement-master\bankTradingManagement-master\BACKEND\app\app.py", line 3665, in hdfs_directory_size
    result = hdfs_service.get_directory_size(path)
             ^^^^^^^^^^^^^^^^^^^^^^^^^^^^^^^^^^^^^
  File "C:\temp\bankTradingManagement-master\bankTradingManagement-master\BACKEND\app\hdfs_service.py", line 539, in get_directory_size
    response.raise_for_status()
  File "C:\Users\Per chan\AppData\Local\Programs\Python\Python311\Lib\site-packages\requests\models.py", line 1026, in raise_for_status
    raise HTTPError(http_error_msg, response=self)
requests.exceptions.HTTPError: 404 Client Error: Not Found for url: http://localhost:9870/webhdfs/v1/banktrading?op=GETCONTENTSUMMARY
Error getting HDFS directory size /banktrading
Traceback (most recent call last):
  File "C:\temp\bankTradingManagement-master\bankTradingManagement-master\BACKEND\app\app.py", line 3665, in hdfs_directory_size
    result = hdfs_service.get_directory_size(path)
             ^^^^^^^^^^^^^^^^^^^^^^^^^^^^^^^^^^^^^
  File "C:\temp\bankTradingManagement-master\bankTradingManagement-master\BACKEND\app\hdfs_service.py", line 539, in get_directory_size
    response.raise_for_status()
  File "C:\Users\Per chan\AppData\Local\Programs\Python\Python311\Lib\site-packages\requests\models.py", line 1026, in raise_for_status
    raise HTTPError(http_error_msg, response=self)
requests.exceptions.HTTPError: 404 Client Error: Not Found for url: http://localhost:9870/webhdfs/v1/banktrading?op=GETCONTENTSUMMARY
Error getting HDFS directory size /banktrading
Traceback (most recent call last):
  File "C:\temp\bankTradingManagement-master\bankTradingManagement-master\BACKEND\app\app.py", line 3665, in hdfs_directory_size
    result = hdfs_service.get_directory_size(path)
             ^^^^^^^^^^^^^^^^^^^^^^^^^^^^^^^^^^^^^
  File "C:\temp\bankTradingManagement-master\bankTradingManagement-master\BACKEND\app\hdfs_service.py", line 539, in get_directory_size
    response.raise_for_status()
  File "C:\Users\Per chan\AppData\Local\Programs\Python\Python311\Lib\site-packages\requests\models.py", line 1026, in raise_for_status
    raise HTTPError(http_error_msg, response=self)
requests.exceptions.HTTPError: 404 Client Error: Not Found for url: http://localhost:9870/webhdfs/v1/banktrading?op=GETCONTENTSUMMARY
Error getting HDFS directory size /banktrading
Traceback (most recent call last):
  File "C:\temp\bankTradingManagement-master\bankTradingManagement-master\BACKEND\app\app.py", line 3665, in hdfs_directory_size
    result = hdfs_service.get_directory_size(path)
             ^^^^^^^^^^^^^^^^^^^^^^^^^^^^^^^^^^^^^
  File "C:\temp\bankTradingManagement-master\bankTradingManagement-master\BACKEND\app\hdfs_service.py", line 539, in get_directory_size
    response.raise_for_status()
  File "C:\Users\Per chan\AppData\Local\Programs\Python\Python311\Lib\site-packages\requests\models.py", line 1026, in raise_for_status
    raise HTTPError(http_error_msg, response=self)
requests.exceptions.HTTPError: 404 Client Error: Not Found for url: http://localhost:9870/webhdfs/v1/banktrading?op=GETCONTENTSUMMARY
Error listing HDFS directory /banktrading
Traceback (most recent call last):
  File "C:\temp\bankTradingManagement-master\bankTradingManagement-master\BACKEND\app\app.py", line 3517, in hdfs_list_directory
    files = hdfs_service.list_directory(path)
            ^^^^^^^^^^^^^^^^^^^^^^^^^^^^^^^^^
  File "C:\temp\bankTradingManagement-master\bankTradingManagement-master\BACKEND\app\hdfs_service.py", line 137, in list_directory
    response.raise_for_status()
  File "C:\Users\Per chan\AppData\Local\Programs\Python\Python311\Lib\site-packages\requests\models.py", line 1026, in raise_for_status
    raise HTTPError(http_error_msg, response=self)
requests.exceptions.HTTPError: 404 Client Error: Not Found for url: http://localhost:9870/webhdfs/v1/banktrading?op=LISTSTATUS
Error listing HDFS directory /banktrading
Traceback (most recent call last):
  File "C:\temp\bankTradingManagement-master\bankTradingManagement-master\BACKEND\app\app.py", line 3517, in hdfs_list_directory
    files = hdfs_service.list_directory(path)
            ^^^^^^^^^^^^^^^^^^^^^^^^^^^^^^^^^
  File "C:\temp\bankTradingManagement-master\bankTradingManagement-master\BACKEND\app\hdfs_service.py", line 137, in list_directory
    response.raise_for_status()
  File "C:\Users\Per chan\AppData\Local\Programs\Python\Python311\Lib\site-packages\requests\models.py", line 1026, in raise_for_status
    raise HTTPError(http_error_msg, response=self)
requests.exceptions.HTTPError: 404 Client Error: Not Found for url: http://localhost:9870/webhdfs/v1/banktrading?op=LISTSTATUS
Error listing HDFS directory /banktrading
Traceback (most recent call last):
  File "C:\temp\bankTradingManagement-master\bankTradingManagement-master\BACKEND\app\app.py", line 3517, in hdfs_list_directory
    files = hdfs_service.list_directory(path)
            ^^^^^^^^^^^^^^^^^^^^^^^^^^^^^^^^^
  File "C:\temp\bankTradingManagement-master\bankTradingManagement-master\BACKEND\app\hdfs_service.py", line 137, in list_directory
    response.raise_for_status()
  File "C:\Users\Per chan\AppData\Local\Programs\Python\Python311\Lib\site-packages\requests\models.py", line 1026, in raise_for_status
    raise HTTPError(http_error_msg, response=self)
requests.exceptions.HTTPError: 404 Client Error: Not Found for url: http://localhost:9870/webhdfs/v1/banktrading?op=LISTSTATUS
Error listing HDFS directory /banktrading
Traceback (most recent call last):
  File "C:\temp\bankTradingManagement-master\bankTradingManagement-master\BACKEND\app\app.py", line 3517, in hdfs_list_directory
    files = hdfs_service.list_directory(path)
            ^^^^^^^^^^^^^^^^^^^^^^^^^^^^^^^^^
  File "C:\temp\bankTradingManagement-master\bankTradingManagement-master\BACKEND\app\hdfs_service.py", line 137, in list_directory
    response.raise_for_status()
  File "C:\Users\Per chan\AppData\Local\Programs\Python\Python311\Lib\site-packages\requests\models.py", line 1026, in raise_for_status
    raise HTTPError(http_error_msg, response=self)
requests.exceptions.HTTPError: 404 Client Error: Not Found for url: http://localhost:9870/webhdfs/v1/banktrading?op=LISTSTATUS
Stopping scheduler...
Scheduler stopped
Rate limiting not available (slowapi not installed)
Monitoring middleware enabled
HDFS service initialized successfully
======================================================================
Step 1: Auto-starting Docker services...
======================================================================
======================================================================
Step 2: Bootstrapping ML models...
======================================================================
Multi-target model bootstrap complete: {'cash_in_next_day': {'status': 'loaded', 'model_path': 'C:\\temp\\bankTradingManagement-master\\bankTradingManagement-master\\BACKEND\\models\\cash_in_next_day\\m5p_cash_in_next_day.pkl'}, 'cash_out_next_day': {'status': 'loaded', 'model_path': 'C:\\temp\\bankTradingManagement-master\\bankTradingManagement-master\\BACKEND\\models\\cash_out_next_day\\m5p_cash_out_next_day.pkl'}, 'cash_in_h7': {'status': 'loaded', 'model_path': 'C:\\temp\\bankTradingManagement-master\\bankTradingManagement-master\\BACKEND\\models\\cash_in_h7\\m5p_cash_in_h7.pkl'}, 'cash_out_h7': {'status': 'loaded', 'model_path': 'C:\\temp\\bankTradingManagement-master\\bankTradingManagement-master\\BACKEND\\models\\cash_out_h7\\m5p_cash_out_h7.pkl'}, 'cash_in_next_month': {'status': 'loaded', 'model_path': 'C:\\temp\\bankTradingManagement-master\\bankTradingManagement-master\\BACKEND\\models\\cash_in_next_month\\m5p_cash_in_next_month.pkl'}, 'cash_out_next_month': {'status': 'loaded', 'model_path': 'C:\\temp\\bankTradingManagement-master\\bankTradingManagement-master\\BACKEND\\models\\cash_out_next_month\\m5p_cash_out_next_month.pkl'}}
Starting daily aggregation scheduler...
Scheduler started - will run at 0:00 AM daily
P2P Transaction Service initialized
Rate limiting not available (slowapi not installed)
Monitoring middleware enabled
HDFS service initialized successfully
======================================================================
Step 1: Auto-starting Docker services...
======================================================================
======================================================================
Step 2: Bootstrapping ML models...
======================================================================
Multi-target model bootstrap complete: {'cash_in_next_day': {'status': 'loaded', 'model_path': 'C:\\temp\\bankTradingManagement-master\\bankTradingManagement-master\\BACKEND\\models\\cash_in_next_day\\m5p_cash_in_next_day.pkl'}, 'cash_out_next_day': {'status': 'loaded', 'model_path': 'C:\\temp\\bankTradingManagement-master\\bankTradingManagement-master\\BACKEND\\models\\cash_out_next_day\\m5p_cash_out_next_day.pkl'}, 'cash_in_h7': {'status': 'loaded', 'model_path': 'C:\\temp\\bankTradingManagement-master\\bankTradingManagement-master\\BACKEND\\models\\cash_in_h7\\m5p_cash_in_h7.pkl'}, 'cash_out_h7': {'status': 'loaded', 'model_path': 'C:\\temp\\bankTradingManagement-master\\bankTradingManagement-master\\BACKEND\\models\\cash_out_h7\\m5p_cash_out_h7.pkl'}, 'cash_in_next_month': {'status': 'loaded', 'model_path': 'C:\\temp\\bankTradingManagement-master\\bankTradingManagement-master\\BACKEND\\models\\cash_in_next_month\\m5p_cash_in_next_month.pkl'}, 'cash_out_next_month': {'status': 'loaded', 'model_path': 'C:\\temp\\bankTradingManagement-master\\bankTradingManagement-master\\BACKEND\\models\\cash_out_next_month\\m5p_cash_out_next_month.pkl'}}
Starting daily aggregation scheduler...
Scheduler started - will run at 0:00 AM daily
P2P Transaction Service initialized
Search customers: query='', search_type='all', cassandra_available=False
Empty query - loading all customers
Search customers: query='', search_type='all', cassandra_available=False
Empty query - loading all customers
Search customers: query='', search_type='all', cassandra_available=False
Empty query - loading all customers
Stopping scheduler...
Scheduler stopped
Rate limiting not available (slowapi not installed)
Monitoring middleware enabled
HDFS service initialized successfully
======================================================================
Step 1: Auto-starting Docker services...
======================================================================
======================================================================
Step 2: Bootstrapping ML models...
======================================================================
Multi-target model bootstrap complete: {'cash_in_next_day': {'status': 'loaded', 'model_path': 'C:\\temp\\bankTradingManagement-master\\bankTradingManagement-master\\BACKEND\\models\\cash_in_next_day\\m5p_cash_in_next_day.pkl'}, 'cash_out_next_day': {'status': 'loaded', 'model_path': 'C:\\temp\\bankTradingManagement-master\\bankTradingManagement-master\\BACKEND\\models\\cash_out_next_day\\m5p_cash_out_next_day.pkl'}, 'cash_in_h7': {'status': 'loaded', 'model_path': 'C:\\temp\\bankTradingManagement-master\\bankTradingManagement-master\\BACKEND\\models\\cash_in_h7\\m5p_cash_in_h7.pkl'}, 'cash_out_h7': {'status': 'loaded', 'model_path': 'C:\\temp\\bankTradingManagement-master\\bankTradingManagement-master\\BACKEND\\models\\cash_out_h7\\m5p_cash_out_h7.pkl'}, 'cash_in_next_month': {'status': 'loaded', 'model_path': 'C:\\temp\\bankTradingManagement-master\\bankTradingManagement-master\\BACKEND\\models\\cash_in_next_month\\m5p_cash_in_next_month.pkl'}, 'cash_out_next_month': {'status': 'loaded', 'model_path': 'C:\\temp\\bankTradingManagement-master\\bankTradingManagement-master\\BACKEND\\models\\cash_out_next_month\\m5p_cash_out_next_month.pkl'}}
Starting daily aggregation scheduler...
Scheduler started - will run at 0:00 AM daily
P2P Transaction Service initialized
Search customers: query='', search_type='all', cassandra_available=False
Empty query - loading all customers
Search customers: query='', search_type='all', cassandra_available=False
Empty query - loading all customers
Search customers: query='', search_type='all', cassandra_available=False
Empty query - loading all customers
Stopping scheduler...
Scheduler stopped
Rate limiting not available (slowapi not installed)
Monitoring middleware enabled
HDFS service initialized successfully
======================================================================
Step 1: Auto-starting Docker services...
======================================================================
======================================================================
Step 2: Bootstrapping ML models...
======================================================================
Multi-target model bootstrap complete: {'cash_in_next_day': {'status': 'loaded', 'model_path': 'C:\\temp\\bankTradingManagement-master\\bankTradingManagement-master\\BACKEND\\models\\cash_in_next_day\\m5p_cash_in_next_day.pkl'}, 'cash_out_next_day': {'status': 'loaded', 'model_path': 'C:\\temp\\bankTradingManagement-master\\bankTradingManagement-master\\BACKEND\\models\\cash_out_next_day\\m5p_cash_out_next_day.pkl'}, 'cash_in_h7': {'status': 'loaded', 'model_path': 'C:\\temp\\bankTradingManagement-master\\bankTradingManagement-master\\BACKEND\\models\\cash_in_h7\\m5p_cash_in_h7.pkl'}, 'cash_out_h7': {'status': 'loaded', 'model_path': 'C:\\temp\\bankTradingManagement-master\\bankTradingManagement-master\\BACKEND\\models\\cash_out_h7\\m5p_cash_out_h7.pkl'}, 'cash_in_next_month': {'status': 'loaded', 'model_path': 'C:\\temp\\bankTradingManagement-master\\bankTradingManagement-master\\BACKEND\\models\\cash_in_next_month\\m5p_cash_in_next_month.pkl'}, 'cash_out_next_month': {'status': 'loaded', 'model_path': 'C:\\temp\\bankTradingManagement-master\\bankTradingManagement-master\\BACKEND\\models\\cash_out_next_month\\m5p_cash_out_next_month.pkl'}}
Starting daily aggregation scheduler...
Scheduler started - will run at 0:00 AM daily
P2P Transaction Service initialized
Failed to fetch dashboard stats from Cassandra
Traceback (most recent call last):
  File "C:\temp\bankTradingManagement-master\bankTradingManagement-master\BACKEND\app\app.py", line 2563, in _get_dashboard_stats_impl
    all_accounts = cassandra_service.list_all_accounts(limit=10000)
                   ^^^^^^^^^^^^^^^^^^^^^^^^^^^^^^^^^^^
AttributeError: 'CassandraService' object has no attribute 'list_all_accounts'
Failed to log API call to Cassandra.
Traceback (most recent call last):
  File "C:\temp\bankTradingManagement-master\bankTradingManagement-master\BACKEND\app\app.py", line 261, in cassandra_audit_middleware
    cassandra_service.log_api_call(
  File "C:\temp\bankTradingManagement-master\bankTradingManagement-master\BACKEND\app\cassandra_service.py", line 204, in log_api_call
    self.audit.log_api_call(
  File "C:\temp\bankTradingManagement-master\bankTradingManagement-master\BACKEND\app\CassandraServices\audit.py", line 49, in log_api_call
    self.prepare()
  File "C:\temp\bankTradingManagement-master\bankTradingManagement-master\BACKEND\app\CassandraServices\audit.py", line 27, in prepare
    self._prepared["insert_audit"] = session.prepare(
                                     ^^^^^^^^^^^^^^^^
  File "cassandra\cluster.py", line 3131, in cassandra.cluster.Session.prepare
  File "cassandra\cluster.py", line 3128, in cassandra.cluster.Session.prepare
  File "cassandra\cluster.py", line 4956, in cassandra.cluster.ResponseFuture.result
cassandra.InvalidRequest: Error from server: code=2200 [Invalid query] message="Undefined column name day in table pldt_audit.api_calls"
Failed to log API call to Cassandra.
Traceback (most recent call last):
  File "C:\temp\bankTradingManagement-master\bankTradingManagement-master\BACKEND\app\app.py", line 261, in cassandra_audit_middleware
    cassandra_service.log_api_call(
  File "C:\temp\bankTradingManagement-master\bankTradingManagement-master\BACKEND\app\cassandra_service.py", line 204, in log_api_call
    self.audit.log_api_call(
  File "C:\temp\bankTradingManagement-master\bankTradingManagement-master\BACKEND\app\CassandraServices\audit.py", line 49, in log_api_call
    self.prepare()
  File "C:\temp\bankTradingManagement-master\bankTradingManagement-master\BACKEND\app\CassandraServices\audit.py", line 27, in prepare
    self._prepared["insert_audit"] = session.prepare(
                                     ^^^^^^^^^^^^^^^^
  File "cassandra\cluster.py", line 3131, in cassandra.cluster.Session.prepare
  File "cassandra\cluster.py", line 3128, in cassandra.cluster.Session.prepare
  File "cassandra\cluster.py", line 4956, in cassandra.cluster.ResponseFuture.result
cassandra.InvalidRequest: Error from server: code=2200 [Invalid query] message="Undefined column name day in table pldt_audit.api_calls"
Failed to log API call to Cassandra.
Traceback (most recent call last):
  File "C:\temp\bankTradingManagement-master\bankTradingManagement-master\BACKEND\app\app.py", line 261, in cassandra_audit_middleware
    cassandra_service.log_api_call(
  File "C:\temp\bankTradingManagement-master\bankTradingManagement-master\BACKEND\app\cassandra_service.py", line 204, in log_api_call
    self.audit.log_api_call(
  File "C:\temp\bankTradingManagement-master\bankTradingManagement-master\BACKEND\app\CassandraServices\audit.py", line 49, in log_api_call
    self.prepare()
  File "C:\temp\bankTradingManagement-master\bankTradingManagement-master\BACKEND\app\CassandraServices\audit.py", line 27, in prepare
    self._prepared["insert_audit"] = session.prepare(
                                     ^^^^^^^^^^^^^^^^
  File "cassandra\cluster.py", line 3131, in cassandra.cluster.Session.prepare
  File "cassandra\cluster.py", line 3128, in cassandra.cluster.Session.prepare
  File "cassandra\cluster.py", line 4956, in cassandra.cluster.ResponseFuture.result
cassandra.InvalidRequest: Error from server: code=2200 [Invalid query] message="Undefined column name day in table pldt_audit.api_calls"
Failed to log API call to Cassandra.
Traceback (most recent call last):
  File "C:\temp\bankTradingManagement-master\bankTradingManagement-master\BACKEND\app\app.py", line 261, in cassandra_audit_middleware
    cassandra_service.log_api_call(
  File "C:\temp\bankTradingManagement-master\bankTradingManagement-master\BACKEND\app\cassandra_service.py", line 204, in log_api_call
    self.audit.log_api_call(
  File "C:\temp\bankTradingManagement-master\bankTradingManagement-master\BACKEND\app\CassandraServices\audit.py", line 49, in log_api_call
    self.prepare()
  File "C:\temp\bankTradingManagement-master\bankTradingManagement-master\BACKEND\app\CassandraServices\audit.py", line 27, in prepare
    self._prepared["insert_audit"] = session.prepare(
                                     ^^^^^^^^^^^^^^^^
  File "cassandra\cluster.py", line 3131, in cassandra.cluster.Session.prepare
  File "cassandra\cluster.py", line 3128, in cassandra.cluster.Session.prepare
  File "cassandra\cluster.py", line 4956, in cassandra.cluster.ResponseFuture.result
cassandra.InvalidRequest: Error from server: code=2200 [Invalid query] message="Undefined column name day in table pldt_audit.api_calls"
Failed to fetch dashboard stats from Cassandra
Traceback (most recent call last):
  File "C:\temp\bankTradingManagement-master\bankTradingManagement-master\BACKEND\app\app.py", line 2563, in _get_dashboard_stats_impl
    all_accounts = cassandra_service.list_all_accounts(limit=10000)
                   ^^^^^^^^^^^^^^^^^^^^^^^^^^^^^^^^^^^
AttributeError: 'CassandraService' object has no attribute 'list_all_accounts'
Failed to log API call to Cassandra.
Traceback (most recent call last):
  File "C:\temp\bankTradingManagement-master\bankTradingManagement-master\BACKEND\app\app.py", line 261, in cassandra_audit_middleware
    cassandra_service.log_api_call(
  File "C:\temp\bankTradingManagement-master\bankTradingManagement-master\BACKEND\app\cassandra_service.py", line 204, in log_api_call
    self.audit.log_api_call(
  File "C:\temp\bankTradingManagement-master\bankTradingManagement-master\BACKEND\app\CassandraServices\audit.py", line 49, in log_api_call
    self.prepare()
  File "C:\temp\bankTradingManagement-master\bankTradingManagement-master\BACKEND\app\CassandraServices\audit.py", line 27, in prepare
    self._prepared["insert_audit"] = session.prepare(
                                     ^^^^^^^^^^^^^^^^
  File "cassandra\cluster.py", line 3131, in cassandra.cluster.Session.prepare
  File "cassandra\cluster.py", line 3128, in cassandra.cluster.Session.prepare
  File "cassandra\cluster.py", line 4956, in cassandra.cluster.ResponseFuture.result
cassandra.InvalidRequest: Error from server: code=2200 [Invalid query] message="Undefined column name day in table pldt_audit.api_calls"
Failed to log API call to Cassandra.
Traceback (most recent call last):
  File "C:\temp\bankTradingManagement-master\bankTradingManagement-master\BACKEND\app\app.py", line 261, in cassandra_audit_middleware
    cassandra_service.log_api_call(
  File "C:\temp\bankTradingManagement-master\bankTradingManagement-master\BACKEND\app\cassandra_service.py", line 204, in log_api_call
    self.audit.log_api_call(
  File "C:\temp\bankTradingManagement-master\bankTradingManagement-master\BACKEND\app\CassandraServices\audit.py", line 49, in log_api_call
    self.prepare()
  File "C:\temp\bankTradingManagement-master\bankTradingManagement-master\BACKEND\app\CassandraServices\audit.py", line 27, in prepare
    self._prepared["insert_audit"] = session.prepare(
                                     ^^^^^^^^^^^^^^^^
  File "cassandra\cluster.py", line 3131, in cassandra.cluster.Session.prepare
  File "cassandra\cluster.py", line 3128, in cassandra.cluster.Session.prepare
  File "cassandra\cluster.py", line 4956, in cassandra.cluster.ResponseFuture.result
cassandra.InvalidRequest: Error from server: code=2200 [Invalid query] message="Undefined column name day in table pldt_audit.api_calls"
Failed to fetch all transactions from Cassandra; using memory store.
Traceback (most recent call last):
  File "C:\temp\bankTradingManagement-master\bankTradingManagement-master\BACKEND\app\app.py", line 2099, in list_transactions_all
    items = cassandra_service.list_all_transactions(limit)
            ^^^^^^^^^^^^^^^^^^^^^^^^^^^^^^^^^^^^^^^^^^^^^^
  File "C:\temp\bankTradingManagement-master\bankTradingManagement-master\BACKEND\app\cassandra_service.py", line 129, in list_all_transactions
    return self.transactions.list_all_transactions(limit)
           ^^^^^^^^^^^^^^^^^^^^^^^^^^^^^^^^^^^^^^^^^^^^^^
  File "C:\temp\bankTradingManagement-master\bankTradingManagement-master\BACKEND\app\CassandraServices\transactions.py", line 313, in list_all_transactions
    rows = session.execute(statement)
           ^^^^^^^^^^^^^^^^^^^^^^^^^^
  File "cassandra\cluster.py", line 2677, in cassandra.cluster.Session.execute
  File "cassandra\cluster.py", line 4956, in cassandra.cluster.ResponseFuture.result
cassandra.InvalidRequest: Error from server: code=2200 [Invalid query] message="Undefined column name event_date in table pldt_rt.tx_by_account_day"
Failed to log API call to Cassandra.
Traceback (most recent call last):
  File "C:\temp\bankTradingManagement-master\bankTradingManagement-master\BACKEND\app\app.py", line 261, in cassandra_audit_middleware
    cassandra_service.log_api_call(
  File "C:\temp\bankTradingManagement-master\bankTradingManagement-master\BACKEND\app\cassandra_service.py", line 204, in log_api_call
    self.audit.log_api_call(
  File "C:\temp\bankTradingManagement-master\bankTradingManagement-master\BACKEND\app\CassandraServices\audit.py", line 49, in log_api_call
    self.prepare()
  File "C:\temp\bankTradingManagement-master\bankTradingManagement-master\BACKEND\app\CassandraServices\audit.py", line 27, in prepare
    self._prepared["insert_audit"] = session.prepare(
                                     ^^^^^^^^^^^^^^^^
  File "cassandra\cluster.py", line 3131, in cassandra.cluster.Session.prepare
  File "cassandra\cluster.py", line 3128, in cassandra.cluster.Session.prepare
  File "cassandra\cluster.py", line 4956, in cassandra.cluster.ResponseFuture.result
cassandra.InvalidRequest: Error from server: code=2200 [Invalid query] message="Undefined column name day in table pldt_audit.api_calls"
Failed to log API call to Cassandra.
Traceback (most recent call last):
  File "C:\temp\bankTradingManagement-master\bankTradingManagement-master\BACKEND\app\app.py", line 261, in cassandra_audit_middleware
    cassandra_service.log_api_call(
  File "C:\temp\bankTradingManagement-master\bankTradingManagement-master\BACKEND\app\cassandra_service.py", line 204, in log_api_call
    self.audit.log_api_call(
  File "C:\temp\bankTradingManagement-master\bankTradingManagement-master\BACKEND\app\CassandraServices\audit.py", line 49, in log_api_call
    self.prepare()
  File "C:\temp\bankTradingManagement-master\bankTradingManagement-master\BACKEND\app\CassandraServices\audit.py", line 27, in prepare
    self._prepared["insert_audit"] = session.prepare(
                                     ^^^^^^^^^^^^^^^^
  File "cassandra\cluster.py", line 3131, in cassandra.cluster.Session.prepare
  File "cassandra\cluster.py", line 3128, in cassandra.cluster.Session.prepare
  File "cassandra\cluster.py", line 4956, in cassandra.cluster.ResponseFuture.result
cassandra.InvalidRequest: Error from server: code=2200 [Invalid query] message="Undefined column name day in table pldt_audit.api_calls"
Search customers: query='', search_type='all', cassandra_available=True
Empty query - loading all customers
Failed to load all from Cassandra: Error from server: code=2200 [Invalid query] message="Undefined column name currency in table pldt_rt.accounts_by_id"
Failed to log API call to Cassandra.
Traceback (most recent call last):
  File "C:\temp\bankTradingManagement-master\bankTradingManagement-master\BACKEND\app\app.py", line 261, in cassandra_audit_middleware
    cassandra_service.log_api_call(
  File "C:\temp\bankTradingManagement-master\bankTradingManagement-master\BACKEND\app\cassandra_service.py", line 204, in log_api_call
    self.audit.log_api_call(
  File "C:\temp\bankTradingManagement-master\bankTradingManagement-master\BACKEND\app\CassandraServices\audit.py", line 49, in log_api_call
    self.prepare()
  File "C:\temp\bankTradingManagement-master\bankTradingManagement-master\BACKEND\app\CassandraServices\audit.py", line 27, in prepare
    self._prepared["insert_audit"] = session.prepare(
                                     ^^^^^^^^^^^^^^^^
  File "cassandra\cluster.py", line 3131, in cassandra.cluster.Session.prepare
  File "cassandra\cluster.py", line 3128, in cassandra.cluster.Session.prepare
  File "cassandra\cluster.py", line 4956, in cassandra.cluster.ResponseFuture.result
cassandra.InvalidRequest: Error from server: code=2200 [Invalid query] message="Undefined column name day in table pldt_audit.api_calls"
Failed to log API call to Cassandra.
Traceback (most recent call last):
  File "C:\temp\bankTradingManagement-master\bankTradingManagement-master\BACKEND\app\app.py", line 261, in cassandra_audit_middleware
    cassandra_service.log_api_call(
  File "C:\temp\bankTradingManagement-master\bankTradingManagement-master\BACKEND\app\cassandra_service.py", line 204, in log_api_call
    self.audit.log_api_call(
  File "C:\temp\bankTradingManagement-master\bankTradingManagement-master\BACKEND\app\CassandraServices\audit.py", line 49, in log_api_call
    self.prepare()
  File "C:\temp\bankTradingManagement-master\bankTradingManagement-master\BACKEND\app\CassandraServices\audit.py", line 27, in prepare
    self._prepared["insert_audit"] = session.prepare(
                                     ^^^^^^^^^^^^^^^^
  File "cassandra\cluster.py", line 3131, in cassandra.cluster.Session.prepare
  File "cassandra\cluster.py", line 3128, in cassandra.cluster.Session.prepare
  File "cassandra\cluster.py", line 4956, in cassandra.cluster.ResponseFuture.result
cassandra.InvalidRequest: Error from server: code=2200 [Invalid query] message="Undefined column name day in table pldt_audit.api_calls"
Failed to log API call to Cassandra.
Traceback (most recent call last):
  File "C:\temp\bankTradingManagement-master\bankTradingManagement-master\BACKEND\app\app.py", line 261, in cassandra_audit_middleware
    cassandra_service.log_api_call(
  File "C:\temp\bankTradingManagement-master\bankTradingManagement-master\BACKEND\app\cassandra_service.py", line 204, in log_api_call
    self.audit.log_api_call(
  File "C:\temp\bankTradingManagement-master\bankTradingManagement-master\BACKEND\app\CassandraServices\audit.py", line 49, in log_api_call
    self.prepare()
  File "C:\temp\bankTradingManagement-master\bankTradingManagement-master\BACKEND\app\CassandraServices\audit.py", line 27, in prepare
    self._prepared["insert_audit"] = session.prepare(
                                     ^^^^^^^^^^^^^^^^
  File "cassandra\cluster.py", line 3131, in cassandra.cluster.Session.prepare
  File "cassandra\cluster.py", line 3128, in cassandra.cluster.Session.prepare
  File "cassandra\cluster.py", line 4956, in cassandra.cluster.ResponseFuture.result
cassandra.InvalidRequest: Error from server: code=2200 [Invalid query] message="Undefined column name day in table pldt_audit.api_calls"
Failed to log API call to Cassandra.
Traceback (most recent call last):
  File "C:\temp\bankTradingManagement-master\bankTradingManagement-master\BACKEND\app\app.py", line 261, in cassandra_audit_middleware
    cassandra_service.log_api_call(
  File "C:\temp\bankTradingManagement-master\bankTradingManagement-master\BACKEND\app\cassandra_service.py", line 204, in log_api_call
    self.audit.log_api_call(
  File "C:\temp\bankTradingManagement-master\bankTradingManagement-master\BACKEND\app\CassandraServices\audit.py", line 49, in log_api_call
    self.prepare()
  File "C:\temp\bankTradingManagement-master\bankTradingManagement-master\BACKEND\app\CassandraServices\audit.py", line 27, in prepare
    self._prepared["insert_audit"] = session.prepare(
                                     ^^^^^^^^^^^^^^^^
  File "cassandra\cluster.py", line 3131, in cassandra.cluster.Session.prepare
  File "cassandra\cluster.py", line 3128, in cassandra.cluster.Session.prepare
  File "cassandra\cluster.py", line 4956, in cassandra.cluster.ResponseFuture.result
cassandra.InvalidRequest: Error from server: code=2200 [Invalid query] message="Undefined column name day in table pldt_audit.api_calls"
Error getting HDFS directory size /banktrading
Traceback (most recent call last):
  File "C:\temp\bankTradingManagement-master\bankTradingManagement-master\BACKEND\app\app.py", line 3665, in hdfs_directory_size
    result = hdfs_service.get_directory_size(path)
             ^^^^^^^^^^^^^^^^^^^^^^^^^^^^^^^^^^^^^
  File "C:\temp\bankTradingManagement-master\bankTradingManagement-master\BACKEND\app\hdfs_service.py", line 539, in get_directory_size
    response.raise_for_status()
  File "C:\Users\Per chan\AppData\Local\Programs\Python\Python311\Lib\site-packages\requests\models.py", line 1026, in raise_for_status
    raise HTTPError(http_error_msg, response=self)
requests.exceptions.HTTPError: 404 Client Error: Not Found for url: http://localhost:9870/webhdfs/v1/banktrading?op=GETCONTENTSUMMARY
Failed to log API call to Cassandra.
Traceback (most recent call last):
  File "C:\temp\bankTradingManagement-master\bankTradingManagement-master\BACKEND\app\app.py", line 261, in cassandra_audit_middleware
    cassandra_service.log_api_call(
  File "C:\temp\bankTradingManagement-master\bankTradingManagement-master\BACKEND\app\cassandra_service.py", line 204, in log_api_call
    self.audit.log_api_call(
  File "C:\temp\bankTradingManagement-master\bankTradingManagement-master\BACKEND\app\CassandraServices\audit.py", line 49, in log_api_call
    self.prepare()
  File "C:\temp\bankTradingManagement-master\bankTradingManagement-master\BACKEND\app\CassandraServices\audit.py", line 27, in prepare
    self._prepared["insert_audit"] = session.prepare(
                                     ^^^^^^^^^^^^^^^^
  File "cassandra\cluster.py", line 3131, in cassandra.cluster.Session.prepare
  File "cassandra\cluster.py", line 3128, in cassandra.cluster.Session.prepare
  File "cassandra\cluster.py", line 4956, in cassandra.cluster.ResponseFuture.result
cassandra.InvalidRequest: Error from server: code=2200 [Invalid query] message="Undefined column name day in table pldt_audit.api_calls"
Error getting HDFS directory size /banktrading
Traceback (most recent call last):
  File "C:\temp\bankTradingManagement-master\bankTradingManagement-master\BACKEND\app\app.py", line 3665, in hdfs_directory_size
    result = hdfs_service.get_directory_size(path)
             ^^^^^^^^^^^^^^^^^^^^^^^^^^^^^^^^^^^^^
  File "C:\temp\bankTradingManagement-master\bankTradingManagement-master\BACKEND\app\hdfs_service.py", line 539, in get_directory_size
    response.raise_for_status()
  File "C:\Users\Per chan\AppData\Local\Programs\Python\Python311\Lib\site-packages\requests\models.py", line 1026, in raise_for_status
    raise HTTPError(http_error_msg, response=self)
requests.exceptions.HTTPError: 404 Client Error: Not Found for url: http://localhost:9870/webhdfs/v1/banktrading?op=GETCONTENTSUMMARY
Failed to log API call to Cassandra.
Traceback (most recent call last):
  File "C:\temp\bankTradingManagement-master\bankTradingManagement-master\BACKEND\app\app.py", line 261, in cassandra_audit_middleware
    cassandra_service.log_api_call(
  File "C:\temp\bankTradingManagement-master\bankTradingManagement-master\BACKEND\app\cassandra_service.py", line 204, in log_api_call
    self.audit.log_api_call(
  File "C:\temp\bankTradingManagement-master\bankTradingManagement-master\BACKEND\app\CassandraServices\audit.py", line 49, in log_api_call
    self.prepare()
  File "C:\temp\bankTradingManagement-master\bankTradingManagement-master\BACKEND\app\CassandraServices\audit.py", line 27, in prepare
    self._prepared["insert_audit"] = session.prepare(
                                     ^^^^^^^^^^^^^^^^
  File "cassandra\cluster.py", line 3131, in cassandra.cluster.Session.prepare
  File "cassandra\cluster.py", line 3128, in cassandra.cluster.Session.prepare
  File "cassandra\cluster.py", line 4956, in cassandra.cluster.ResponseFuture.result
cassandra.InvalidRequest: Error from server: code=2200 [Invalid query] message="Undefined column name day in table pldt_audit.api_calls"
Error getting HDFS directory size /banktrading
Traceback (most recent call last):
  File "C:\temp\bankTradingManagement-master\bankTradingManagement-master\BACKEND\app\app.py", line 3665, in hdfs_directory_size
    result = hdfs_service.get_directory_size(path)
             ^^^^^^^^^^^^^^^^^^^^^^^^^^^^^^^^^^^^^
  File "C:\temp\bankTradingManagement-master\bankTradingManagement-master\BACKEND\app\hdfs_service.py", line 539, in get_directory_size
    response.raise_for_status()
  File "C:\Users\Per chan\AppData\Local\Programs\Python\Python311\Lib\site-packages\requests\models.py", line 1026, in raise_for_status
    raise HTTPError(http_error_msg, response=self)
requests.exceptions.HTTPError: 404 Client Error: Not Found for url: http://localhost:9870/webhdfs/v1/banktrading?op=GETCONTENTSUMMARY
Failed to log API call to Cassandra.
Traceback (most recent call last):
  File "C:\temp\bankTradingManagement-master\bankTradingManagement-master\BACKEND\app\app.py", line 261, in cassandra_audit_middleware
    cassandra_service.log_api_call(
  File "C:\temp\bankTradingManagement-master\bankTradingManagement-master\BACKEND\app\cassandra_service.py", line 204, in log_api_call
    self.audit.log_api_call(
  File "C:\temp\bankTradingManagement-master\bankTradingManagement-master\BACKEND\app\CassandraServices\audit.py", line 49, in log_api_call
    self.prepare()
  File "C:\temp\bankTradingManagement-master\bankTradingManagement-master\BACKEND\app\CassandraServices\audit.py", line 27, in prepare
    self._prepared["insert_audit"] = session.prepare(
                                     ^^^^^^^^^^^^^^^^
  File "cassandra\cluster.py", line 3131, in cassandra.cluster.Session.prepare
  File "cassandra\cluster.py", line 3128, in cassandra.cluster.Session.prepare
  File "cassandra\cluster.py", line 4956, in cassandra.cluster.ResponseFuture.result
cassandra.InvalidRequest: Error from server: code=2200 [Invalid query] message="Undefined column name day in table pldt_audit.api_calls"
Error getting HDFS directory size /banktrading
Traceback (most recent call last):
  File "C:\temp\bankTradingManagement-master\bankTradingManagement-master\BACKEND\app\app.py", line 3665, in hdfs_directory_size
    result = hdfs_service.get_directory_size(path)
             ^^^^^^^^^^^^^^^^^^^^^^^^^^^^^^^^^^^^^
  File "C:\temp\bankTradingManagement-master\bankTradingManagement-master\BACKEND\app\hdfs_service.py", line 539, in get_directory_size
    response.raise_for_status()
  File "C:\Users\Per chan\AppData\Local\Programs\Python\Python311\Lib\site-packages\requests\models.py", line 1026, in raise_for_status
    raise HTTPError(http_error_msg, response=self)
requests.exceptions.HTTPError: 404 Client Error: Not Found for url: http://localhost:9870/webhdfs/v1/banktrading?op=GETCONTENTSUMMARY
Failed to log API call to Cassandra.
Traceback (most recent call last):
  File "C:\temp\bankTradingManagement-master\bankTradingManagement-master\BACKEND\app\app.py", line 261, in cassandra_audit_middleware
    cassandra_service.log_api_call(
  File "C:\temp\bankTradingManagement-master\bankTradingManagement-master\BACKEND\app\cassandra_service.py", line 204, in log_api_call
    self.audit.log_api_call(
  File "C:\temp\bankTradingManagement-master\bankTradingManagement-master\BACKEND\app\CassandraServices\audit.py", line 49, in log_api_call
    self.prepare()
  File "C:\temp\bankTradingManagement-master\bankTradingManagement-master\BACKEND\app\CassandraServices\audit.py", line 27, in prepare
    self._prepared["insert_audit"] = session.prepare(
                                     ^^^^^^^^^^^^^^^^
  File "cassandra\cluster.py", line 3131, in cassandra.cluster.Session.prepare
  File "cassandra\cluster.py", line 3128, in cassandra.cluster.Session.prepare
  File "cassandra\cluster.py", line 4956, in cassandra.cluster.ResponseFuture.result
cassandra.InvalidRequest: Error from server: code=2200 [Invalid query] message="Undefined column name day in table pldt_audit.api_calls"
Failed to log API call to Cassandra.
Traceback (most recent call last):
  File "C:\temp\bankTradingManagement-master\bankTradingManagement-master\BACKEND\app\app.py", line 261, in cassandra_audit_middleware
    cassandra_service.log_api_call(
  File "C:\temp\bankTradingManagement-master\bankTradingManagement-master\BACKEND\app\cassandra_service.py", line 204, in log_api_call
    self.audit.log_api_call(
  File "C:\temp\bankTradingManagement-master\bankTradingManagement-master\BACKEND\app\CassandraServices\audit.py", line 49, in log_api_call
    self.prepare()
  File "C:\temp\bankTradingManagement-master\bankTradingManagement-master\BACKEND\app\CassandraServices\audit.py", line 27, in prepare
    self._prepared["insert_audit"] = session.prepare(
                                     ^^^^^^^^^^^^^^^^
  File "cassandra\cluster.py", line 3131, in cassandra.cluster.Session.prepare
  File "cassandra\cluster.py", line 3128, in cassandra.cluster.Session.prepare
  File "cassandra\cluster.py", line 4956, in cassandra.cluster.ResponseFuture.result
cassandra.InvalidRequest: Error from server: code=2200 [Invalid query] message="Undefined column name day in table pldt_audit.api_calls"
Error listing HDFS directory /banktrading
Traceback (most recent call last):
  File "C:\temp\bankTradingManagement-master\bankTradingManagement-master\BACKEND\app\app.py", line 3517, in hdfs_list_directory
    files = hdfs_service.list_directory(path)
            ^^^^^^^^^^^^^^^^^^^^^^^^^^^^^^^^^
  File "C:\temp\bankTradingManagement-master\bankTradingManagement-master\BACKEND\app\hdfs_service.py", line 137, in list_directory
    response.raise_for_status()
  File "C:\Users\Per chan\AppData\Local\Programs\Python\Python311\Lib\site-packages\requests\models.py", line 1026, in raise_for_status
    raise HTTPError(http_error_msg, response=self)
requests.exceptions.HTTPError: 404 Client Error: Not Found for url: http://localhost:9870/webhdfs/v1/banktrading?op=LISTSTATUS
Failed to log API call to Cassandra.
Traceback (most recent call last):
  File "C:\temp\bankTradingManagement-master\bankTradingManagement-master\BACKEND\app\app.py", line 261, in cassandra_audit_middleware
    cassandra_service.log_api_call(
  File "C:\temp\bankTradingManagement-master\bankTradingManagement-master\BACKEND\app\cassandra_service.py", line 204, in log_api_call
    self.audit.log_api_call(
  File "C:\temp\bankTradingManagement-master\bankTradingManagement-master\BACKEND\app\CassandraServices\audit.py", line 49, in log_api_call
    self.prepare()
  File "C:\temp\bankTradingManagement-master\bankTradingManagement-master\BACKEND\app\CassandraServices\audit.py", line 27, in prepare
    self._prepared["insert_audit"] = session.prepare(
                                     ^^^^^^^^^^^^^^^^
  File "cassandra\cluster.py", line 3131, in cassandra.cluster.Session.prepare
  File "cassandra\cluster.py", line 3128, in cassandra.cluster.Session.prepare
  File "cassandra\cluster.py", line 4956, in cassandra.cluster.ResponseFuture.result
cassandra.InvalidRequest: Error from server: code=2200 [Invalid query] message="Undefined column name day in table pldt_audit.api_calls"
Error listing HDFS directory /banktrading
Traceback (most recent call last):
  File "C:\temp\bankTradingManagement-master\bankTradingManagement-master\BACKEND\app\app.py", line 3517, in hdfs_list_directory
    files = hdfs_service.list_directory(path)
            ^^^^^^^^^^^^^^^^^^^^^^^^^^^^^^^^^
  File "C:\temp\bankTradingManagement-master\bankTradingManagement-master\BACKEND\app\hdfs_service.py", line 137, in list_directory
    response.raise_for_status()
  File "C:\Users\Per chan\AppData\Local\Programs\Python\Python311\Lib\site-packages\requests\models.py", line 1026, in raise_for_status
    raise HTTPError(http_error_msg, response=self)
requests.exceptions.HTTPError: 404 Client Error: Not Found for url: http://localhost:9870/webhdfs/v1/banktrading?op=LISTSTATUS
Failed to log API call to Cassandra.
Traceback (most recent call last):
  File "C:\temp\bankTradingManagement-master\bankTradingManagement-master\BACKEND\app\app.py", line 261, in cassandra_audit_middleware
    cassandra_service.log_api_call(
  File "C:\temp\bankTradingManagement-master\bankTradingManagement-master\BACKEND\app\cassandra_service.py", line 204, in log_api_call
    self.audit.log_api_call(
  File "C:\temp\bankTradingManagement-master\bankTradingManagement-master\BACKEND\app\CassandraServices\audit.py", line 49, in log_api_call
    self.prepare()
  File "C:\temp\bankTradingManagement-master\bankTradingManagement-master\BACKEND\app\CassandraServices\audit.py", line 27, in prepare
    self._prepared["insert_audit"] = session.prepare(
                                     ^^^^^^^^^^^^^^^^
  File "cassandra\cluster.py", line 3131, in cassandra.cluster.Session.prepare
  File "cassandra\cluster.py", line 3128, in cassandra.cluster.Session.prepare
  File "cassandra\cluster.py", line 4956, in cassandra.cluster.ResponseFuture.result
cassandra.InvalidRequest: Error from server: code=2200 [Invalid query] message="Undefined column name day in table pldt_audit.api_calls"
Error listing HDFS directory /banktrading
Traceback (most recent call last):
  File "C:\temp\bankTradingManagement-master\bankTradingManagement-master\BACKEND\app\app.py", line 3517, in hdfs_list_directory
    files = hdfs_service.list_directory(path)
            ^^^^^^^^^^^^^^^^^^^^^^^^^^^^^^^^^
  File "C:\temp\bankTradingManagement-master\bankTradingManagement-master\BACKEND\app\hdfs_service.py", line 137, in list_directory
    response.raise_for_status()
  File "C:\Users\Per chan\AppData\Local\Programs\Python\Python311\Lib\site-packages\requests\models.py", line 1026, in raise_for_status
    raise HTTPError(http_error_msg, response=self)
requests.exceptions.HTTPError: 404 Client Error: Not Found for url: http://localhost:9870/webhdfs/v1/banktrading?op=LISTSTATUS
Failed to log API call to Cassandra.
Traceback (most recent call last):
  File "C:\temp\bankTradingManagement-master\bankTradingManagement-master\BACKEND\app\app.py", line 261, in cassandra_audit_middleware
    cassandra_service.log_api_call(
  File "C:\temp\bankTradingManagement-master\bankTradingManagement-master\BACKEND\app\cassandra_service.py", line 204, in log_api_call
    self.audit.log_api_call(
  File "C:\temp\bankTradingManagement-master\bankTradingManagement-master\BACKEND\app\CassandraServices\audit.py", line 49, in log_api_call
    self.prepare()
  File "C:\temp\bankTradingManagement-master\bankTradingManagement-master\BACKEND\app\CassandraServices\audit.py", line 27, in prepare
    self._prepared["insert_audit"] = session.prepare(
                                     ^^^^^^^^^^^^^^^^
  File "cassandra\cluster.py", line 3131, in cassandra.cluster.Session.prepare
  File "cassandra\cluster.py", line 3128, in cassandra.cluster.Session.prepare
  File "cassandra\cluster.py", line 4956, in cassandra.cluster.ResponseFuture.result
cassandra.InvalidRequest: Error from server: code=2200 [Invalid query] message="Undefined column name day in table pldt_audit.api_calls"
Failed to log API call to Cassandra.
Traceback (most recent call last):
  File "C:\temp\bankTradingManagement-master\bankTradingManagement-master\BACKEND\app\app.py", line 261, in cassandra_audit_middleware
    cassandra_service.log_api_call(
  File "C:\temp\bankTradingManagement-master\bankTradingManagement-master\BACKEND\app\cassandra_service.py", line 204, in log_api_call
    self.audit.log_api_call(
  File "C:\temp\bankTradingManagement-master\bankTradingManagement-master\BACKEND\app\CassandraServices\audit.py", line 49, in log_api_call
    self.prepare()
  File "C:\temp\bankTradingManagement-master\bankTradingManagement-master\BACKEND\app\CassandraServices\audit.py", line 27, in prepare
    self._prepared["insert_audit"] = session.prepare(
                                     ^^^^^^^^^^^^^^^^
  File "cassandra\cluster.py", line 3131, in cassandra.cluster.Session.prepare
  File "cassandra\cluster.py", line 3128, in cassandra.cluster.Session.prepare
  File "cassandra\cluster.py", line 4956, in cassandra.cluster.ResponseFuture.result
cassandra.InvalidRequest: Error from server: code=2200 [Invalid query] message="Undefined column name day in table pldt_audit.api_calls"
Error listing HDFS directory /banktrading
Traceback (most recent call last):
  File "C:\temp\bankTradingManagement-master\bankTradingManagement-master\BACKEND\app\app.py", line 3517, in hdfs_list_directory
    files = hdfs_service.list_directory(path)
            ^^^^^^^^^^^^^^^^^^^^^^^^^^^^^^^^^
  File "C:\temp\bankTradingManagement-master\bankTradingManagement-master\BACKEND\app\hdfs_service.py", line 137, in list_directory
    response.raise_for_status()
  File "C:\Users\Per chan\AppData\Local\Programs\Python\Python311\Lib\site-packages\requests\models.py", line 1026, in raise_for_status
    raise HTTPError(http_error_msg, response=self)
requests.exceptions.HTTPError: 404 Client Error: Not Found for url: http://localhost:9870/webhdfs/v1/banktrading?op=LISTSTATUS
Failed to log API call to Cassandra.
Traceback (most recent call last):
  File "C:\temp\bankTradingManagement-master\bankTradingManagement-master\BACKEND\app\app.py", line 261, in cassandra_audit_middleware
    cassandra_service.log_api_call(
  File "C:\temp\bankTradingManagement-master\bankTradingManagement-master\BACKEND\app\cassandra_service.py", line 204, in log_api_call
    self.audit.log_api_call(
  File "C:\temp\bankTradingManagement-master\bankTradingManagement-master\BACKEND\app\CassandraServices\audit.py", line 49, in log_api_call
    self.prepare()
  File "C:\temp\bankTradingManagement-master\bankTradingManagement-master\BACKEND\app\CassandraServices\audit.py", line 27, in prepare
    self._prepared["insert_audit"] = session.prepare(
                                     ^^^^^^^^^^^^^^^^
  File "cassandra\cluster.py", line 3131, in cassandra.cluster.Session.prepare
  File "cassandra\cluster.py", line 3128, in cassandra.cluster.Session.prepare
  File "cassandra\cluster.py", line 4956, in cassandra.cluster.ResponseFuture.result
cassandra.InvalidRequest: Error from server: code=2200 [Invalid query] message="Undefined column name day in table pldt_audit.api_calls"
Failed to log API call to Cassandra.
Traceback (most recent call last):
  File "C:\temp\bankTradingManagement-master\bankTradingManagement-master\BACKEND\app\app.py", line 261, in cassandra_audit_middleware
    cassandra_service.log_api_call(
  File "C:\temp\bankTradingManagement-master\bankTradingManagement-master\BACKEND\app\cassandra_service.py", line 204, in log_api_call
    self.audit.log_api_call(
  File "C:\temp\bankTradingManagement-master\bankTradingManagement-master\BACKEND\app\CassandraServices\audit.py", line 49, in log_api_call
    self.prepare()
  File "C:\temp\bankTradingManagement-master\bankTradingManagement-master\BACKEND\app\CassandraServices\audit.py", line 27, in prepare
    self._prepared["insert_audit"] = session.prepare(
                                     ^^^^^^^^^^^^^^^^
  File "cassandra\cluster.py", line 3131, in cassandra.cluster.Session.prepare
  File "cassandra\cluster.py", line 3128, in cassandra.cluster.Session.prepare
  File "cassandra\cluster.py", line 4956, in cassandra.cluster.ResponseFuture.result
cassandra.InvalidRequest: Error from server: code=2200 [Invalid query] message="Undefined column name day in table pldt_audit.api_calls"
Failed to log API call to Cassandra.
Traceback (most recent call last):
  File "C:\temp\bankTradingManagement-master\bankTradingManagement-master\BACKEND\app\app.py", line 261, in cassandra_audit_middleware
    cassandra_service.log_api_call(
  File "C:\temp\bankTradingManagement-master\bankTradingManagement-master\BACKEND\app\cassandra_service.py", line 204, in log_api_call
    self.audit.log_api_call(
  File "C:\temp\bankTradingManagement-master\bankTradingManagement-master\BACKEND\app\CassandraServices\audit.py", line 49, in log_api_call
    self.prepare()
  File "C:\temp\bankTradingManagement-master\bankTradingManagement-master\BACKEND\app\CassandraServices\audit.py", line 27, in prepare
    self._prepared["insert_audit"] = session.prepare(
                                     ^^^^^^^^^^^^^^^^
  File "cassandra\cluster.py", line 3131, in cassandra.cluster.Session.prepare
  File "cassandra\cluster.py", line 3128, in cassandra.cluster.Session.prepare
  File "cassandra\cluster.py", line 4956, in cassandra.cluster.ResponseFuture.result
cassandra.InvalidRequest: Error from server: code=2200 [Invalid query] message="Undefined column name day in table pldt_audit.api_calls"
Error getting HDFS directory size /banktrading
Traceback (most recent call last):
  File "C:\temp\bankTradingManagement-master\bankTradingManagement-master\BACKEND\app\app.py", line 3665, in hdfs_directory_size
    result = hdfs_service.get_directory_size(path)
             ^^^^^^^^^^^^^^^^^^^^^^^^^^^^^^^^^^^^^
  File "C:\temp\bankTradingManagement-master\bankTradingManagement-master\BACKEND\app\hdfs_service.py", line 539, in get_directory_size
    response.raise_for_status()
  File "C:\Users\Per chan\AppData\Local\Programs\Python\Python311\Lib\site-packages\requests\models.py", line 1026, in raise_for_status
    raise HTTPError(http_error_msg, response=self)
requests.exceptions.HTTPError: 404 Client Error: Not Found for url: http://localhost:9870/webhdfs/v1/banktrading?op=GETCONTENTSUMMARY
Failed to log API call to Cassandra.
Traceback (most recent call last):
  File "C:\temp\bankTradingManagement-master\bankTradingManagement-master\BACKEND\app\app.py", line 261, in cassandra_audit_middleware
    cassandra_service.log_api_call(
  File "C:\temp\bankTradingManagement-master\bankTradingManagement-master\BACKEND\app\cassandra_service.py", line 204, in log_api_call
    self.audit.log_api_call(
  File "C:\temp\bankTradingManagement-master\bankTradingManagement-master\BACKEND\app\CassandraServices\audit.py", line 49, in log_api_call
    self.prepare()
  File "C:\temp\bankTradingManagement-master\bankTradingManagement-master\BACKEND\app\CassandraServices\audit.py", line 27, in prepare
    self._prepared["insert_audit"] = session.prepare(
                                     ^^^^^^^^^^^^^^^^
  File "cassandra\cluster.py", line 3131, in cassandra.cluster.Session.prepare
  File "cassandra\cluster.py", line 3128, in cassandra.cluster.Session.prepare
  File "cassandra\cluster.py", line 4956, in cassandra.cluster.ResponseFuture.result
cassandra.InvalidRequest: Error from server: code=2200 [Invalid query] message="Undefined column name day in table pldt_audit.api_calls"
Error getting HDFS directory size /banktrading
Traceback (most recent call last):
  File "C:\temp\bankTradingManagement-master\bankTradingManagement-master\BACKEND\app\app.py", line 3665, in hdfs_directory_size
    result = hdfs_service.get_directory_size(path)
             ^^^^^^^^^^^^^^^^^^^^^^^^^^^^^^^^^^^^^
  File "C:\temp\bankTradingManagement-master\bankTradingManagement-master\BACKEND\app\hdfs_service.py", line 539, in get_directory_size
    response.raise_for_status()
  File "C:\Users\Per chan\AppData\Local\Programs\Python\Python311\Lib\site-packages\requests\models.py", line 1026, in raise_for_status
    raise HTTPError(http_error_msg, response=self)
requests.exceptions.HTTPError: 404 Client Error: Not Found for url: http://localhost:9870/webhdfs/v1/banktrading?op=GETCONTENTSUMMARY
Failed to log API call to Cassandra.
Traceback (most recent call last):
  File "C:\temp\bankTradingManagement-master\bankTradingManagement-master\BACKEND\app\app.py", line 261, in cassandra_audit_middleware
    cassandra_service.log_api_call(
  File "C:\temp\bankTradingManagement-master\bankTradingManagement-master\BACKEND\app\cassandra_service.py", line 204, in log_api_call
    self.audit.log_api_call(
  File "C:\temp\bankTradingManagement-master\bankTradingManagement-master\BACKEND\app\CassandraServices\audit.py", line 49, in log_api_call
    self.prepare()
  File "C:\temp\bankTradingManagement-master\bankTradingManagement-master\BACKEND\app\CassandraServices\audit.py", line 27, in prepare
    self._prepared["insert_audit"] = session.prepare(
                                     ^^^^^^^^^^^^^^^^
  File "cassandra\cluster.py", line 3131, in cassandra.cluster.Session.prepare
  File "cassandra\cluster.py", line 3128, in cassandra.cluster.Session.prepare
  File "cassandra\cluster.py", line 4956, in cassandra.cluster.ResponseFuture.result
cassandra.InvalidRequest: Error from server: code=2200 [Invalid query] message="Undefined column name day in table pldt_audit.api_calls"
Error getting HDFS directory size /banktrading
Traceback (most recent call last):
  File "C:\temp\bankTradingManagement-master\bankTradingManagement-master\BACKEND\app\app.py", line 3665, in hdfs_directory_size
    result = hdfs_service.get_directory_size(path)
             ^^^^^^^^^^^^^^^^^^^^^^^^^^^^^^^^^^^^^
  File "C:\temp\bankTradingManagement-master\bankTradingManagement-master\BACKEND\app\hdfs_service.py", line 539, in get_directory_size
    response.raise_for_status()
  File "C:\Users\Per chan\AppData\Local\Programs\Python\Python311\Lib\site-packages\requests\models.py", line 1026, in raise_for_status
    raise HTTPError(http_error_msg, response=self)
requests.exceptions.HTTPError: 404 Client Error: Not Found for url: http://localhost:9870/webhdfs/v1/banktrading?op=GETCONTENTSUMMARY
Failed to log API call to Cassandra.
Traceback (most recent call last):
  File "C:\temp\bankTradingManagement-master\bankTradingManagement-master\BACKEND\app\app.py", line 261, in cassandra_audit_middleware
    cassandra_service.log_api_call(
  File "C:\temp\bankTradingManagement-master\bankTradingManagement-master\BACKEND\app\cassandra_service.py", line 204, in log_api_call
    self.audit.log_api_call(
  File "C:\temp\bankTradingManagement-master\bankTradingManagement-master\BACKEND\app\CassandraServices\audit.py", line 49, in log_api_call
    self.prepare()
  File "C:\temp\bankTradingManagement-master\bankTradingManagement-master\BACKEND\app\CassandraServices\audit.py", line 27, in prepare
    self._prepared["insert_audit"] = session.prepare(
                                     ^^^^^^^^^^^^^^^^
  File "cassandra\cluster.py", line 3131, in cassandra.cluster.Session.prepare
  File "cassandra\cluster.py", line 3128, in cassandra.cluster.Session.prepare
  File "cassandra\cluster.py", line 4956, in cassandra.cluster.ResponseFuture.result
cassandra.InvalidRequest: Error from server: code=2200 [Invalid query] message="Undefined column name day in table pldt_audit.api_calls"
Error getting HDFS directory size /banktrading
Traceback (most recent call last):
  File "C:\temp\bankTradingManagement-master\bankTradingManagement-master\BACKEND\app\app.py", line 3665, in hdfs_directory_size
    result = hdfs_service.get_directory_size(path)
             ^^^^^^^^^^^^^^^^^^^^^^^^^^^^^^^^^^^^^
  File "C:\temp\bankTradingManagement-master\bankTradingManagement-master\BACKEND\app\hdfs_service.py", line 539, in get_directory_size
    response.raise_for_status()
  File "C:\Users\Per chan\AppData\Local\Programs\Python\Python311\Lib\site-packages\requests\models.py", line 1026, in raise_for_status
    raise HTTPError(http_error_msg, response=self)
requests.exceptions.HTTPError: 404 Client Error: Not Found for url: http://localhost:9870/webhdfs/v1/banktrading?op=GETCONTENTSUMMARY
Failed to log API call to Cassandra.
Traceback (most recent call last):
  File "C:\temp\bankTradingManagement-master\bankTradingManagement-master\BACKEND\app\app.py", line 261, in cassandra_audit_middleware
    cassandra_service.log_api_call(
  File "C:\temp\bankTradingManagement-master\bankTradingManagement-master\BACKEND\app\cassandra_service.py", line 204, in log_api_call
    self.audit.log_api_call(
  File "C:\temp\bankTradingManagement-master\bankTradingManagement-master\BACKEND\app\CassandraServices\audit.py", line 49, in log_api_call
    self.prepare()
  File "C:\temp\bankTradingManagement-master\bankTradingManagement-master\BACKEND\app\CassandraServices\audit.py", line 27, in prepare
    self._prepared["insert_audit"] = session.prepare(
                                     ^^^^^^^^^^^^^^^^
  File "cassandra\cluster.py", line 3131, in cassandra.cluster.Session.prepare
  File "cassandra\cluster.py", line 3128, in cassandra.cluster.Session.prepare
  File "cassandra\cluster.py", line 4956, in cassandra.cluster.ResponseFuture.result
cassandra.InvalidRequest: Error from server: code=2200 [Invalid query] message="Undefined column name day in table pldt_audit.api_calls"
Error listing HDFS directory /banktrading
Traceback (most recent call last):
  File "C:\temp\bankTradingManagement-master\bankTradingManagement-master\BACKEND\app\app.py", line 3517, in hdfs_list_directory
    files = hdfs_service.list_directory(path)
            ^^^^^^^^^^^^^^^^^^^^^^^^^^^^^^^^^
  File "C:\temp\bankTradingManagement-master\bankTradingManagement-master\BACKEND\app\hdfs_service.py", line 137, in list_directory
    response.raise_for_status()
  File "C:\Users\Per chan\AppData\Local\Programs\Python\Python311\Lib\site-packages\requests\models.py", line 1026, in raise_for_status
    raise HTTPError(http_error_msg, response=self)
requests.exceptions.HTTPError: 404 Client Error: Not Found for url: http://localhost:9870/webhdfs/v1/banktrading?op=LISTSTATUS
Failed to log API call to Cassandra.
Traceback (most recent call last):
  File "C:\temp\bankTradingManagement-master\bankTradingManagement-master\BACKEND\app\app.py", line 261, in cassandra_audit_middleware
    cassandra_service.log_api_call(
  File "C:\temp\bankTradingManagement-master\bankTradingManagement-master\BACKEND\app\cassandra_service.py", line 204, in log_api_call
    self.audit.log_api_call(
  File "C:\temp\bankTradingManagement-master\bankTradingManagement-master\BACKEND\app\CassandraServices\audit.py", line 49, in log_api_call
    self.prepare()
  File "C:\temp\bankTradingManagement-master\bankTradingManagement-master\BACKEND\app\CassandraServices\audit.py", line 27, in prepare
    self._prepared["insert_audit"] = session.prepare(
                                     ^^^^^^^^^^^^^^^^
  File "cassandra\cluster.py", line 3131, in cassandra.cluster.Session.prepare
  File "cassandra\cluster.py", line 3128, in cassandra.cluster.Session.prepare
  File "cassandra\cluster.py", line 4956, in cassandra.cluster.ResponseFuture.result
cassandra.InvalidRequest: Error from server: code=2200 [Invalid query] message="Undefined column name day in table pldt_audit.api_calls"
Error listing HDFS directory /banktrading
Traceback (most recent call last):
  File "C:\temp\bankTradingManagement-master\bankTradingManagement-master\BACKEND\app\app.py", line 3517, in hdfs_list_directory
    files = hdfs_service.list_directory(path)
            ^^^^^^^^^^^^^^^^^^^^^^^^^^^^^^^^^
  File "C:\temp\bankTradingManagement-master\bankTradingManagement-master\BACKEND\app\hdfs_service.py", line 137, in list_directory
    response.raise_for_status()
  File "C:\Users\Per chan\AppData\Local\Programs\Python\Python311\Lib\site-packages\requests\models.py", line 1026, in raise_for_status
    raise HTTPError(http_error_msg, response=self)
requests.exceptions.HTTPError: 404 Client Error: Not Found for url: http://localhost:9870/webhdfs/v1/banktrading?op=LISTSTATUS
Failed to log API call to Cassandra.
Traceback (most recent call last):
  File "C:\temp\bankTradingManagement-master\bankTradingManagement-master\BACKEND\app\app.py", line 261, in cassandra_audit_middleware
    cassandra_service.log_api_call(
  File "C:\temp\bankTradingManagement-master\bankTradingManagement-master\BACKEND\app\cassandra_service.py", line 204, in log_api_call
    self.audit.log_api_call(
  File "C:\temp\bankTradingManagement-master\bankTradingManagement-master\BACKEND\app\CassandraServices\audit.py", line 49, in log_api_call
    self.prepare()
  File "C:\temp\bankTradingManagement-master\bankTradingManagement-master\BACKEND\app\CassandraServices\audit.py", line 27, in prepare
    self._prepared["insert_audit"] = session.prepare(
                                     ^^^^^^^^^^^^^^^^
  File "cassandra\cluster.py", line 3131, in cassandra.cluster.Session.prepare
  File "cassandra\cluster.py", line 3128, in cassandra.cluster.Session.prepare
  File "cassandra\cluster.py", line 4956, in cassandra.cluster.ResponseFuture.result
cassandra.InvalidRequest: Error from server: code=2200 [Invalid query] message="Undefined column name day in table pldt_audit.api_calls"
Error listing HDFS directory /banktrading
Traceback (most recent call last):
  File "C:\temp\bankTradingManagement-master\bankTradingManagement-master\BACKEND\app\app.py", line 3517, in hdfs_list_directory
    files = hdfs_service.list_directory(path)
            ^^^^^^^^^^^^^^^^^^^^^^^^^^^^^^^^^
  File "C:\temp\bankTradingManagement-master\bankTradingManagement-master\BACKEND\app\hdfs_service.py", line 137, in list_directory
    response.raise_for_status()
  File "C:\Users\Per chan\AppData\Local\Programs\Python\Python311\Lib\site-packages\requests\models.py", line 1026, in raise_for_status
    raise HTTPError(http_error_msg, response=self)
requests.exceptions.HTTPError: 404 Client Error: Not Found for url: http://localhost:9870/webhdfs/v1/banktrading?op=LISTSTATUS
Failed to log API call to Cassandra.
Traceback (most recent call last):
  File "C:\temp\bankTradingManagement-master\bankTradingManagement-master\BACKEND\app\app.py", line 261, in cassandra_audit_middleware
    cassandra_service.log_api_call(
  File "C:\temp\bankTradingManagement-master\bankTradingManagement-master\BACKEND\app\cassandra_service.py", line 204, in log_api_call
    self.audit.log_api_call(
  File "C:\temp\bankTradingManagement-master\bankTradingManagement-master\BACKEND\app\CassandraServices\audit.py", line 49, in log_api_call
    self.prepare()
  File "C:\temp\bankTradingManagement-master\bankTradingManagement-master\BACKEND\app\CassandraServices\audit.py", line 27, in prepare
    self._prepared["insert_audit"] = session.prepare(
                                     ^^^^^^^^^^^^^^^^
  File "cassandra\cluster.py", line 3131, in cassandra.cluster.Session.prepare
  File "cassandra\cluster.py", line 3128, in cassandra.cluster.Session.prepare
  File "cassandra\cluster.py", line 4956, in cassandra.cluster.ResponseFuture.result
cassandra.InvalidRequest: Error from server: code=2200 [Invalid query] message="Undefined column name day in table pldt_audit.api_calls"
Failed to log API call to Cassandra.
Traceback (most recent call last):
  File "C:\temp\bankTradingManagement-master\bankTradingManagement-master\BACKEND\app\app.py", line 261, in cassandra_audit_middleware
    cassandra_service.log_api_call(
  File "C:\temp\bankTradingManagement-master\bankTradingManagement-master\BACKEND\app\cassandra_service.py", line 204, in log_api_call
    self.audit.log_api_call(
  File "C:\temp\bankTradingManagement-master\bankTradingManagement-master\BACKEND\app\CassandraServices\audit.py", line 49, in log_api_call
    self.prepare()
  File "C:\temp\bankTradingManagement-master\bankTradingManagement-master\BACKEND\app\CassandraServices\audit.py", line 27, in prepare
    self._prepared["insert_audit"] = session.prepare(
                                     ^^^^^^^^^^^^^^^^
  File "cassandra\cluster.py", line 3131, in cassandra.cluster.Session.prepare
  File "cassandra\cluster.py", line 3128, in cassandra.cluster.Session.prepare
  File "cassandra\cluster.py", line 4956, in cassandra.cluster.ResponseFuture.result
cassandra.InvalidRequest: Error from server: code=2200 [Invalid query] message="Undefined column name day in table pldt_audit.api_calls"
Failed to log API call to Cassandra.
Traceback (most recent call last):
  File "C:\temp\bankTradingManagement-master\bankTradingManagement-master\BACKEND\app\app.py", line 261, in cassandra_audit_middleware
    cassandra_service.log_api_call(
  File "C:\temp\bankTradingManagement-master\bankTradingManagement-master\BACKEND\app\cassandra_service.py", line 204, in log_api_call
    self.audit.log_api_call(
  File "C:\temp\bankTradingManagement-master\bankTradingManagement-master\BACKEND\app\CassandraServices\audit.py", line 49, in log_api_call
    self.prepare()
  File "C:\temp\bankTradingManagement-master\bankTradingManagement-master\BACKEND\app\CassandraServices\audit.py", line 27, in prepare
    self._prepared["insert_audit"] = session.prepare(
                                     ^^^^^^^^^^^^^^^^
  File "cassandra\cluster.py", line 3131, in cassandra.cluster.Session.prepare
  File "cassandra\cluster.py", line 3128, in cassandra.cluster.Session.prepare
  File "cassandra\cluster.py", line 4956, in cassandra.cluster.ResponseFuture.result
cassandra.InvalidRequest: Error from server: code=2200 [Invalid query] message="Undefined column name day in table pldt_audit.api_calls"
Error listing HDFS directory /banktrading
Traceback (most recent call last):
  File "C:\temp\bankTradingManagement-master\bankTradingManagement-master\BACKEND\app\app.py", line 3517, in hdfs_list_directory
    files = hdfs_service.list_directory(path)
            ^^^^^^^^^^^^^^^^^^^^^^^^^^^^^^^^^
  File "C:\temp\bankTradingManagement-master\bankTradingManagement-master\BACKEND\app\hdfs_service.py", line 137, in list_directory
    response.raise_for_status()
  File "C:\Users\Per chan\AppData\Local\Programs\Python\Python311\Lib\site-packages\requests\models.py", line 1026, in raise_for_status
    raise HTTPError(http_error_msg, response=self)
requests.exceptions.HTTPError: 404 Client Error: Not Found for url: http://localhost:9870/webhdfs/v1/banktrading?op=LISTSTATUS
Failed to log API call to Cassandra.
Traceback (most recent call last):
  File "C:\temp\bankTradingManagement-master\bankTradingManagement-master\BACKEND\app\app.py", line 261, in cassandra_audit_middleware
    cassandra_service.log_api_call(
  File "C:\temp\bankTradingManagement-master\bankTradingManagement-master\BACKEND\app\cassandra_service.py", line 204, in log_api_call
    self.audit.log_api_call(
  File "C:\temp\bankTradingManagement-master\bankTradingManagement-master\BACKEND\app\CassandraServices\audit.py", line 49, in log_api_call
    self.prepare()
  File "C:\temp\bankTradingManagement-master\bankTradingManagement-master\BACKEND\app\CassandraServices\audit.py", line 27, in prepare
    self._prepared["insert_audit"] = session.prepare(
                                     ^^^^^^^^^^^^^^^^
  File "cassandra\cluster.py", line 3131, in cassandra.cluster.Session.prepare
  File "cassandra\cluster.py", line 3128, in cassandra.cluster.Session.prepare
  File "cassandra\cluster.py", line 4956, in cassandra.cluster.ResponseFuture.result
cassandra.InvalidRequest: Error from server: code=2200 [Invalid query] message="Undefined column name day in table pldt_audit.api_calls"
Failed to log API call to Cassandra.
Traceback (most recent call last):
  File "C:\temp\bankTradingManagement-master\bankTradingManagement-master\BACKEND\app\app.py", line 261, in cassandra_audit_middleware
    cassandra_service.log_api_call(
  File "C:\temp\bankTradingManagement-master\bankTradingManagement-master\BACKEND\app\cassandra_service.py", line 204, in log_api_call
    self.audit.log_api_call(
  File "C:\temp\bankTradingManagement-master\bankTradingManagement-master\BACKEND\app\CassandraServices\audit.py", line 49, in log_api_call
    self.prepare()
  File "C:\temp\bankTradingManagement-master\bankTradingManagement-master\BACKEND\app\CassandraServices\audit.py", line 27, in prepare
    self._prepared["insert_audit"] = session.prepare(
                                     ^^^^^^^^^^^^^^^^
  File "cassandra\cluster.py", line 3131, in cassandra.cluster.Session.prepare
  File "cassandra\cluster.py", line 3128, in cassandra.cluster.Session.prepare
  File "cassandra\cluster.py", line 4956, in cassandra.cluster.ResponseFuture.result
cassandra.InvalidRequest: Error from server: code=2200 [Invalid query] message="Undefined column name day in table pldt_audit.api_calls"
Failed to log API call to Cassandra.
Traceback (most recent call last):
  File "C:\temp\bankTradingManagement-master\bankTradingManagement-master\BACKEND\app\app.py", line 261, in cassandra_audit_middleware
    cassandra_service.log_api_call(
  File "C:\temp\bankTradingManagement-master\bankTradingManagement-master\BACKEND\app\cassandra_service.py", line 204, in log_api_call
    self.audit.log_api_call(
  File "C:\temp\bankTradingManagement-master\bankTradingManagement-master\BACKEND\app\CassandraServices\audit.py", line 49, in log_api_call
    self.prepare()
  File "C:\temp\bankTradingManagement-master\bankTradingManagement-master\BACKEND\app\CassandraServices\audit.py", line 27, in prepare
    self._prepared["insert_audit"] = session.prepare(
                                     ^^^^^^^^^^^^^^^^
  File "cassandra\cluster.py", line 3131, in cassandra.cluster.Session.prepare
  File "cassandra\cluster.py", line 3128, in cassandra.cluster.Session.prepare
  File "cassandra\cluster.py", line 4956, in cassandra.cluster.ResponseFuture.result
cassandra.InvalidRequest: Error from server: code=2200 [Invalid query] message="Undefined column name day in table pldt_audit.api_calls"
Failed to log API call to Cassandra.
Traceback (most recent call last):
  File "C:\temp\bankTradingManagement-master\bankTradingManagement-master\BACKEND\app\app.py", line 261, in cassandra_audit_middleware
    cassandra_service.log_api_call(
  File "C:\temp\bankTradingManagement-master\bankTradingManagement-master\BACKEND\app\cassandra_service.py", line 204, in log_api_call
    self.audit.log_api_call(
  File "C:\temp\bankTradingManagement-master\bankTradingManagement-master\BACKEND\app\CassandraServices\audit.py", line 49, in log_api_call
    self.prepare()
  File "C:\temp\bankTradingManagement-master\bankTradingManagement-master\BACKEND\app\CassandraServices\audit.py", line 27, in prepare
    self._prepared["insert_audit"] = session.prepare(
                                     ^^^^^^^^^^^^^^^^
  File "cassandra\cluster.py", line 3131, in cassandra.cluster.Session.prepare
  File "cassandra\cluster.py", line 3128, in cassandra.cluster.Session.prepare
  File "cassandra\cluster.py", line 4956, in cassandra.cluster.ResponseFuture.result
cassandra.InvalidRequest: Error from server: code=2200 [Invalid query] message="Undefined column name day in table pldt_audit.api_calls"
Failed to log API call to Cassandra.
Traceback (most recent call last):
  File "C:\temp\bankTradingManagement-master\bankTradingManagement-master\BACKEND\app\app.py", line 261, in cassandra_audit_middleware
    cassandra_service.log_api_call(
  File "C:\temp\bankTradingManagement-master\bankTradingManagement-master\BACKEND\app\cassandra_service.py", line 204, in log_api_call
    self.audit.log_api_call(
  File "C:\temp\bankTradingManagement-master\bankTradingManagement-master\BACKEND\app\CassandraServices\audit.py", line 49, in log_api_call
    self.prepare()
  File "C:\temp\bankTradingManagement-master\bankTradingManagement-master\BACKEND\app\CassandraServices\audit.py", line 27, in prepare
    self._prepared["insert_audit"] = session.prepare(
                                     ^^^^^^^^^^^^^^^^
  File "cassandra\cluster.py", line 3131, in cassandra.cluster.Session.prepare
  File "cassandra\cluster.py", line 3128, in cassandra.cluster.Session.prepare
  File "cassandra\cluster.py", line 4956, in cassandra.cluster.ResponseFuture.result
cassandra.InvalidRequest: Error from server: code=2200 [Invalid query] message="Undefined column name day in table pldt_audit.api_calls"
Failed to log API call to Cassandra.
Traceback (most recent call last):
  File "C:\temp\bankTradingManagement-master\bankTradingManagement-master\BACKEND\app\app.py", line 261, in cassandra_audit_middleware
    cassandra_service.log_api_call(
  File "C:\temp\bankTradingManagement-master\bankTradingManagement-master\BACKEND\app\cassandra_service.py", line 204, in log_api_call
    self.audit.log_api_call(
  File "C:\temp\bankTradingManagement-master\bankTradingManagement-master\BACKEND\app\CassandraServices\audit.py", line 49, in log_api_call
    self.prepare()
  File "C:\temp\bankTradingManagement-master\bankTradingManagement-master\BACKEND\app\CassandraServices\audit.py", line 27, in prepare
    self._prepared["insert_audit"] = session.prepare(
                                     ^^^^^^^^^^^^^^^^
  File "cassandra\cluster.py", line 3131, in cassandra.cluster.Session.prepare
  File "cassandra\cluster.py", line 3128, in cassandra.cluster.Session.prepare
  File "cassandra\cluster.py", line 4956, in cassandra.cluster.ResponseFuture.result
cassandra.InvalidRequest: Error from server: code=2200 [Invalid query] message="Undefined column name day in table pldt_audit.api_calls"
Failed to fetch dashboard stats from Cassandra
Traceback (most recent call last):
  File "C:\temp\bankTradingManagement-master\bankTradingManagement-master\BACKEND\app\app.py", line 2563, in _get_dashboard_stats_impl
    all_accounts = cassandra_service.list_all_accounts(limit=10000)
                   ^^^^^^^^^^^^^^^^^^^^^^^^^^^^^^^^^^^
AttributeError: 'CassandraService' object has no attribute 'list_all_accounts'
Failed to log API call to Cassandra.
Traceback (most recent call last):
  File "C:\temp\bankTradingManagement-master\bankTradingManagement-master\BACKEND\app\app.py", line 261, in cassandra_audit_middleware
    cassandra_service.log_api_call(
  File "C:\temp\bankTradingManagement-master\bankTradingManagement-master\BACKEND\app\cassandra_service.py", line 204, in log_api_call
    self.audit.log_api_call(
  File "C:\temp\bankTradingManagement-master\bankTradingManagement-master\BACKEND\app\CassandraServices\audit.py", line 49, in log_api_call
    self.prepare()
  File "C:\temp\bankTradingManagement-master\bankTradingManagement-master\BACKEND\app\CassandraServices\audit.py", line 27, in prepare
    self._prepared["insert_audit"] = session.prepare(
                                     ^^^^^^^^^^^^^^^^
  File "cassandra\cluster.py", line 3131, in cassandra.cluster.Session.prepare
  File "cassandra\cluster.py", line 3128, in cassandra.cluster.Session.prepare
  File "cassandra\cluster.py", line 4956, in cassandra.cluster.ResponseFuture.result
cassandra.InvalidRequest: Error from server: code=2200 [Invalid query] message="Undefined column name day in table pldt_audit.api_calls"
Failed to log API call to Cassandra.
Traceback (most recent call last):
  File "C:\temp\bankTradingManagement-master\bankTradingManagement-master\BACKEND\app\app.py", line 261, in cassandra_audit_middleware
    cassandra_service.log_api_call(
  File "C:\temp\bankTradingManagement-master\bankTradingManagement-master\BACKEND\app\cassandra_service.py", line 204, in log_api_call
    self.audit.log_api_call(
  File "C:\temp\bankTradingManagement-master\bankTradingManagement-master\BACKEND\app\CassandraServices\audit.py", line 49, in log_api_call
    self.prepare()
  File "C:\temp\bankTradingManagement-master\bankTradingManagement-master\BACKEND\app\CassandraServices\audit.py", line 27, in prepare
    self._prepared["insert_audit"] = session.prepare(
                                     ^^^^^^^^^^^^^^^^
  File "cassandra\cluster.py", line 3131, in cassandra.cluster.Session.prepare
  File "cassandra\cluster.py", line 3128, in cassandra.cluster.Session.prepare
  File "cassandra\cluster.py", line 4956, in cassandra.cluster.ResponseFuture.result
cassandra.InvalidRequest: Error from server: code=2200 [Invalid query] message="Undefined column name day in table pldt_audit.api_calls"
Failed to log API call to Cassandra.
Traceback (most recent call last):
  File "C:\temp\bankTradingManagement-master\bankTradingManagement-master\BACKEND\app\app.py", line 261, in cassandra_audit_middleware
    cassandra_service.log_api_call(
  File "C:\temp\bankTradingManagement-master\bankTradingManagement-master\BACKEND\app\cassandra_service.py", line 204, in log_api_call
    self.audit.log_api_call(
  File "C:\temp\bankTradingManagement-master\bankTradingManagement-master\BACKEND\app\CassandraServices\audit.py", line 49, in log_api_call
    self.prepare()
  File "C:\temp\bankTradingManagement-master\bankTradingManagement-master\BACKEND\app\CassandraServices\audit.py", line 27, in prepare
    self._prepared["insert_audit"] = session.prepare(
                                     ^^^^^^^^^^^^^^^^
  File "cassandra\cluster.py", line 3131, in cassandra.cluster.Session.prepare
  File "cassandra\cluster.py", line 3128, in cassandra.cluster.Session.prepare
  File "cassandra\cluster.py", line 4956, in cassandra.cluster.ResponseFuture.result
cassandra.InvalidRequest: Error from server: code=2200 [Invalid query] message="Undefined column name day in table pldt_audit.api_calls"
Failed to log API call to Cassandra.
Traceback (most recent call last):
  File "C:\temp\bankTradingManagement-master\bankTradingManagement-master\BACKEND\app\app.py", line 261, in cassandra_audit_middleware
    cassandra_service.log_api_call(
  File "C:\temp\bankTradingManagement-master\bankTradingManagement-master\BACKEND\app\cassandra_service.py", line 204, in log_api_call
    self.audit.log_api_call(
  File "C:\temp\bankTradingManagement-master\bankTradingManagement-master\BACKEND\app\CassandraServices\audit.py", line 49, in log_api_call
    self.prepare()
  File "C:\temp\bankTradingManagement-master\bankTradingManagement-master\BACKEND\app\CassandraServices\audit.py", line 27, in prepare
    self._prepared["insert_audit"] = session.prepare(
                                     ^^^^^^^^^^^^^^^^
  File "cassandra\cluster.py", line 3131, in cassandra.cluster.Session.prepare
  File "cassandra\cluster.py", line 3128, in cassandra.cluster.Session.prepare
  File "cassandra\cluster.py", line 4956, in cassandra.cluster.ResponseFuture.result
cassandra.InvalidRequest: Error from server: code=2200 [Invalid query] message="Undefined column name day in table pldt_audit.api_calls"
Failed to log API call to Cassandra.
Traceback (most recent call last):
  File "C:\temp\bankTradingManagement-master\bankTradingManagement-master\BACKEND\app\app.py", line 261, in cassandra_audit_middleware
    cassandra_service.log_api_call(
  File "C:\temp\bankTradingManagement-master\bankTradingManagement-master\BACKEND\app\cassandra_service.py", line 204, in log_api_call
    self.audit.log_api_call(
  File "C:\temp\bankTradingManagement-master\bankTradingManagement-master\BACKEND\app\CassandraServices\audit.py", line 49, in log_api_call
    self.prepare()
  File "C:\temp\bankTradingManagement-master\bankTradingManagement-master\BACKEND\app\CassandraServices\audit.py", line 27, in prepare
    self._prepared["insert_audit"] = session.prepare(
                                     ^^^^^^^^^^^^^^^^
  File "cassandra\cluster.py", line 3131, in cassandra.cluster.Session.prepare
  File "cassandra\cluster.py", line 3128, in cassandra.cluster.Session.prepare
  File "cassandra\cluster.py", line 4956, in cassandra.cluster.ResponseFuture.result
cassandra.InvalidRequest: Error from server: code=2200 [Invalid query] message="Undefined column name day in table pldt_audit.api_calls"
Failed to log API call to Cassandra.
Traceback (most recent call last):
  File "C:\temp\bankTradingManagement-master\bankTradingManagement-master\BACKEND\app\app.py", line 261, in cassandra_audit_middleware
    cassandra_service.log_api_call(
  File "C:\temp\bankTradingManagement-master\bankTradingManagement-master\BACKEND\app\cassandra_service.py", line 204, in log_api_call
    self.audit.log_api_call(
  File "C:\temp\bankTradingManagement-master\bankTradingManagement-master\BACKEND\app\CassandraServices\audit.py", line 49, in log_api_call
    self.prepare()
  File "C:\temp\bankTradingManagement-master\bankTradingManagement-master\BACKEND\app\CassandraServices\audit.py", line 27, in prepare
    self._prepared["insert_audit"] = session.prepare(
                                     ^^^^^^^^^^^^^^^^
  File "cassandra\cluster.py", line 3131, in cassandra.cluster.Session.prepare
  File "cassandra\cluster.py", line 3128, in cassandra.cluster.Session.prepare
  File "cassandra\cluster.py", line 4956, in cassandra.cluster.ResponseFuture.result
cassandra.InvalidRequest: Error from server: code=2200 [Invalid query] message="Undefined column name day in table pldt_audit.api_calls"
Error getting HDFS directory size /banktrading
Traceback (most recent call last):
  File "C:\temp\bankTradingManagement-master\bankTradingManagement-master\BACKEND\app\app.py", line 3665, in hdfs_directory_size
    result = hdfs_service.get_directory_size(path)
             ^^^^^^^^^^^^^^^^^^^^^^^^^^^^^^^^^^^^^
  File "C:\temp\bankTradingManagement-master\bankTradingManagement-master\BACKEND\app\hdfs_service.py", line 539, in get_directory_size
    response.raise_for_status()
  File "C:\Users\Per chan\AppData\Local\Programs\Python\Python311\Lib\site-packages\requests\models.py", line 1026, in raise_for_status
    raise HTTPError(http_error_msg, response=self)
requests.exceptions.HTTPError: 404 Client Error: Not Found for url: http://localhost:9870/webhdfs/v1/banktrading?op=GETCONTENTSUMMARY
Failed to log API call to Cassandra.
Traceback (most recent call last):
  File "C:\temp\bankTradingManagement-master\bankTradingManagement-master\BACKEND\app\app.py", line 261, in cassandra_audit_middleware
    cassandra_service.log_api_call(
  File "C:\temp\bankTradingManagement-master\bankTradingManagement-master\BACKEND\app\cassandra_service.py", line 204, in log_api_call
    self.audit.log_api_call(
  File "C:\temp\bankTradingManagement-master\bankTradingManagement-master\BACKEND\app\CassandraServices\audit.py", line 49, in log_api_call
    self.prepare()
  File "C:\temp\bankTradingManagement-master\bankTradingManagement-master\BACKEND\app\CassandraServices\audit.py", line 27, in prepare
    self._prepared["insert_audit"] = session.prepare(
                                     ^^^^^^^^^^^^^^^^
  File "cassandra\cluster.py", line 3131, in cassandra.cluster.Session.prepare
  File "cassandra\cluster.py", line 3128, in cassandra.cluster.Session.prepare
  File "cassandra\cluster.py", line 4956, in cassandra.cluster.ResponseFuture.result
cassandra.InvalidRequest: Error from server: code=2200 [Invalid query] message="Undefined column name day in table pldt_audit.api_calls"
Error getting HDFS directory size /banktrading
Traceback (most recent call last):
  File "C:\temp\bankTradingManagement-master\bankTradingManagement-master\BACKEND\app\app.py", line 3665, in hdfs_directory_size
    result = hdfs_service.get_directory_size(path)
             ^^^^^^^^^^^^^^^^^^^^^^^^^^^^^^^^^^^^^
  File "C:\temp\bankTradingManagement-master\bankTradingManagement-master\BACKEND\app\hdfs_service.py", line 539, in get_directory_size
    response.raise_for_status()
  File "C:\Users\Per chan\AppData\Local\Programs\Python\Python311\Lib\site-packages\requests\models.py", line 1026, in raise_for_status
    raise HTTPError(http_error_msg, response=self)
requests.exceptions.HTTPError: 404 Client Error: Not Found for url: http://localhost:9870/webhdfs/v1/banktrading?op=GETCONTENTSUMMARY
Failed to log API call to Cassandra.
Traceback (most recent call last):
  File "C:\temp\bankTradingManagement-master\bankTradingManagement-master\BACKEND\app\app.py", line 261, in cassandra_audit_middleware
    cassandra_service.log_api_call(
  File "C:\temp\bankTradingManagement-master\bankTradingManagement-master\BACKEND\app\cassandra_service.py", line 204, in log_api_call
    self.audit.log_api_call(
  File "C:\temp\bankTradingManagement-master\bankTradingManagement-master\BACKEND\app\CassandraServices\audit.py", line 49, in log_api_call
    self.prepare()
  File "C:\temp\bankTradingManagement-master\bankTradingManagement-master\BACKEND\app\CassandraServices\audit.py", line 27, in prepare
    self._prepared["insert_audit"] = session.prepare(
                                     ^^^^^^^^^^^^^^^^
  File "cassandra\cluster.py", line 3131, in cassandra.cluster.Session.prepare
  File "cassandra\cluster.py", line 3128, in cassandra.cluster.Session.prepare
  File "cassandra\cluster.py", line 4956, in cassandra.cluster.ResponseFuture.result
cassandra.InvalidRequest: Error from server: code=2200 [Invalid query] message="Undefined column name day in table pldt_audit.api_calls"
Search customers: query='', search_type='all', cassandra_available=True
Empty query - loading all customers
Failed to load all from Cassandra: Error from server: code=2200 [Invalid query] message="Undefined column name currency in table pldt_rt.accounts_by_id"
Failed to log API call to Cassandra.
Traceback (most recent call last):
  File "C:\temp\bankTradingManagement-master\bankTradingManagement-master\BACKEND\app\app.py", line 261, in cassandra_audit_middleware
    cassandra_service.log_api_call(
  File "C:\temp\bankTradingManagement-master\bankTradingManagement-master\BACKEND\app\cassandra_service.py", line 204, in log_api_call
    self.audit.log_api_call(
  File "C:\temp\bankTradingManagement-master\bankTradingManagement-master\BACKEND\app\CassandraServices\audit.py", line 49, in log_api_call
    self.prepare()
  File "C:\temp\bankTradingManagement-master\bankTradingManagement-master\BACKEND\app\CassandraServices\audit.py", line 27, in prepare
    self._prepared["insert_audit"] = session.prepare(
                                     ^^^^^^^^^^^^^^^^
  File "cassandra\cluster.py", line 3131, in cassandra.cluster.Session.prepare
  File "cassandra\cluster.py", line 3128, in cassandra.cluster.Session.prepare
  File "cassandra\cluster.py", line 4956, in cassandra.cluster.ResponseFuture.result
cassandra.InvalidRequest: Error from server: code=2200 [Invalid query] message="Undefined column name day in table pldt_audit.api_calls"
Error getting HDFS directory size /banktrading
Traceback (most recent call last):
  File "C:\temp\bankTradingManagement-master\bankTradingManagement-master\BACKEND\app\app.py", line 3665, in hdfs_directory_size
    result = hdfs_service.get_directory_size(path)
             ^^^^^^^^^^^^^^^^^^^^^^^^^^^^^^^^^^^^^
  File "C:\temp\bankTradingManagement-master\bankTradingManagement-master\BACKEND\app\hdfs_service.py", line 539, in get_directory_size
    response.raise_for_status()
  File "C:\Users\Per chan\AppData\Local\Programs\Python\Python311\Lib\site-packages\requests\models.py", line 1026, in raise_for_status
    raise HTTPError(http_error_msg, response=self)
requests.exceptions.HTTPError: 404 Client Error: Not Found for url: http://localhost:9870/webhdfs/v1/banktrading?op=GETCONTENTSUMMARY
Failed to log API call to Cassandra.
Traceback (most recent call last):
  File "C:\temp\bankTradingManagement-master\bankTradingManagement-master\BACKEND\app\app.py", line 261, in cassandra_audit_middleware
    cassandra_service.log_api_call(
  File "C:\temp\bankTradingManagement-master\bankTradingManagement-master\BACKEND\app\cassandra_service.py", line 204, in log_api_call
    self.audit.log_api_call(
  File "C:\temp\bankTradingManagement-master\bankTradingManagement-master\BACKEND\app\CassandraServices\audit.py", line 49, in log_api_call
    self.prepare()
  File "C:\temp\bankTradingManagement-master\bankTradingManagement-master\BACKEND\app\CassandraServices\audit.py", line 27, in prepare
    self._prepared["insert_audit"] = session.prepare(
                                     ^^^^^^^^^^^^^^^^
  File "cassandra\cluster.py", line 3131, in cassandra.cluster.Session.prepare
  File "cassandra\cluster.py", line 3128, in cassandra.cluster.Session.prepare
  File "cassandra\cluster.py", line 4956, in cassandra.cluster.ResponseFuture.result
cassandra.InvalidRequest: Error from server: code=2200 [Invalid query] message="Undefined column name day in table pldt_audit.api_calls"
Failed to log API call to Cassandra.
Traceback (most recent call last):
  File "C:\temp\bankTradingManagement-master\bankTradingManagement-master\BACKEND\app\app.py", line 261, in cassandra_audit_middleware
    cassandra_service.log_api_call(
  File "C:\temp\bankTradingManagement-master\bankTradingManagement-master\BACKEND\app\cassandra_service.py", line 204, in log_api_call
    self.audit.log_api_call(
  File "C:\temp\bankTradingManagement-master\bankTradingManagement-master\BACKEND\app\CassandraServices\audit.py", line 49, in log_api_call
    self.prepare()
  File "C:\temp\bankTradingManagement-master\bankTradingManagement-master\BACKEND\app\CassandraServices\audit.py", line 27, in prepare
    self._prepared["insert_audit"] = session.prepare(
                                     ^^^^^^^^^^^^^^^^
  File "cassandra\cluster.py", line 3131, in cassandra.cluster.Session.prepare
  File "cassandra\cluster.py", line 3128, in cassandra.cluster.Session.prepare
  File "cassandra\cluster.py", line 4956, in cassandra.cluster.ResponseFuture.result
cassandra.InvalidRequest: Error from server: code=2200 [Invalid query] message="Undefined column name day in table pldt_audit.api_calls"
Failed to log API call to Cassandra.
Traceback (most recent call last):
  File "C:\temp\bankTradingManagement-master\bankTradingManagement-master\BACKEND\app\app.py", line 261, in cassandra_audit_middleware
    cassandra_service.log_api_call(
  File "C:\temp\bankTradingManagement-master\bankTradingManagement-master\BACKEND\app\cassandra_service.py", line 204, in log_api_call
    self.audit.log_api_call(
  File "C:\temp\bankTradingManagement-master\bankTradingManagement-master\BACKEND\app\CassandraServices\audit.py", line 49, in log_api_call
    self.prepare()
  File "C:\temp\bankTradingManagement-master\bankTradingManagement-master\BACKEND\app\CassandraServices\audit.py", line 27, in prepare
    self._prepared["insert_audit"] = session.prepare(
                                     ^^^^^^^^^^^^^^^^
  File "cassandra\cluster.py", line 3131, in cassandra.cluster.Session.prepare
  File "cassandra\cluster.py", line 3128, in cassandra.cluster.Session.prepare
  File "cassandra\cluster.py", line 4956, in cassandra.cluster.ResponseFuture.result
cassandra.InvalidRequest: Error from server: code=2200 [Invalid query] message="Undefined column name day in table pldt_audit.api_calls"
Failed to check existing national_id in Cassandra
Traceback (most recent call last):
  File "C:\temp\bankTradingManagement-master\bankTradingManagement-master\BACKEND\app\app.py", line 1471, in create_customer
    existing_by_identity = cassandra_service.get_customer_by_identity(national_id)
                           ^^^^^^^^^^^^^^^^^^^^^^^^^^^^^^^^^^^^^^^^^^^^^^^^^^^^^^^
  File "C:\temp\bankTradingManagement-master\bankTradingManagement-master\BACKEND\app\cassandra_service.py", line 226, in get_customer_by_identity
    return self.accounts.get_customer_by_identity(national_id)
           ^^^^^^^^^^^^^^^^^^^^^^^^^^^^^^^^^^^^^^^^^^^^^^^^^^^
  File "C:\temp\bankTradingManagement-master\bankTradingManagement-master\BACKEND\app\CassandraServices\accounts.py", line 400, in get_customer_by_identity
    self.prepare()
  File "C:\temp\bankTradingManagement-master\bankTradingManagement-master\BACKEND\app\CassandraServices\accounts.py", line 33, in prepare
    self._prepared["insert_account_by_id"] = session.prepare(
                                             ^^^^^^^^^^^^^^^^
  File "cassandra\cluster.py", line 3131, in cassandra.cluster.Session.prepare
  File "cassandra\cluster.py", line 3128, in cassandra.cluster.Session.prepare
  File "cassandra\cluster.py", line 4956, in cassandra.cluster.ResponseFuture.result
cassandra.InvalidRequest: Error from server: code=2200 [Invalid query] message="Undefined column name currency in table pldt_rt.accounts_by_id"
Failed to check email in Cassandra: Error from server: code=2200 [Invalid query] message="Undefined column name currency in table pldt_rt.accounts_by_id"
Checking duplicate phone in Cassandra: 0123123129
Failed to check phone in Cassandra: Error from server: code=2200 [Invalid query] message="Undefined column name currency in table pldt_rt.accounts_by_id"
Failed to check existing customer accounts
Traceback (most recent call last):
  File "C:\temp\bankTradingManagement-master\bankTradingManagement-master\BACKEND\app\app.py", line 1008, in create_account
    existing_customer_accounts = cassandra_service.get_accounts_by_customer(payload.customer_id)
                                 ^^^^^^^^^^^^^^^^^^^^^^^^^^^^^^^^^^^^^^^^^^^^^^^^^^^^^^^^^^^^^^^
  File "C:\temp\bankTradingManagement-master\bankTradingManagement-master\BACKEND\app\cassandra_service.py", line 222, in get_accounts_by_customer
    return self.accounts.get_accounts_by_customer(customer_id)
           ^^^^^^^^^^^^^^^^^^^^^^^^^^^^^^^^^^^^^^^^^^^^^^^^^^^
  File "C:\temp\bankTradingManagement-master\bankTradingManagement-master\BACKEND\app\CassandraServices\accounts.py", line 376, in get_accounts_by_customer
    self.prepare()
  File "C:\temp\bankTradingManagement-master\bankTradingManagement-master\BACKEND\app\CassandraServices\accounts.py", line 33, in prepare
    self._prepared["insert_account_by_id"] = session.prepare(
                                             ^^^^^^^^^^^^^^^^
  File "cassandra\cluster.py", line 3131, in cassandra.cluster.Session.prepare
  File "cassandra\cluster.py", line 3128, in cassandra.cluster.Session.prepare
  File "cassandra\cluster.py", line 4956, in cassandra.cluster.ResponseFuture.result
cassandra.InvalidRequest: Error from server: code=2200 [Invalid query] message="Undefined column name currency in table pldt_rt.accounts_by_id"
Failed to create account in Cassandra; using memory store.
Traceback (most recent call last):
  File "C:\temp\bankTradingManagement-master\bankTradingManagement-master\BACKEND\app\app.py", line 1066, in create_account
    result = cassandra_service.create_account(
             ^^^^^^^^^^^^^^^^^^^^^^^^^^^^^^^^^
TypeError: CassandraService.create_account() got an unexpected keyword argument 'account_id'
Failed to log API call to Cassandra.
Traceback (most recent call last):
  File "C:\temp\bankTradingManagement-master\bankTradingManagement-master\BACKEND\app\app.py", line 261, in cassandra_audit_middleware
    cassandra_service.log_api_call(
  File "C:\temp\bankTradingManagement-master\bankTradingManagement-master\BACKEND\app\cassandra_service.py", line 204, in log_api_call
    self.audit.log_api_call(
  File "C:\temp\bankTradingManagement-master\bankTradingManagement-master\BACKEND\app\CassandraServices\audit.py", line 49, in log_api_call
    self.prepare()
  File "C:\temp\bankTradingManagement-master\bankTradingManagement-master\BACKEND\app\CassandraServices\audit.py", line 27, in prepare
    self._prepared["insert_audit"] = session.prepare(
                                     ^^^^^^^^^^^^^^^^
  File "cassandra\cluster.py", line 3131, in cassandra.cluster.Session.prepare
  File "cassandra\cluster.py", line 3128, in cassandra.cluster.Session.prepare
  File "cassandra\cluster.py", line 4956, in cassandra.cluster.ResponseFuture.result
cassandra.InvalidRequest: Error from server: code=2200 [Invalid query] message="Undefined column name day in table pldt_audit.api_calls"
Error getting HDFS directory size /banktrading
Traceback (most recent call last):
  File "C:\temp\bankTradingManagement-master\bankTradingManagement-master\BACKEND\app\app.py", line 3665, in hdfs_directory_size
    result = hdfs_service.get_directory_size(path)
             ^^^^^^^^^^^^^^^^^^^^^^^^^^^^^^^^^^^^^
  File "C:\temp\bankTradingManagement-master\bankTradingManagement-master\BACKEND\app\hdfs_service.py", line 539, in get_directory_size
    response.raise_for_status()
  File "C:\Users\Per chan\AppData\Local\Programs\Python\Python311\Lib\site-packages\requests\models.py", line 1026, in raise_for_status
    raise HTTPError(http_error_msg, response=self)
requests.exceptions.HTTPError: 404 Client Error: Not Found for url: http://localhost:9870/webhdfs/v1/banktrading?op=GETCONTENTSUMMARY
Failed to log API call to Cassandra.
Traceback (most recent call last):
  File "C:\temp\bankTradingManagement-master\bankTradingManagement-master\BACKEND\app\app.py", line 261, in cassandra_audit_middleware
    cassandra_service.log_api_call(
  File "C:\temp\bankTradingManagement-master\bankTradingManagement-master\BACKEND\app\cassandra_service.py", line 204, in log_api_call
    self.audit.log_api_call(
  File "C:\temp\bankTradingManagement-master\bankTradingManagement-master\BACKEND\app\CassandraServices\audit.py", line 49, in log_api_call
    self.prepare()
  File "C:\temp\bankTradingManagement-master\bankTradingManagement-master\BACKEND\app\CassandraServices\audit.py", line 27, in prepare
    self._prepared["insert_audit"] = session.prepare(
                                     ^^^^^^^^^^^^^^^^
  File "cassandra\cluster.py", line 3131, in cassandra.cluster.Session.prepare
  File "cassandra\cluster.py", line 3128, in cassandra.cluster.Session.prepare
  File "cassandra\cluster.py", line 4956, in cassandra.cluster.ResponseFuture.result
cassandra.InvalidRequest: Error from server: code=2200 [Invalid query] message="Undefined column name day in table pldt_audit.api_calls"
Error listing HDFS directory /banktrading
Traceback (most recent call last):
  File "C:\temp\bankTradingManagement-master\bankTradingManagement-master\BACKEND\app\app.py", line 3517, in hdfs_list_directory
    files = hdfs_service.list_directory(path)
            ^^^^^^^^^^^^^^^^^^^^^^^^^^^^^^^^^
  File "C:\temp\bankTradingManagement-master\bankTradingManagement-master\BACKEND\app\hdfs_service.py", line 137, in list_directory
    response.raise_for_status()
  File "C:\Users\Per chan\AppData\Local\Programs\Python\Python311\Lib\site-packages\requests\models.py", line 1026, in raise_for_status
    raise HTTPError(http_error_msg, response=self)
requests.exceptions.HTTPError: 404 Client Error: Not Found for url: http://localhost:9870/webhdfs/v1/banktrading?op=LISTSTATUS
Failed to log API call to Cassandra.
Traceback (most recent call last):
  File "C:\temp\bankTradingManagement-master\bankTradingManagement-master\BACKEND\app\app.py", line 261, in cassandra_audit_middleware
    cassandra_service.log_api_call(
  File "C:\temp\bankTradingManagement-master\bankTradingManagement-master\BACKEND\app\cassandra_service.py", line 204, in log_api_call
    self.audit.log_api_call(
  File "C:\temp\bankTradingManagement-master\bankTradingManagement-master\BACKEND\app\CassandraServices\audit.py", line 49, in log_api_call
    self.prepare()
  File "C:\temp\bankTradingManagement-master\bankTradingManagement-master\BACKEND\app\CassandraServices\audit.py", line 27, in prepare
    self._prepared["insert_audit"] = session.prepare(
                                     ^^^^^^^^^^^^^^^^
  File "cassandra\cluster.py", line 3131, in cassandra.cluster.Session.prepare
  File "cassandra\cluster.py", line 3128, in cassandra.cluster.Session.prepare
  File "cassandra\cluster.py", line 4956, in cassandra.cluster.ResponseFuture.result
cassandra.InvalidRequest: Error from server: code=2200 [Invalid query] message="Undefined column name day in table pldt_audit.api_calls"
Error listing HDFS directory /banktrading
Traceback (most recent call last):
  File "C:\temp\bankTradingManagement-master\bankTradingManagement-master\BACKEND\app\app.py", line 3517, in hdfs_list_directory
    files = hdfs_service.list_directory(path)
            ^^^^^^^^^^^^^^^^^^^^^^^^^^^^^^^^^
  File "C:\temp\bankTradingManagement-master\bankTradingManagement-master\BACKEND\app\hdfs_service.py", line 137, in list_directory
    response.raise_for_status()
  File "C:\Users\Per chan\AppData\Local\Programs\Python\Python311\Lib\site-packages\requests\models.py", line 1026, in raise_for_status
    raise HTTPError(http_error_msg, response=self)
requests.exceptions.HTTPError: 404 Client Error: Not Found for url: http://localhost:9870/webhdfs/v1/banktrading?op=LISTSTATUS
Failed to log API call to Cassandra.
Traceback (most recent call last):
  File "C:\temp\bankTradingManagement-master\bankTradingManagement-master\BACKEND\app\app.py", line 261, in cassandra_audit_middleware
    cassandra_service.log_api_call(
  File "C:\temp\bankTradingManagement-master\bankTradingManagement-master\BACKEND\app\cassandra_service.py", line 204, in log_api_call
    self.audit.log_api_call(
  File "C:\temp\bankTradingManagement-master\bankTradingManagement-master\BACKEND\app\CassandraServices\audit.py", line 49, in log_api_call
    self.prepare()
  File "C:\temp\bankTradingManagement-master\bankTradingManagement-master\BACKEND\app\CassandraServices\audit.py", line 27, in prepare
    self._prepared["insert_audit"] = session.prepare(
                                     ^^^^^^^^^^^^^^^^
  File "cassandra\cluster.py", line 3131, in cassandra.cluster.Session.prepare
  File "cassandra\cluster.py", line 3128, in cassandra.cluster.Session.prepare
  File "cassandra\cluster.py", line 4956, in cassandra.cluster.ResponseFuture.result
cassandra.InvalidRequest: Error from server: code=2200 [Invalid query] message="Undefined column name day in table pldt_audit.api_calls"
Search customers: query='', search_type='all', cassandra_available=True
Empty query - loading all customers
Failed to load all from Cassandra: Error from server: code=2200 [Invalid query] message="Undefined column name currency in table pldt_rt.accounts_by_id"
Failed to log API call to Cassandra.
Traceback (most recent call last):
  File "C:\temp\bankTradingManagement-master\bankTradingManagement-master\BACKEND\app\app.py", line 261, in cassandra_audit_middleware
    cassandra_service.log_api_call(
  File "C:\temp\bankTradingManagement-master\bankTradingManagement-master\BACKEND\app\cassandra_service.py", line 204, in log_api_call
    self.audit.log_api_call(
  File "C:\temp\bankTradingManagement-master\bankTradingManagement-master\BACKEND\app\CassandraServices\audit.py", line 49, in log_api_call
    self.prepare()
  File "C:\temp\bankTradingManagement-master\bankTradingManagement-master\BACKEND\app\CassandraServices\audit.py", line 27, in prepare
    self._prepared["insert_audit"] = session.prepare(
                                     ^^^^^^^^^^^^^^^^
  File "cassandra\cluster.py", line 3131, in cassandra.cluster.Session.prepare
  File "cassandra\cluster.py", line 3128, in cassandra.cluster.Session.prepare
  File "cassandra\cluster.py", line 4956, in cassandra.cluster.ResponseFuture.result
cassandra.InvalidRequest: Error from server: code=2200 [Invalid query] message="Undefined column name day in table pldt_audit.api_calls"
Failed to log API call to Cassandra.
Traceback (most recent call last):
  File "C:\temp\bankTradingManagement-master\bankTradingManagement-master\BACKEND\app\app.py", line 261, in cassandra_audit_middleware
    cassandra_service.log_api_call(
  File "C:\temp\bankTradingManagement-master\bankTradingManagement-master\BACKEND\app\cassandra_service.py", line 204, in log_api_call
    self.audit.log_api_call(
  File "C:\temp\bankTradingManagement-master\bankTradingManagement-master\BACKEND\app\CassandraServices\audit.py", line 49, in log_api_call
    self.prepare()
  File "C:\temp\bankTradingManagement-master\bankTradingManagement-master\BACKEND\app\CassandraServices\audit.py", line 27, in prepare
    self._prepared["insert_audit"] = session.prepare(
                                     ^^^^^^^^^^^^^^^^
  File "cassandra\cluster.py", line 3131, in cassandra.cluster.Session.prepare
  File "cassandra\cluster.py", line 3128, in cassandra.cluster.Session.prepare
  File "cassandra\cluster.py", line 4956, in cassandra.cluster.ResponseFuture.result
cassandra.InvalidRequest: Error from server: code=2200 [Invalid query] message="Undefined column name day in table pldt_audit.api_calls"
Failed to get balance from Cassandra; using memory store.
Traceback (most recent call last):
  File "C:\temp\bankTradingManagement-master\bankTradingManagement-master\BACKEND\app\app.py", line 1663, in _get_account_balance_impl
    balance = cassandra_service.get_account_balance(account_id)
              ^^^^^^^^^^^^^^^^^^^^^^^^^^^^^^^^^^^^^^^^^^^^^^^^^
  File "C:\temp\bankTradingManagement-master\bankTradingManagement-master\BACKEND\app\cassandra_service.py", line 230, in get_account_balance
    return self.accounts.get_balance(account_id)
           ^^^^^^^^^^^^^^^^^^^^^^^^^^^^^^^^^^^^^
  File "C:\temp\bankTradingManagement-master\bankTradingManagement-master\BACKEND\app\CassandraServices\accounts.py", line 573, in get_balance
    self._prepare_balance_statements(session)
  File "C:\temp\bankTradingManagement-master\bankTradingManagement-master\BACKEND\app\CassandraServices\accounts.py", line 645, in _prepare_balance_statements
    self._prepared["select_balance"] = session.prepare(
                                       ^^^^^^^^^^^^^^^^
  File "cassandra\cluster.py", line 3131, in cassandra.cluster.Session.prepare
  File "cassandra\cluster.py", line 3128, in cassandra.cluster.Session.prepare
  File "cassandra\cluster.py", line 4956, in cassandra.cluster.ResponseFuture.result
cassandra.InvalidRequest: Error from server: code=2200 [Invalid query] message="Undefined column name updated_at in table pldt_rt.account_balances"
Failed to log API call to Cassandra.
Traceback (most recent call last):
  File "C:\temp\bankTradingManagement-master\bankTradingManagement-master\BACKEND\app\app.py", line 261, in cassandra_audit_middleware
    cassandra_service.log_api_call(
  File "C:\temp\bankTradingManagement-master\bankTradingManagement-master\BACKEND\app\cassandra_service.py", line 204, in log_api_call
    self.audit.log_api_call(
  File "C:\temp\bankTradingManagement-master\bankTradingManagement-master\BACKEND\app\CassandraServices\audit.py", line 49, in log_api_call
    self.prepare()
  File "C:\temp\bankTradingManagement-master\bankTradingManagement-master\BACKEND\app\CassandraServices\audit.py", line 27, in prepare
    self._prepared["insert_audit"] = session.prepare(
                                     ^^^^^^^^^^^^^^^^
  File "cassandra\cluster.py", line 3131, in cassandra.cluster.Session.prepare
  File "cassandra\cluster.py", line 3128, in cassandra.cluster.Session.prepare
  File "cassandra\cluster.py", line 4956, in cassandra.cluster.ResponseFuture.result
cassandra.InvalidRequest: Error from server: code=2200 [Invalid query] message="Undefined column name day in table pldt_audit.api_calls"
Error listing HDFS directory /banktrading
Traceback (most recent call last):
  File "C:\temp\bankTradingManagement-master\bankTradingManagement-master\BACKEND\app\app.py", line 3517, in hdfs_list_directory
    files = hdfs_service.list_directory(path)
            ^^^^^^^^^^^^^^^^^^^^^^^^^^^^^^^^^
  File "C:\temp\bankTradingManagement-master\bankTradingManagement-master\BACKEND\app\hdfs_service.py", line 137, in list_directory
    response.raise_for_status()
  File "C:\Users\Per chan\AppData\Local\Programs\Python\Python311\Lib\site-packages\requests\models.py", line 1026, in raise_for_status
    raise HTTPError(http_error_msg, response=self)
requests.exceptions.HTTPError: 404 Client Error: Not Found for url: http://localhost:9870/webhdfs/v1/banktrading?op=LISTSTATUS
Failed to log API call to Cassandra.
Traceback (most recent call last):
  File "C:\temp\bankTradingManagement-master\bankTradingManagement-master\BACKEND\app\app.py", line 261, in cassandra_audit_middleware
    cassandra_service.log_api_call(
  File "C:\temp\bankTradingManagement-master\bankTradingManagement-master\BACKEND\app\cassandra_service.py", line 204, in log_api_call
    self.audit.log_api_call(
  File "C:\temp\bankTradingManagement-master\bankTradingManagement-master\BACKEND\app\CassandraServices\audit.py", line 49, in log_api_call
    self.prepare()
  File "C:\temp\bankTradingManagement-master\bankTradingManagement-master\BACKEND\app\CassandraServices\audit.py", line 27, in prepare
    self._prepared["insert_audit"] = session.prepare(
                                     ^^^^^^^^^^^^^^^^
  File "cassandra\cluster.py", line 3131, in cassandra.cluster.Session.prepare
  File "cassandra\cluster.py", line 3128, in cassandra.cluster.Session.prepare
  File "cassandra\cluster.py", line 4956, in cassandra.cluster.ResponseFuture.result
cassandra.InvalidRequest: Error from server: code=2200 [Invalid query] message="Undefined column name day in table pldt_audit.api_calls"
Error listing HDFS directory /banktrading
Traceback (most recent call last):
  File "C:\temp\bankTradingManagement-master\bankTradingManagement-master\BACKEND\app\app.py", line 3517, in hdfs_list_directory
    files = hdfs_service.list_directory(path)
            ^^^^^^^^^^^^^^^^^^^^^^^^^^^^^^^^^
  File "C:\temp\bankTradingManagement-master\bankTradingManagement-master\BACKEND\app\hdfs_service.py", line 137, in list_directory
    response.raise_for_status()
  File "C:\Users\Per chan\AppData\Local\Programs\Python\Python311\Lib\site-packages\requests\models.py", line 1026, in raise_for_status
    raise HTTPError(http_error_msg, response=self)
requests.exceptions.HTTPError: 404 Client Error: Not Found for url: http://localhost:9870/webhdfs/v1/banktrading?op=LISTSTATUS
Failed to log API call to Cassandra.
Traceback (most recent call last):
  File "C:\temp\bankTradingManagement-master\bankTradingManagement-master\BACKEND\app\app.py", line 261, in cassandra_audit_middleware
    cassandra_service.log_api_call(
  File "C:\temp\bankTradingManagement-master\bankTradingManagement-master\BACKEND\app\cassandra_service.py", line 204, in log_api_call
    self.audit.log_api_call(
  File "C:\temp\bankTradingManagement-master\bankTradingManagement-master\BACKEND\app\CassandraServices\audit.py", line 49, in log_api_call
    self.prepare()
  File "C:\temp\bankTradingManagement-master\bankTradingManagement-master\BACKEND\app\CassandraServices\audit.py", line 27, in prepare
    self._prepared["insert_audit"] = session.prepare(
                                     ^^^^^^^^^^^^^^^^
  File "cassandra\cluster.py", line 3131, in cassandra.cluster.Session.prepare
  File "cassandra\cluster.py", line 3128, in cassandra.cluster.Session.prepare
  File "cassandra\cluster.py", line 4956, in cassandra.cluster.ResponseFuture.result
cassandra.InvalidRequest: Error from server: code=2200 [Invalid query] message="Undefined column name day in table pldt_audit.api_calls"
Failed to fetch all transactions from Cassandra; using memory store.
Traceback (most recent call last):
  File "C:\temp\bankTradingManagement-master\bankTradingManagement-master\BACKEND\app\app.py", line 2099, in list_transactions_all
    items = cassandra_service.list_all_transactions(limit)
            ^^^^^^^^^^^^^^^^^^^^^^^^^^^^^^^^^^^^^^^^^^^^^^
  File "C:\temp\bankTradingManagement-master\bankTradingManagement-master\BACKEND\app\cassandra_service.py", line 129, in list_all_transactions
    return self.transactions.list_all_transactions(limit)
           ^^^^^^^^^^^^^^^^^^^^^^^^^^^^^^^^^^^^^^^^^^^^^^
  File "C:\temp\bankTradingManagement-master\bankTradingManagement-master\BACKEND\app\CassandraServices\transactions.py", line 313, in list_all_transactions
    rows = session.execute(statement)
           ^^^^^^^^^^^^^^^^^^^^^^^^^^
  File "cassandra\cluster.py", line 2677, in cassandra.cluster.Session.execute
  File "cassandra\cluster.py", line 4956, in cassandra.cluster.ResponseFuture.result
cassandra.InvalidRequest: Error from server: code=2200 [Invalid query] message="Undefined column name event_date in table pldt_rt.tx_by_account_day"
Failed to log API call to Cassandra.
Traceback (most recent call last):
  File "C:\temp\bankTradingManagement-master\bankTradingManagement-master\BACKEND\app\app.py", line 261, in cassandra_audit_middleware
    cassandra_service.log_api_call(
  File "C:\temp\bankTradingManagement-master\bankTradingManagement-master\BACKEND\app\cassandra_service.py", line 204, in log_api_call
    self.audit.log_api_call(
  File "C:\temp\bankTradingManagement-master\bankTradingManagement-master\BACKEND\app\CassandraServices\audit.py", line 49, in log_api_call
    self.prepare()
  File "C:\temp\bankTradingManagement-master\bankTradingManagement-master\BACKEND\app\CassandraServices\audit.py", line 27, in prepare
    self._prepared["insert_audit"] = session.prepare(
                                     ^^^^^^^^^^^^^^^^
  File "cassandra\cluster.py", line 3131, in cassandra.cluster.Session.prepare
  File "cassandra\cluster.py", line 3128, in cassandra.cluster.Session.prepare
  File "cassandra\cluster.py", line 4956, in cassandra.cluster.ResponseFuture.result
cassandra.InvalidRequest: Error from server: code=2200 [Invalid query] message="Undefined column name day in table pldt_audit.api_calls"
Search customers: query='', search_type='all', cassandra_available=True
Empty query - loading all customers
Failed to load all from Cassandra: Error from server: code=2200 [Invalid query] message="Undefined column name currency in table pldt_rt.accounts_by_id"
Failed to log API call to Cassandra.
Traceback (most recent call last):
  File "C:\temp\bankTradingManagement-master\bankTradingManagement-master\BACKEND\app\app.py", line 261, in cassandra_audit_middleware
    cassandra_service.log_api_call(
  File "C:\temp\bankTradingManagement-master\bankTradingManagement-master\BACKEND\app\cassandra_service.py", line 204, in log_api_call
    self.audit.log_api_call(
  File "C:\temp\bankTradingManagement-master\bankTradingManagement-master\BACKEND\app\CassandraServices\audit.py", line 49, in log_api_call
    self.prepare()
  File "C:\temp\bankTradingManagement-master\bankTradingManagement-master\BACKEND\app\CassandraServices\audit.py", line 27, in prepare
    self._prepared["insert_audit"] = session.prepare(
                                     ^^^^^^^^^^^^^^^^
  File "cassandra\cluster.py", line 3131, in cassandra.cluster.Session.prepare
  File "cassandra\cluster.py", line 3128, in cassandra.cluster.Session.prepare
  File "cassandra\cluster.py", line 4956, in cassandra.cluster.ResponseFuture.result
cassandra.InvalidRequest: Error from server: code=2200 [Invalid query] message="Undefined column name day in table pldt_audit.api_calls"
Failed to fetch all transactions from Cassandra; using memory store.
Traceback (most recent call last):
  File "C:\temp\bankTradingManagement-master\bankTradingManagement-master\BACKEND\app\app.py", line 2099, in list_transactions_all
    items = cassandra_service.list_all_transactions(limit)
            ^^^^^^^^^^^^^^^^^^^^^^^^^^^^^^^^^^^^^^^^^^^^^^
  File "C:\temp\bankTradingManagement-master\bankTradingManagement-master\BACKEND\app\cassandra_service.py", line 129, in list_all_transactions
    return self.transactions.list_all_transactions(limit)
           ^^^^^^^^^^^^^^^^^^^^^^^^^^^^^^^^^^^^^^^^^^^^^^
  File "C:\temp\bankTradingManagement-master\bankTradingManagement-master\BACKEND\app\CassandraServices\transactions.py", line 313, in list_all_transactions
    rows = session.execute(statement)
           ^^^^^^^^^^^^^^^^^^^^^^^^^^
  File "cassandra\cluster.py", line 2677, in cassandra.cluster.Session.execute
  File "cassandra\cluster.py", line 4956, in cassandra.cluster.ResponseFuture.result
cassandra.InvalidRequest: Error from server: code=2200 [Invalid query] message="Undefined column name event_date in table pldt_rt.tx_by_account_day"
Failed to log API call to Cassandra.
Traceback (most recent call last):
  File "C:\temp\bankTradingManagement-master\bankTradingManagement-master\BACKEND\app\app.py", line 261, in cassandra_audit_middleware
    cassandra_service.log_api_call(
  File "C:\temp\bankTradingManagement-master\bankTradingManagement-master\BACKEND\app\cassandra_service.py", line 204, in log_api_call
    self.audit.log_api_call(
  File "C:\temp\bankTradingManagement-master\bankTradingManagement-master\BACKEND\app\CassandraServices\audit.py", line 49, in log_api_call
    self.prepare()
  File "C:\temp\bankTradingManagement-master\bankTradingManagement-master\BACKEND\app\CassandraServices\audit.py", line 27, in prepare
    self._prepared["insert_audit"] = session.prepare(
                                     ^^^^^^^^^^^^^^^^
  File "cassandra\cluster.py", line 3131, in cassandra.cluster.Session.prepare
  File "cassandra\cluster.py", line 3128, in cassandra.cluster.Session.prepare
  File "cassandra\cluster.py", line 4956, in cassandra.cluster.ResponseFuture.result
cassandra.InvalidRequest: Error from server: code=2200 [Invalid query] message="Undefined column name day in table pldt_audit.api_calls"
Failed to log API call to Cassandra.
Traceback (most recent call last):
  File "C:\temp\bankTradingManagement-master\bankTradingManagement-master\BACKEND\app\app.py", line 261, in cassandra_audit_middleware
    cassandra_service.log_api_call(
  File "C:\temp\bankTradingManagement-master\bankTradingManagement-master\BACKEND\app\cassandra_service.py", line 204, in log_api_call
    self.audit.log_api_call(
  File "C:\temp\bankTradingManagement-master\bankTradingManagement-master\BACKEND\app\CassandraServices\audit.py", line 49, in log_api_call
    self.prepare()
  File "C:\temp\bankTradingManagement-master\bankTradingManagement-master\BACKEND\app\CassandraServices\audit.py", line 27, in prepare
    self._prepared["insert_audit"] = session.prepare(
                                     ^^^^^^^^^^^^^^^^
  File "cassandra\cluster.py", line 3131, in cassandra.cluster.Session.prepare
  File "cassandra\cluster.py", line 3128, in cassandra.cluster.Session.prepare
  File "cassandra\cluster.py", line 4956, in cassandra.cluster.ResponseFuture.result
cassandra.InvalidRequest: Error from server: code=2200 [Invalid query] message="Undefined column name day in table pldt_audit.api_calls"
Failed to log API call to Cassandra.
Traceback (most recent call last):
  File "C:\temp\bankTradingManagement-master\bankTradingManagement-master\BACKEND\app\app.py", line 261, in cassandra_audit_middleware
    cassandra_service.log_api_call(
  File "C:\temp\bankTradingManagement-master\bankTradingManagement-master\BACKEND\app\cassandra_service.py", line 204, in log_api_call
    self.audit.log_api_call(
  File "C:\temp\bankTradingManagement-master\bankTradingManagement-master\BACKEND\app\CassandraServices\audit.py", line 49, in log_api_call
    self.prepare()
  File "C:\temp\bankTradingManagement-master\bankTradingManagement-master\BACKEND\app\CassandraServices\audit.py", line 27, in prepare
    self._prepared["insert_audit"] = session.prepare(
                                     ^^^^^^^^^^^^^^^^
  File "cassandra\cluster.py", line 3131, in cassandra.cluster.Session.prepare
  File "cassandra\cluster.py", line 3128, in cassandra.cluster.Session.prepare
  File "cassandra\cluster.py", line 4956, in cassandra.cluster.ResponseFuture.result
cassandra.InvalidRequest: Error from server: code=2200 [Invalid query] message="Undefined column name day in table pldt_audit.api_calls"
Failed to log API call to Cassandra.
Traceback (most recent call last):
  File "C:\temp\bankTradingManagement-master\bankTradingManagement-master\BACKEND\app\app.py", line 261, in cassandra_audit_middleware
    cassandra_service.log_api_call(
  File "C:\temp\bankTradingManagement-master\bankTradingManagement-master\BACKEND\app\cassandra_service.py", line 204, in log_api_call
    self.audit.log_api_call(
  File "C:\temp\bankTradingManagement-master\bankTradingManagement-master\BACKEND\app\CassandraServices\audit.py", line 49, in log_api_call
    self.prepare()
  File "C:\temp\bankTradingManagement-master\bankTradingManagement-master\BACKEND\app\CassandraServices\audit.py", line 27, in prepare
    self._prepared["insert_audit"] = session.prepare(
                                     ^^^^^^^^^^^^^^^^
  File "cassandra\cluster.py", line 3131, in cassandra.cluster.Session.prepare
  File "cassandra\cluster.py", line 3128, in cassandra.cluster.Session.prepare
  File "cassandra\cluster.py", line 4956, in cassandra.cluster.ResponseFuture.result
cassandra.InvalidRequest: Error from server: code=2200 [Invalid query] message="Undefined column name day in table pldt_audit.api_calls"
Failed to get account from Cassandra; using memory store.
Traceback (most recent call last):
  File "C:\temp\bankTradingManagement-master\bankTradingManagement-master\BACKEND\app\app.py", line 1107, in get_account
    account = cassandra_service.get_account_by_id(account_id)
              ^^^^^^^^^^^^^^^^^^^^^^^^^^^^^^^^^^^^^^^^^^^^^^^
  File "C:\temp\bankTradingManagement-master\bankTradingManagement-master\BACKEND\app\cassandra_service.py", line 218, in get_account_by_id
    return self.accounts.get_account_by_id(account_id)
           ^^^^^^^^^^^^^^^^^^^^^^^^^^^^^^^^^^^^^^^^^^^
  File "C:\temp\bankTradingManagement-master\bankTradingManagement-master\BACKEND\app\CassandraServices\accounts.py", line 348, in get_account_by_id
    self.prepare()
  File "C:\temp\bankTradingManagement-master\bankTradingManagement-master\BACKEND\app\CassandraServices\accounts.py", line 33, in prepare
    self._prepared["insert_account_by_id"] = session.prepare(
                                             ^^^^^^^^^^^^^^^^
  File "cassandra\cluster.py", line 3131, in cassandra.cluster.Session.prepare
  File "cassandra\cluster.py", line 3128, in cassandra.cluster.Session.prepare
  File "cassandra\cluster.py", line 4956, in cassandra.cluster.ResponseFuture.result
cassandra.InvalidRequest: Error from server: code=2200 [Invalid query] message="Undefined column name currency in table pldt_rt.accounts_by_id"
Failed to log API call to Cassandra.
Traceback (most recent call last):
  File "C:\temp\bankTradingManagement-master\bankTradingManagement-master\BACKEND\app\app.py", line 261, in cassandra_audit_middleware
    cassandra_service.log_api_call(
  File "C:\temp\bankTradingManagement-master\bankTradingManagement-master\BACKEND\app\cassandra_service.py", line 204, in log_api_call
    self.audit.log_api_call(
  File "C:\temp\bankTradingManagement-master\bankTradingManagement-master\BACKEND\app\CassandraServices\audit.py", line 49, in log_api_call
    self.prepare()
  File "C:\temp\bankTradingManagement-master\bankTradingManagement-master\BACKEND\app\CassandraServices\audit.py", line 27, in prepare
    self._prepared["insert_audit"] = session.prepare(
                                     ^^^^^^^^^^^^^^^^
  File "cassandra\cluster.py", line 3131, in cassandra.cluster.Session.prepare
  File "cassandra\cluster.py", line 3128, in cassandra.cluster.Session.prepare
  File "cassandra\cluster.py", line 4956, in cassandra.cluster.ResponseFuture.result
cassandra.InvalidRequest: Error from server: code=2200 [Invalid query] message="Undefined column name day in table pldt_audit.api_calls"
Failed to get account from Cassandra; using memory store.
Traceback (most recent call last):
  File "C:\temp\bankTradingManagement-master\bankTradingManagement-master\BACKEND\app\app.py", line 1107, in get_account
    account = cassandra_service.get_account_by_id(account_id)
              ^^^^^^^^^^^^^^^^^^^^^^^^^^^^^^^^^^^^^^^^^^^^^^^
  File "C:\temp\bankTradingManagement-master\bankTradingManagement-master\BACKEND\app\cassandra_service.py", line 218, in get_account_by_id
    return self.accounts.get_account_by_id(account_id)
           ^^^^^^^^^^^^^^^^^^^^^^^^^^^^^^^^^^^^^^^^^^^
  File "C:\temp\bankTradingManagement-master\bankTradingManagement-master\BACKEND\app\CassandraServices\accounts.py", line 348, in get_account_by_id
    self.prepare()
  File "C:\temp\bankTradingManagement-master\bankTradingManagement-master\BACKEND\app\CassandraServices\accounts.py", line 33, in prepare
    self._prepared["insert_account_by_id"] = session.prepare(
                                             ^^^^^^^^^^^^^^^^
  File "cassandra\cluster.py", line 3131, in cassandra.cluster.Session.prepare
  File "cassandra\cluster.py", line 3128, in cassandra.cluster.Session.prepare
  File "cassandra\cluster.py", line 4956, in cassandra.cluster.ResponseFuture.result
cassandra.InvalidRequest: Error from server: code=2200 [Invalid query] message="Undefined column name currency in table pldt_rt.accounts_by_id"
Failed to log API call to Cassandra.
Traceback (most recent call last):
  File "C:\temp\bankTradingManagement-master\bankTradingManagement-master\BACKEND\app\app.py", line 261, in cassandra_audit_middleware
    cassandra_service.log_api_call(
  File "C:\temp\bankTradingManagement-master\bankTradingManagement-master\BACKEND\app\cassandra_service.py", line 204, in log_api_call
    self.audit.log_api_call(
  File "C:\temp\bankTradingManagement-master\bankTradingManagement-master\BACKEND\app\CassandraServices\audit.py", line 49, in log_api_call
    self.prepare()
  File "C:\temp\bankTradingManagement-master\bankTradingManagement-master\BACKEND\app\CassandraServices\audit.py", line 27, in prepare
    self._prepared["insert_audit"] = session.prepare(
                                     ^^^^^^^^^^^^^^^^
  File "cassandra\cluster.py", line 3131, in cassandra.cluster.Session.prepare
  File "cassandra\cluster.py", line 3128, in cassandra.cluster.Session.prepare
  File "cassandra\cluster.py", line 4956, in cassandra.cluster.ResponseFuture.result
cassandra.InvalidRequest: Error from server: code=2200 [Invalid query] message="Undefined column name day in table pldt_audit.api_calls"
Failed to get account from Cassandra; using memory store.
Traceback (most recent call last):
  File "C:\temp\bankTradingManagement-master\bankTradingManagement-master\BACKEND\app\app.py", line 1107, in get_account
    account = cassandra_service.get_account_by_id(account_id)
              ^^^^^^^^^^^^^^^^^^^^^^^^^^^^^^^^^^^^^^^^^^^^^^^
  File "C:\temp\bankTradingManagement-master\bankTradingManagement-master\BACKEND\app\cassandra_service.py", line 218, in get_account_by_id
    return self.accounts.get_account_by_id(account_id)
           ^^^^^^^^^^^^^^^^^^^^^^^^^^^^^^^^^^^^^^^^^^^
  File "C:\temp\bankTradingManagement-master\bankTradingManagement-master\BACKEND\app\CassandraServices\accounts.py", line 348, in get_account_by_id
    self.prepare()
  File "C:\temp\bankTradingManagement-master\bankTradingManagement-master\BACKEND\app\CassandraServices\accounts.py", line 33, in prepare
    self._prepared["insert_account_by_id"] = session.prepare(
                                             ^^^^^^^^^^^^^^^^
  File "cassandra\cluster.py", line 3131, in cassandra.cluster.Session.prepare
  File "cassandra\cluster.py", line 3128, in cassandra.cluster.Session.prepare
  File "cassandra\cluster.py", line 4956, in cassandra.cluster.ResponseFuture.result
cassandra.InvalidRequest: Error from server: code=2200 [Invalid query] message="Undefined column name currency in table pldt_rt.accounts_by_id"
Failed to log API call to Cassandra.
Traceback (most recent call last):
  File "C:\temp\bankTradingManagement-master\bankTradingManagement-master\BACKEND\app\app.py", line 261, in cassandra_audit_middleware
    cassandra_service.log_api_call(
  File "C:\temp\bankTradingManagement-master\bankTradingManagement-master\BACKEND\app\cassandra_service.py", line 204, in log_api_call
    self.audit.log_api_call(
  File "C:\temp\bankTradingManagement-master\bankTradingManagement-master\BACKEND\app\CassandraServices\audit.py", line 49, in log_api_call
    self.prepare()
  File "C:\temp\bankTradingManagement-master\bankTradingManagement-master\BACKEND\app\CassandraServices\audit.py", line 27, in prepare
    self._prepared["insert_audit"] = session.prepare(
                                     ^^^^^^^^^^^^^^^^
  File "cassandra\cluster.py", line 3131, in cassandra.cluster.Session.prepare
  File "cassandra\cluster.py", line 3128, in cassandra.cluster.Session.prepare
  File "cassandra\cluster.py", line 4956, in cassandra.cluster.ResponseFuture.result
cassandra.InvalidRequest: Error from server: code=2200 [Invalid query] message="Undefined column name day in table pldt_audit.api_calls"
Failed to get account from Cassandra; using memory store.
Traceback (most recent call last):
  File "C:\temp\bankTradingManagement-master\bankTradingManagement-master\BACKEND\app\app.py", line 1107, in get_account
    account = cassandra_service.get_account_by_id(account_id)
              ^^^^^^^^^^^^^^^^^^^^^^^^^^^^^^^^^^^^^^^^^^^^^^^
  File "C:\temp\bankTradingManagement-master\bankTradingManagement-master\BACKEND\app\cassandra_service.py", line 218, in get_account_by_id
    return self.accounts.get_account_by_id(account_id)
           ^^^^^^^^^^^^^^^^^^^^^^^^^^^^^^^^^^^^^^^^^^^
  File "C:\temp\bankTradingManagement-master\bankTradingManagement-master\BACKEND\app\CassandraServices\accounts.py", line 348, in get_account_by_id
    self.prepare()
  File "C:\temp\bankTradingManagement-master\bankTradingManagement-master\BACKEND\app\CassandraServices\accounts.py", line 33, in prepare
    self._prepared["insert_account_by_id"] = session.prepare(
                                             ^^^^^^^^^^^^^^^^
  File "cassandra\cluster.py", line 3131, in cassandra.cluster.Session.prepare
  File "cassandra\cluster.py", line 3128, in cassandra.cluster.Session.prepare
  File "cassandra\cluster.py", line 4956, in cassandra.cluster.ResponseFuture.result
cassandra.InvalidRequest: Error from server: code=2200 [Invalid query] message="Undefined column name currency in table pldt_rt.accounts_by_id"
Failed to log API call to Cassandra.
Traceback (most recent call last):
  File "C:\temp\bankTradingManagement-master\bankTradingManagement-master\BACKEND\app\app.py", line 261, in cassandra_audit_middleware
    cassandra_service.log_api_call(
  File "C:\temp\bankTradingManagement-master\bankTradingManagement-master\BACKEND\app\cassandra_service.py", line 204, in log_api_call
    self.audit.log_api_call(
  File "C:\temp\bankTradingManagement-master\bankTradingManagement-master\BACKEND\app\CassandraServices\audit.py", line 49, in log_api_call
    self.prepare()
  File "C:\temp\bankTradingManagement-master\bankTradingManagement-master\BACKEND\app\CassandraServices\audit.py", line 27, in prepare
    self._prepared["insert_audit"] = session.prepare(
                                     ^^^^^^^^^^^^^^^^
  File "cassandra\cluster.py", line 3131, in cassandra.cluster.Session.prepare
  File "cassandra\cluster.py", line 3128, in cassandra.cluster.Session.prepare
  File "cassandra\cluster.py", line 4956, in cassandra.cluster.ResponseFuture.result
cassandra.InvalidRequest: Error from server: code=2200 [Invalid query] message="Undefined column name day in table pldt_audit.api_calls"
Failed to get account from Cassandra; using memory store.
Traceback (most recent call last):
  File "C:\temp\bankTradingManagement-master\bankTradingManagement-master\BACKEND\app\app.py", line 1107, in get_account
    account = cassandra_service.get_account_by_id(account_id)
              ^^^^^^^^^^^^^^^^^^^^^^^^^^^^^^^^^^^^^^^^^^^^^^^
  File "C:\temp\bankTradingManagement-master\bankTradingManagement-master\BACKEND\app\cassandra_service.py", line 218, in get_account_by_id
    return self.accounts.get_account_by_id(account_id)
           ^^^^^^^^^^^^^^^^^^^^^^^^^^^^^^^^^^^^^^^^^^^
  File "C:\temp\bankTradingManagement-master\bankTradingManagement-master\BACKEND\app\CassandraServices\accounts.py", line 348, in get_account_by_id
    self.prepare()
  File "C:\temp\bankTradingManagement-master\bankTradingManagement-master\BACKEND\app\CassandraServices\accounts.py", line 33, in prepare
    self._prepared["insert_account_by_id"] = session.prepare(
                                             ^^^^^^^^^^^^^^^^
  File "cassandra\cluster.py", line 3131, in cassandra.cluster.Session.prepare
  File "cassandra\cluster.py", line 3128, in cassandra.cluster.Session.prepare
  File "cassandra\cluster.py", line 4956, in cassandra.cluster.ResponseFuture.result
cassandra.InvalidRequest: Error from server: code=2200 [Invalid query] message="Undefined column name currency in table pldt_rt.accounts_by_id"
Failed to log API call to Cassandra.
Traceback (most recent call last):
  File "C:\temp\bankTradingManagement-master\bankTradingManagement-master\BACKEND\app\app.py", line 261, in cassandra_audit_middleware
    cassandra_service.log_api_call(
  File "C:\temp\bankTradingManagement-master\bankTradingManagement-master\BACKEND\app\cassandra_service.py", line 204, in log_api_call
    self.audit.log_api_call(
  File "C:\temp\bankTradingManagement-master\bankTradingManagement-master\BACKEND\app\CassandraServices\audit.py", line 49, in log_api_call
    self.prepare()
  File "C:\temp\bankTradingManagement-master\bankTradingManagement-master\BACKEND\app\CassandraServices\audit.py", line 27, in prepare
    self._prepared["insert_audit"] = session.prepare(
                                     ^^^^^^^^^^^^^^^^
  File "cassandra\cluster.py", line 3131, in cassandra.cluster.Session.prepare
  File "cassandra\cluster.py", line 3128, in cassandra.cluster.Session.prepare
  File "cassandra\cluster.py", line 4956, in cassandra.cluster.ResponseFuture.result
cassandra.InvalidRequest: Error from server: code=2200 [Invalid query] message="Undefined column name day in table pldt_audit.api_calls"
Search customers: query='', search_type='all', cassandra_available=True
Empty query - loading all customers
Failed to load all from Cassandra: Error from server: code=2200 [Invalid query] message="Undefined column name currency in table pldt_rt.accounts_by_id"
Failed to log API call to Cassandra.
Traceback (most recent call last):
  File "C:\temp\bankTradingManagement-master\bankTradingManagement-master\BACKEND\app\app.py", line 261, in cassandra_audit_middleware
    cassandra_service.log_api_call(
  File "C:\temp\bankTradingManagement-master\bankTradingManagement-master\BACKEND\app\cassandra_service.py", line 204, in log_api_call
    self.audit.log_api_call(
  File "C:\temp\bankTradingManagement-master\bankTradingManagement-master\BACKEND\app\CassandraServices\audit.py", line 49, in log_api_call
    self.prepare()
  File "C:\temp\bankTradingManagement-master\bankTradingManagement-master\BACKEND\app\CassandraServices\audit.py", line 27, in prepare
    self._prepared["insert_audit"] = session.prepare(
                                     ^^^^^^^^^^^^^^^^
  File "cassandra\cluster.py", line 3131, in cassandra.cluster.Session.prepare
  File "cassandra\cluster.py", line 3128, in cassandra.cluster.Session.prepare
  File "cassandra\cluster.py", line 4956, in cassandra.cluster.ResponseFuture.result
cassandra.InvalidRequest: Error from server: code=2200 [Invalid query] message="Undefined column name day in table pldt_audit.api_calls"
Failed to fetch all transactions from Cassandra; using memory store.
Traceback (most recent call last):
  File "C:\temp\bankTradingManagement-master\bankTradingManagement-master\BACKEND\app\app.py", line 2099, in list_transactions_all
    items = cassandra_service.list_all_transactions(limit)
            ^^^^^^^^^^^^^^^^^^^^^^^^^^^^^^^^^^^^^^^^^^^^^^
  File "C:\temp\bankTradingManagement-master\bankTradingManagement-master\BACKEND\app\cassandra_service.py", line 129, in list_all_transactions
    return self.transactions.list_all_transactions(limit)
           ^^^^^^^^^^^^^^^^^^^^^^^^^^^^^^^^^^^^^^^^^^^^^^
  File "C:\temp\bankTradingManagement-master\bankTradingManagement-master\BACKEND\app\CassandraServices\transactions.py", line 313, in list_all_transactions
    rows = session.execute(statement)
           ^^^^^^^^^^^^^^^^^^^^^^^^^^
  File "cassandra\cluster.py", line 2677, in cassandra.cluster.Session.execute
  File "cassandra\cluster.py", line 4956, in cassandra.cluster.ResponseFuture.result
cassandra.InvalidRequest: Error from server: code=2200 [Invalid query] message="Undefined column name event_date in table pldt_rt.tx_by_account_day"
Failed to log API call to Cassandra.
Traceback (most recent call last):
  File "C:\temp\bankTradingManagement-master\bankTradingManagement-master\BACKEND\app\app.py", line 261, in cassandra_audit_middleware
    cassandra_service.log_api_call(
  File "C:\temp\bankTradingManagement-master\bankTradingManagement-master\BACKEND\app\cassandra_service.py", line 204, in log_api_call
    self.audit.log_api_call(
  File "C:\temp\bankTradingManagement-master\bankTradingManagement-master\BACKEND\app\CassandraServices\audit.py", line 49, in log_api_call
    self.prepare()
  File "C:\temp\bankTradingManagement-master\bankTradingManagement-master\BACKEND\app\CassandraServices\audit.py", line 27, in prepare
    self._prepared["insert_audit"] = session.prepare(
                                     ^^^^^^^^^^^^^^^^
  File "cassandra\cluster.py", line 3131, in cassandra.cluster.Session.prepare
  File "cassandra\cluster.py", line 3128, in cassandra.cluster.Session.prepare
  File "cassandra\cluster.py", line 4956, in cassandra.cluster.ResponseFuture.result
cassandra.InvalidRequest: Error from server: code=2200 [Invalid query] message="Undefined column name day in table pldt_audit.api_calls"
Failed to log API call to Cassandra.
Traceback (most recent call last):
  File "C:\temp\bankTradingManagement-master\bankTradingManagement-master\BACKEND\app\app.py", line 261, in cassandra_audit_middleware
    cassandra_service.log_api_call(
  File "C:\temp\bankTradingManagement-master\bankTradingManagement-master\BACKEND\app\cassandra_service.py", line 204, in log_api_call
    self.audit.log_api_call(
  File "C:\temp\bankTradingManagement-master\bankTradingManagement-master\BACKEND\app\CassandraServices\audit.py", line 49, in log_api_call
    self.prepare()
  File "C:\temp\bankTradingManagement-master\bankTradingManagement-master\BACKEND\app\CassandraServices\audit.py", line 27, in prepare
    self._prepared["insert_audit"] = session.prepare(
                                     ^^^^^^^^^^^^^^^^
  File "cassandra\cluster.py", line 3131, in cassandra.cluster.Session.prepare
  File "cassandra\cluster.py", line 3128, in cassandra.cluster.Session.prepare
  File "cassandra\cluster.py", line 4956, in cassandra.cluster.ResponseFuture.result
cassandra.InvalidRequest: Error from server: code=2200 [Invalid query] message="Undefined column name day in table pldt_audit.api_calls"
Failed to get account from Cassandra; using memory store.
Traceback (most recent call last):
  File "C:\temp\bankTradingManagement-master\bankTradingManagement-master\BACKEND\app\app.py", line 1107, in get_account
    account = cassandra_service.get_account_by_id(account_id)
              ^^^^^^^^^^^^^^^^^^^^^^^^^^^^^^^^^^^^^^^^^^^^^^^
  File "C:\temp\bankTradingManagement-master\bankTradingManagement-master\BACKEND\app\cassandra_service.py", line 218, in get_account_by_id
    return self.accounts.get_account_by_id(account_id)
           ^^^^^^^^^^^^^^^^^^^^^^^^^^^^^^^^^^^^^^^^^^^
  File "C:\temp\bankTradingManagement-master\bankTradingManagement-master\BACKEND\app\CassandraServices\accounts.py", line 348, in get_account_by_id
    self.prepare()
  File "C:\temp\bankTradingManagement-master\bankTradingManagement-master\BACKEND\app\CassandraServices\accounts.py", line 33, in prepare
    self._prepared["insert_account_by_id"] = session.prepare(
                                             ^^^^^^^^^^^^^^^^
  File "cassandra\cluster.py", line 3131, in cassandra.cluster.Session.prepare
  File "cassandra\cluster.py", line 3128, in cassandra.cluster.Session.prepare
  File "cassandra\cluster.py", line 4956, in cassandra.cluster.ResponseFuture.result
cassandra.InvalidRequest: Error from server: code=2200 [Invalid query] message="Undefined column name currency in table pldt_rt.accounts_by_id"
Failed to log API call to Cassandra.
Traceback (most recent call last):
  File "C:\temp\bankTradingManagement-master\bankTradingManagement-master\BACKEND\app\app.py", line 261, in cassandra_audit_middleware
    cassandra_service.log_api_call(
  File "C:\temp\bankTradingManagement-master\bankTradingManagement-master\BACKEND\app\cassandra_service.py", line 204, in log_api_call
    self.audit.log_api_call(
  File "C:\temp\bankTradingManagement-master\bankTradingManagement-master\BACKEND\app\CassandraServices\audit.py", line 49, in log_api_call
    self.prepare()
  File "C:\temp\bankTradingManagement-master\bankTradingManagement-master\BACKEND\app\CassandraServices\audit.py", line 27, in prepare
    self._prepared["insert_audit"] = session.prepare(
                                     ^^^^^^^^^^^^^^^^
  File "cassandra\cluster.py", line 3131, in cassandra.cluster.Session.prepare
  File "cassandra\cluster.py", line 3128, in cassandra.cluster.Session.prepare
  File "cassandra\cluster.py", line 4956, in cassandra.cluster.ResponseFuture.result
cassandra.InvalidRequest: Error from server: code=2200 [Invalid query] message="Undefined column name day in table pldt_audit.api_calls"
Failed to get account from Cassandra; using memory store.
Traceback (most recent call last):
  File "C:\temp\bankTradingManagement-master\bankTradingManagement-master\BACKEND\app\app.py", line 1107, in get_account
    account = cassandra_service.get_account_by_id(account_id)
              ^^^^^^^^^^^^^^^^^^^^^^^^^^^^^^^^^^^^^^^^^^^^^^^
  File "C:\temp\bankTradingManagement-master\bankTradingManagement-master\BACKEND\app\cassandra_service.py", line 218, in get_account_by_id
    return self.accounts.get_account_by_id(account_id)
           ^^^^^^^^^^^^^^^^^^^^^^^^^^^^^^^^^^^^^^^^^^^
  File "C:\temp\bankTradingManagement-master\bankTradingManagement-master\BACKEND\app\CassandraServices\accounts.py", line 348, in get_account_by_id
    self.prepare()
  File "C:\temp\bankTradingManagement-master\bankTradingManagement-master\BACKEND\app\CassandraServices\accounts.py", line 33, in prepare
    self._prepared["insert_account_by_id"] = session.prepare(
                                             ^^^^^^^^^^^^^^^^
  File "cassandra\cluster.py", line 3131, in cassandra.cluster.Session.prepare
  File "cassandra\cluster.py", line 3128, in cassandra.cluster.Session.prepare
  File "cassandra\cluster.py", line 4956, in cassandra.cluster.ResponseFuture.result
cassandra.InvalidRequest: Error from server: code=2200 [Invalid query] message="Undefined column name currency in table pldt_rt.accounts_by_id"
Failed to log API call to Cassandra.
Traceback (most recent call last):
  File "C:\temp\bankTradingManagement-master\bankTradingManagement-master\BACKEND\app\app.py", line 261, in cassandra_audit_middleware
    cassandra_service.log_api_call(
  File "C:\temp\bankTradingManagement-master\bankTradingManagement-master\BACKEND\app\cassandra_service.py", line 204, in log_api_call
    self.audit.log_api_call(
  File "C:\temp\bankTradingManagement-master\bankTradingManagement-master\BACKEND\app\CassandraServices\audit.py", line 49, in log_api_call
    self.prepare()
  File "C:\temp\bankTradingManagement-master\bankTradingManagement-master\BACKEND\app\CassandraServices\audit.py", line 27, in prepare
    self._prepared["insert_audit"] = session.prepare(
                                     ^^^^^^^^^^^^^^^^
  File "cassandra\cluster.py", line 3131, in cassandra.cluster.Session.prepare
  File "cassandra\cluster.py", line 3128, in cassandra.cluster.Session.prepare
  File "cassandra\cluster.py", line 4956, in cassandra.cluster.ResponseFuture.result
cassandra.InvalidRequest: Error from server: code=2200 [Invalid query] message="Undefined column name day in table pldt_audit.api_calls"
Failed to get account from Cassandra; using memory store.
Traceback (most recent call last):
  File "C:\temp\bankTradingManagement-master\bankTradingManagement-master\BACKEND\app\app.py", line 1107, in get_account
    account = cassandra_service.get_account_by_id(account_id)
              ^^^^^^^^^^^^^^^^^^^^^^^^^^^^^^^^^^^^^^^^^^^^^^^
  File "C:\temp\bankTradingManagement-master\bankTradingManagement-master\BACKEND\app\cassandra_service.py", line 218, in get_account_by_id
    return self.accounts.get_account_by_id(account_id)
           ^^^^^^^^^^^^^^^^^^^^^^^^^^^^^^^^^^^^^^^^^^^
  File "C:\temp\bankTradingManagement-master\bankTradingManagement-master\BACKEND\app\CassandraServices\accounts.py", line 348, in get_account_by_id
    self.prepare()
  File "C:\temp\bankTradingManagement-master\bankTradingManagement-master\BACKEND\app\CassandraServices\accounts.py", line 33, in prepare
    self._prepared["insert_account_by_id"] = session.prepare(
                                             ^^^^^^^^^^^^^^^^
  File "cassandra\cluster.py", line 3131, in cassandra.cluster.Session.prepare
  File "cassandra\cluster.py", line 3128, in cassandra.cluster.Session.prepare
  File "cassandra\cluster.py", line 4956, in cassandra.cluster.ResponseFuture.result
cassandra.InvalidRequest: Error from server: code=2200 [Invalid query] message="Undefined column name currency in table pldt_rt.accounts_by_id"
Failed to log API call to Cassandra.
Traceback (most recent call last):
  File "C:\temp\bankTradingManagement-master\bankTradingManagement-master\BACKEND\app\app.py", line 261, in cassandra_audit_middleware
    cassandra_service.log_api_call(
  File "C:\temp\bankTradingManagement-master\bankTradingManagement-master\BACKEND\app\cassandra_service.py", line 204, in log_api_call
    self.audit.log_api_call(
  File "C:\temp\bankTradingManagement-master\bankTradingManagement-master\BACKEND\app\CassandraServices\audit.py", line 49, in log_api_call
    self.prepare()
  File "C:\temp\bankTradingManagement-master\bankTradingManagement-master\BACKEND\app\CassandraServices\audit.py", line 27, in prepare
    self._prepared["insert_audit"] = session.prepare(
                                     ^^^^^^^^^^^^^^^^
  File "cassandra\cluster.py", line 3131, in cassandra.cluster.Session.prepare
  File "cassandra\cluster.py", line 3128, in cassandra.cluster.Session.prepare
  File "cassandra\cluster.py", line 4956, in cassandra.cluster.ResponseFuture.result
cassandra.InvalidRequest: Error from server: code=2200 [Invalid query] message="Undefined column name day in table pldt_audit.api_calls"
Failed to get account from Cassandra; using memory store.
Traceback (most recent call last):
  File "C:\temp\bankTradingManagement-master\bankTradingManagement-master\BACKEND\app\app.py", line 1107, in get_account
    account = cassandra_service.get_account_by_id(account_id)
              ^^^^^^^^^^^^^^^^^^^^^^^^^^^^^^^^^^^^^^^^^^^^^^^
  File "C:\temp\bankTradingManagement-master\bankTradingManagement-master\BACKEND\app\cassandra_service.py", line 218, in get_account_by_id
    return self.accounts.get_account_by_id(account_id)
           ^^^^^^^^^^^^^^^^^^^^^^^^^^^^^^^^^^^^^^^^^^^
  File "C:\temp\bankTradingManagement-master\bankTradingManagement-master\BACKEND\app\CassandraServices\accounts.py", line 348, in get_account_by_id
    self.prepare()
  File "C:\temp\bankTradingManagement-master\bankTradingManagement-master\BACKEND\app\CassandraServices\accounts.py", line 33, in prepare
    self._prepared["insert_account_by_id"] = session.prepare(
                                             ^^^^^^^^^^^^^^^^
  File "cassandra\cluster.py", line 3131, in cassandra.cluster.Session.prepare
  File "cassandra\cluster.py", line 3128, in cassandra.cluster.Session.prepare
  File "cassandra\cluster.py", line 4956, in cassandra.cluster.ResponseFuture.result
cassandra.InvalidRequest: Error from server: code=2200 [Invalid query] message="Undefined column name currency in table pldt_rt.accounts_by_id"
Failed to log API call to Cassandra.
Traceback (most recent call last):
  File "C:\temp\bankTradingManagement-master\bankTradingManagement-master\BACKEND\app\app.py", line 261, in cassandra_audit_middleware
    cassandra_service.log_api_call(
  File "C:\temp\bankTradingManagement-master\bankTradingManagement-master\BACKEND\app\cassandra_service.py", line 204, in log_api_call
    self.audit.log_api_call(
  File "C:\temp\bankTradingManagement-master\bankTradingManagement-master\BACKEND\app\CassandraServices\audit.py", line 49, in log_api_call
    self.prepare()
  File "C:\temp\bankTradingManagement-master\bankTradingManagement-master\BACKEND\app\CassandraServices\audit.py", line 27, in prepare
    self._prepared["insert_audit"] = session.prepare(
                                     ^^^^^^^^^^^^^^^^
  File "cassandra\cluster.py", line 3131, in cassandra.cluster.Session.prepare
  File "cassandra\cluster.py", line 3128, in cassandra.cluster.Session.prepare
  File "cassandra\cluster.py", line 4956, in cassandra.cluster.ResponseFuture.result
cassandra.InvalidRequest: Error from server: code=2200 [Invalid query] message="Undefined column name day in table pldt_audit.api_calls"
Failed to get account from Cassandra; using memory store.
Traceback (most recent call last):
  File "C:\temp\bankTradingManagement-master\bankTradingManagement-master\BACKEND\app\app.py", line 1107, in get_account
    account = cassandra_service.get_account_by_id(account_id)
              ^^^^^^^^^^^^^^^^^^^^^^^^^^^^^^^^^^^^^^^^^^^^^^^
  File "C:\temp\bankTradingManagement-master\bankTradingManagement-master\BACKEND\app\cassandra_service.py", line 218, in get_account_by_id
    return self.accounts.get_account_by_id(account_id)
           ^^^^^^^^^^^^^^^^^^^^^^^^^^^^^^^^^^^^^^^^^^^
  File "C:\temp\bankTradingManagement-master\bankTradingManagement-master\BACKEND\app\CassandraServices\accounts.py", line 348, in get_account_by_id
    self.prepare()
  File "C:\temp\bankTradingManagement-master\bankTradingManagement-master\BACKEND\app\CassandraServices\accounts.py", line 33, in prepare
    self._prepared["insert_account_by_id"] = session.prepare(
                                             ^^^^^^^^^^^^^^^^
  File "cassandra\cluster.py", line 3131, in cassandra.cluster.Session.prepare
  File "cassandra\cluster.py", line 3128, in cassandra.cluster.Session.prepare
  File "cassandra\cluster.py", line 4956, in cassandra.cluster.ResponseFuture.result
cassandra.InvalidRequest: Error from server: code=2200 [Invalid query] message="Undefined column name currency in table pldt_rt.accounts_by_id"
Failed to log API call to Cassandra.
Traceback (most recent call last):
  File "C:\temp\bankTradingManagement-master\bankTradingManagement-master\BACKEND\app\app.py", line 261, in cassandra_audit_middleware
    cassandra_service.log_api_call(
  File "C:\temp\bankTradingManagement-master\bankTradingManagement-master\BACKEND\app\cassandra_service.py", line 204, in log_api_call
    self.audit.log_api_call(
  File "C:\temp\bankTradingManagement-master\bankTradingManagement-master\BACKEND\app\CassandraServices\audit.py", line 49, in log_api_call
    self.prepare()
  File "C:\temp\bankTradingManagement-master\bankTradingManagement-master\BACKEND\app\CassandraServices\audit.py", line 27, in prepare
    self._prepared["insert_audit"] = session.prepare(
                                     ^^^^^^^^^^^^^^^^
  File "cassandra\cluster.py", line 3131, in cassandra.cluster.Session.prepare
  File "cassandra\cluster.py", line 3128, in cassandra.cluster.Session.prepare
  File "cassandra\cluster.py", line 4956, in cassandra.cluster.ResponseFuture.result
cassandra.InvalidRequest: Error from server: code=2200 [Invalid query] message="Undefined column name day in table pldt_audit.api_calls"
Search customers: query='', search_type='all', cassandra_available=True
Empty query - loading all customers
Failed to load all from Cassandra: Error from server: code=2200 [Invalid query] message="Undefined column name currency in table pldt_rt.accounts_by_id"
Failed to log API call to Cassandra.
Traceback (most recent call last):
  File "C:\temp\bankTradingManagement-master\bankTradingManagement-master\BACKEND\app\app.py", line 261, in cassandra_audit_middleware
    cassandra_service.log_api_call(
  File "C:\temp\bankTradingManagement-master\bankTradingManagement-master\BACKEND\app\cassandra_service.py", line 204, in log_api_call
    self.audit.log_api_call(
  File "C:\temp\bankTradingManagement-master\bankTradingManagement-master\BACKEND\app\CassandraServices\audit.py", line 49, in log_api_call
    self.prepare()
  File "C:\temp\bankTradingManagement-master\bankTradingManagement-master\BACKEND\app\CassandraServices\audit.py", line 27, in prepare
    self._prepared["insert_audit"] = session.prepare(
                                     ^^^^^^^^^^^^^^^^
  File "cassandra\cluster.py", line 3131, in cassandra.cluster.Session.prepare
  File "cassandra\cluster.py", line 3128, in cassandra.cluster.Session.prepare
  File "cassandra\cluster.py", line 4956, in cassandra.cluster.ResponseFuture.result
cassandra.InvalidRequest: Error from server: code=2200 [Invalid query] message="Undefined column name day in table pldt_audit.api_calls"
Failed to log API call to Cassandra.
Traceback (most recent call last):
  File "C:\temp\bankTradingManagement-master\bankTradingManagement-master\BACKEND\app\app.py", line 261, in cassandra_audit_middleware
    cassandra_service.log_api_call(
  File "C:\temp\bankTradingManagement-master\bankTradingManagement-master\BACKEND\app\cassandra_service.py", line 204, in log_api_call
    self.audit.log_api_call(
  File "C:\temp\bankTradingManagement-master\bankTradingManagement-master\BACKEND\app\CassandraServices\audit.py", line 49, in log_api_call
    self.prepare()
  File "C:\temp\bankTradingManagement-master\bankTradingManagement-master\BACKEND\app\CassandraServices\audit.py", line 27, in prepare
    self._prepared["insert_audit"] = session.prepare(
                                     ^^^^^^^^^^^^^^^^
  File "cassandra\cluster.py", line 3131, in cassandra.cluster.Session.prepare
  File "cassandra\cluster.py", line 3128, in cassandra.cluster.Session.prepare
  File "cassandra\cluster.py", line 4956, in cassandra.cluster.ResponseFuture.result
cassandra.InvalidRequest: Error from server: code=2200 [Invalid query] message="Undefined column name day in table pldt_audit.api_calls"
Failed to fetch dashboard stats from Cassandra
Traceback (most recent call last):
  File "C:\temp\bankTradingManagement-master\bankTradingManagement-master\BACKEND\app\app.py", line 2563, in _get_dashboard_stats_impl
    all_accounts = cassandra_service.list_all_accounts(limit=10000)
                   ^^^^^^^^^^^^^^^^^^^^^^^^^^^^^^^^^^^
AttributeError: 'CassandraService' object has no attribute 'list_all_accounts'
Failed to log API call to Cassandra.
Traceback (most recent call last):
  File "C:\temp\bankTradingManagement-master\bankTradingManagement-master\BACKEND\app\app.py", line 261, in cassandra_audit_middleware
    cassandra_service.log_api_call(
  File "C:\temp\bankTradingManagement-master\bankTradingManagement-master\BACKEND\app\cassandra_service.py", line 204, in log_api_call
    self.audit.log_api_call(
  File "C:\temp\bankTradingManagement-master\bankTradingManagement-master\BACKEND\app\CassandraServices\audit.py", line 49, in log_api_call
    self.prepare()
  File "C:\temp\bankTradingManagement-master\bankTradingManagement-master\BACKEND\app\CassandraServices\audit.py", line 27, in prepare
    self._prepared["insert_audit"] = session.prepare(
                                     ^^^^^^^^^^^^^^^^
  File "cassandra\cluster.py", line 3131, in cassandra.cluster.Session.prepare
  File "cassandra\cluster.py", line 3128, in cassandra.cluster.Session.prepare
  File "cassandra\cluster.py", line 4956, in cassandra.cluster.ResponseFuture.result
cassandra.InvalidRequest: Error from server: code=2200 [Invalid query] message="Undefined column name day in table pldt_audit.api_calls"
Failed to log API call to Cassandra.
Traceback (most recent call last):
  File "C:\temp\bankTradingManagement-master\bankTradingManagement-master\BACKEND\app\app.py", line 261, in cassandra_audit_middleware
    cassandra_service.log_api_call(
  File "C:\temp\bankTradingManagement-master\bankTradingManagement-master\BACKEND\app\cassandra_service.py", line 204, in log_api_call
    self.audit.log_api_call(
  File "C:\temp\bankTradingManagement-master\bankTradingManagement-master\BACKEND\app\CassandraServices\audit.py", line 49, in log_api_call
    self.prepare()
  File "C:\temp\bankTradingManagement-master\bankTradingManagement-master\BACKEND\app\CassandraServices\audit.py", line 27, in prepare
    self._prepared["insert_audit"] = session.prepare(
                                     ^^^^^^^^^^^^^^^^
  File "cassandra\cluster.py", line 3131, in cassandra.cluster.Session.prepare
  File "cassandra\cluster.py", line 3128, in cassandra.cluster.Session.prepare
  File "cassandra\cluster.py", line 4956, in cassandra.cluster.ResponseFuture.result
cassandra.InvalidRequest: Error from server: code=2200 [Invalid query] message="Undefined column name day in table pldt_audit.api_calls"
Failed to log API call to Cassandra.
Traceback (most recent call last):
  File "C:\temp\bankTradingManagement-master\bankTradingManagement-master\BACKEND\app\app.py", line 261, in cassandra_audit_middleware
    cassandra_service.log_api_call(
  File "C:\temp\bankTradingManagement-master\bankTradingManagement-master\BACKEND\app\cassandra_service.py", line 204, in log_api_call
    self.audit.log_api_call(
  File "C:\temp\bankTradingManagement-master\bankTradingManagement-master\BACKEND\app\CassandraServices\audit.py", line 49, in log_api_call
    self.prepare()
  File "C:\temp\bankTradingManagement-master\bankTradingManagement-master\BACKEND\app\CassandraServices\audit.py", line 27, in prepare
    self._prepared["insert_audit"] = session.prepare(
                                     ^^^^^^^^^^^^^^^^
  File "cassandra\cluster.py", line 3131, in cassandra.cluster.Session.prepare
  File "cassandra\cluster.py", line 3128, in cassandra.cluster.Session.prepare
  File "cassandra\cluster.py", line 4956, in cassandra.cluster.ResponseFuture.result
cassandra.InvalidRequest: Error from server: code=2200 [Invalid query] message="Undefined column name day in table pldt_audit.api_calls"
Failed to log API call to Cassandra.
Traceback (most recent call last):
  File "C:\temp\bankTradingManagement-master\bankTradingManagement-master\BACKEND\app\app.py", line 261, in cassandra_audit_middleware
    cassandra_service.log_api_call(
  File "C:\temp\bankTradingManagement-master\bankTradingManagement-master\BACKEND\app\cassandra_service.py", line 204, in log_api_call
    self.audit.log_api_call(
  File "C:\temp\bankTradingManagement-master\bankTradingManagement-master\BACKEND\app\CassandraServices\audit.py", line 49, in log_api_call
    self.prepare()
  File "C:\temp\bankTradingManagement-master\bankTradingManagement-master\BACKEND\app\CassandraServices\audit.py", line 27, in prepare
    self._prepared["insert_audit"] = session.prepare(
                                     ^^^^^^^^^^^^^^^^
  File "cassandra\cluster.py", line 3131, in cassandra.cluster.Session.prepare
  File "cassandra\cluster.py", line 3128, in cassandra.cluster.Session.prepare
  File "cassandra\cluster.py", line 4956, in cassandra.cluster.ResponseFuture.result
cassandra.InvalidRequest: Error from server: code=2200 [Invalid query] message="Undefined column name day in table pldt_audit.api_calls"
Failed to log API call to Cassandra.
Traceback (most recent call last):
  File "C:\temp\bankTradingManagement-master\bankTradingManagement-master\BACKEND\app\app.py", line 261, in cassandra_audit_middleware
    cassandra_service.log_api_call(
  File "C:\temp\bankTradingManagement-master\bankTradingManagement-master\BACKEND\app\cassandra_service.py", line 204, in log_api_call
    self.audit.log_api_call(
  File "C:\temp\bankTradingManagement-master\bankTradingManagement-master\BACKEND\app\CassandraServices\audit.py", line 49, in log_api_call
    self.prepare()
  File "C:\temp\bankTradingManagement-master\bankTradingManagement-master\BACKEND\app\CassandraServices\audit.py", line 27, in prepare
    self._prepared["insert_audit"] = session.prepare(
                                     ^^^^^^^^^^^^^^^^
  File "cassandra\cluster.py", line 3131, in cassandra.cluster.Session.prepare
  File "cassandra\cluster.py", line 3128, in cassandra.cluster.Session.prepare
  File "cassandra\cluster.py", line 4956, in cassandra.cluster.ResponseFuture.result
cassandra.InvalidRequest: Error from server: code=2200 [Invalid query] message="Undefined column name day in table pldt_audit.api_calls"
Failed to fetch dashboard stats from Cassandra
Traceback (most recent call last):
  File "C:\temp\bankTradingManagement-master\bankTradingManagement-master\BACKEND\app\app.py", line 2563, in _get_dashboard_stats_impl
    all_accounts = cassandra_service.list_all_accounts(limit=10000)
                   ^^^^^^^^^^^^^^^^^^^^^^^^^^^^^^^^^^^
AttributeError: 'CassandraService' object has no attribute 'list_all_accounts'
Failed to log API call to Cassandra.
Traceback (most recent call last):
  File "C:\temp\bankTradingManagement-master\bankTradingManagement-master\BACKEND\app\app.py", line 261, in cassandra_audit_middleware
    cassandra_service.log_api_call(
  File "C:\temp\bankTradingManagement-master\bankTradingManagement-master\BACKEND\app\cassandra_service.py", line 204, in log_api_call
    self.audit.log_api_call(
  File "C:\temp\bankTradingManagement-master\bankTradingManagement-master\BACKEND\app\CassandraServices\audit.py", line 49, in log_api_call
    self.prepare()
  File "C:\temp\bankTradingManagement-master\bankTradingManagement-master\BACKEND\app\CassandraServices\audit.py", line 27, in prepare
    self._prepared["insert_audit"] = session.prepare(
                                     ^^^^^^^^^^^^^^^^
  File "cassandra\cluster.py", line 3131, in cassandra.cluster.Session.prepare
  File "cassandra\cluster.py", line 3128, in cassandra.cluster.Session.prepare
  File "cassandra\cluster.py", line 4956, in cassandra.cluster.ResponseFuture.result
cassandra.InvalidRequest: Error from server: code=2200 [Invalid query] message="Undefined column name day in table pldt_audit.api_calls"
Failed to log API call to Cassandra.
Traceback (most recent call last):
  File "C:\temp\bankTradingManagement-master\bankTradingManagement-master\BACKEND\app\app.py", line 261, in cassandra_audit_middleware
    cassandra_service.log_api_call(
  File "C:\temp\bankTradingManagement-master\bankTradingManagement-master\BACKEND\app\cassandra_service.py", line 204, in log_api_call
    self.audit.log_api_call(
  File "C:\temp\bankTradingManagement-master\bankTradingManagement-master\BACKEND\app\CassandraServices\audit.py", line 49, in log_api_call
    self.prepare()
  File "C:\temp\bankTradingManagement-master\bankTradingManagement-master\BACKEND\app\CassandraServices\audit.py", line 27, in prepare
    self._prepared["insert_audit"] = session.prepare(
                                     ^^^^^^^^^^^^^^^^
  File "cassandra\cluster.py", line 3131, in cassandra.cluster.Session.prepare
  File "cassandra\cluster.py", line 3128, in cassandra.cluster.Session.prepare
  File "cassandra\cluster.py", line 4956, in cassandra.cluster.ResponseFuture.result
cassandra.InvalidRequest: Error from server: code=2200 [Invalid query] message="Undefined column name day in table pldt_audit.api_calls"
Failed to log API call to Cassandra.
Traceback (most recent call last):
  File "C:\temp\bankTradingManagement-master\bankTradingManagement-master\BACKEND\app\app.py", line 261, in cassandra_audit_middleware
    cassandra_service.log_api_call(
  File "C:\temp\bankTradingManagement-master\bankTradingManagement-master\BACKEND\app\cassandra_service.py", line 204, in log_api_call
    self.audit.log_api_call(
  File "C:\temp\bankTradingManagement-master\bankTradingManagement-master\BACKEND\app\CassandraServices\audit.py", line 49, in log_api_call
    self.prepare()
  File "C:\temp\bankTradingManagement-master\bankTradingManagement-master\BACKEND\app\CassandraServices\audit.py", line 27, in prepare
    self._prepared["insert_audit"] = session.prepare(
                                     ^^^^^^^^^^^^^^^^
  File "cassandra\cluster.py", line 3131, in cassandra.cluster.Session.prepare
  File "cassandra\cluster.py", line 3128, in cassandra.cluster.Session.prepare
  File "cassandra\cluster.py", line 4956, in cassandra.cluster.ResponseFuture.result
cassandra.InvalidRequest: Error from server: code=2200 [Invalid query] message="Undefined column name day in table pldt_audit.api_calls"
Failed to log API call to Cassandra.
Traceback (most recent call last):
  File "C:\temp\bankTradingManagement-master\bankTradingManagement-master\BACKEND\app\app.py", line 261, in cassandra_audit_middleware
    cassandra_service.log_api_call(
  File "C:\temp\bankTradingManagement-master\bankTradingManagement-master\BACKEND\app\cassandra_service.py", line 204, in log_api_call
    self.audit.log_api_call(
  File "C:\temp\bankTradingManagement-master\bankTradingManagement-master\BACKEND\app\CassandraServices\audit.py", line 49, in log_api_call
    self.prepare()
  File "C:\temp\bankTradingManagement-master\bankTradingManagement-master\BACKEND\app\CassandraServices\audit.py", line 27, in prepare
    self._prepared["insert_audit"] = session.prepare(
                                     ^^^^^^^^^^^^^^^^
  File "cassandra\cluster.py", line 3131, in cassandra.cluster.Session.prepare
  File "cassandra\cluster.py", line 3128, in cassandra.cluster.Session.prepare
  File "cassandra\cluster.py", line 4956, in cassandra.cluster.ResponseFuture.result
cassandra.InvalidRequest: Error from server: code=2200 [Invalid query] message="Undefined column name day in table pldt_audit.api_calls"
Rate limiting not available (slowapi not installed)
Monitoring middleware enabled
HDFS service initialized successfully
======================================================================
Step 1: Auto-starting Docker services...
======================================================================
======================================================================
Step 2: Bootstrapping ML models...
======================================================================
Multi-target model bootstrap complete: {'cash_in_next_day': {'status': 'loaded', 'model_path': 'C:\\temp\\bankTradingManagement-master\\bankTradingManagement-master\\BACKEND\\models\\cash_in_next_day\\m5p_cash_in_next_day.pkl'}, 'cash_out_next_day': {'status': 'loaded', 'model_path': 'C:\\temp\\bankTradingManagement-master\\bankTradingManagement-master\\BACKEND\\models\\cash_out_next_day\\m5p_cash_out_next_day.pkl'}, 'cash_in_h7': {'status': 'loaded', 'model_path': 'C:\\temp\\bankTradingManagement-master\\bankTradingManagement-master\\BACKEND\\models\\cash_in_h7\\m5p_cash_in_h7.pkl'}, 'cash_out_h7': {'status': 'loaded', 'model_path': 'C:\\temp\\bankTradingManagement-master\\bankTradingManagement-master\\BACKEND\\models\\cash_out_h7\\m5p_cash_out_h7.pkl'}, 'cash_in_next_month': {'status': 'loaded', 'model_path': 'C:\\temp\\bankTradingManagement-master\\bankTradingManagement-master\\BACKEND\\models\\cash_in_next_month\\m5p_cash_in_next_month.pkl'}, 'cash_out_next_month': {'status': 'loaded', 'model_path': 'C:\\temp\\bankTradingManagement-master\\bankTradingManagement-master\\BACKEND\\models\\cash_out_next_month\\m5p_cash_out_next_month.pkl'}}
Starting daily aggregation scheduler...
Scheduler started - will run at 0:00 AM daily
P2P Transaction Service initialized
Failed to fetch dashboard stats from Cassandra
Traceback (most recent call last):
  File "C:\temp\bankTradingManagement-master\bankTradingManagement-master\BACKEND\app\app.py", line 2563, in _get_dashboard_stats_impl
    all_accounts = cassandra_service.list_all_accounts(limit=10000)
                   ^^^^^^^^^^^^^^^^^^^^^^^^^^^^^^^^^^^
AttributeError: 'CassandraService' object has no attribute 'list_all_accounts'
Failed to log API call to Cassandra.
Traceback (most recent call last):
  File "C:\temp\bankTradingManagement-master\bankTradingManagement-master\BACKEND\app\app.py", line 261, in cassandra_audit_middleware
    cassandra_service.log_api_call(
  File "C:\temp\bankTradingManagement-master\bankTradingManagement-master\BACKEND\app\cassandra_service.py", line 204, in log_api_call
    self.audit.log_api_call(
  File "C:\temp\bankTradingManagement-master\bankTradingManagement-master\BACKEND\app\CassandraServices\audit.py", line 49, in log_api_call
    self.prepare()
  File "C:\temp\bankTradingManagement-master\bankTradingManagement-master\BACKEND\app\CassandraServices\audit.py", line 27, in prepare
    self._prepared["insert_audit"] = session.prepare(
                                     ^^^^^^^^^^^^^^^^
  File "cassandra\cluster.py", line 3131, in cassandra.cluster.Session.prepare
  File "cassandra\cluster.py", line 3128, in cassandra.cluster.Session.prepare
  File "cassandra\cluster.py", line 4956, in cassandra.cluster.ResponseFuture.result
cassandra.InvalidRequest: Error from server: code=2200 [Invalid query] message="Undefined column name day in table pldt_audit.api_calls"
Failed to log API call to Cassandra.
Traceback (most recent call last):
  File "C:\temp\bankTradingManagement-master\bankTradingManagement-master\BACKEND\app\app.py", line 261, in cassandra_audit_middleware
    cassandra_service.log_api_call(
  File "C:\temp\bankTradingManagement-master\bankTradingManagement-master\BACKEND\app\cassandra_service.py", line 204, in log_api_call
    self.audit.log_api_call(
  File "C:\temp\bankTradingManagement-master\bankTradingManagement-master\BACKEND\app\CassandraServices\audit.py", line 49, in log_api_call
    self.prepare()
  File "C:\temp\bankTradingManagement-master\bankTradingManagement-master\BACKEND\app\CassandraServices\audit.py", line 27, in prepare
    self._prepared["insert_audit"] = session.prepare(
                                     ^^^^^^^^^^^^^^^^
  File "cassandra\cluster.py", line 3131, in cassandra.cluster.Session.prepare
  File "cassandra\cluster.py", line 3128, in cassandra.cluster.Session.prepare
  File "cassandra\cluster.py", line 4956, in cassandra.cluster.ResponseFuture.result
cassandra.InvalidRequest: Error from server: code=2200 [Invalid query] message="Undefined column name day in table pldt_audit.api_calls"
Failed to log API call to Cassandra.
Traceback (most recent call last):
  File "C:\temp\bankTradingManagement-master\bankTradingManagement-master\BACKEND\app\app.py", line 261, in cassandra_audit_middleware
    cassandra_service.log_api_call(
  File "C:\temp\bankTradingManagement-master\bankTradingManagement-master\BACKEND\app\cassandra_service.py", line 204, in log_api_call
    self.audit.log_api_call(
  File "C:\temp\bankTradingManagement-master\bankTradingManagement-master\BACKEND\app\CassandraServices\audit.py", line 49, in log_api_call
    self.prepare()
  File "C:\temp\bankTradingManagement-master\bankTradingManagement-master\BACKEND\app\CassandraServices\audit.py", line 27, in prepare
    self._prepared["insert_audit"] = session.prepare(
                                     ^^^^^^^^^^^^^^^^
  File "cassandra\cluster.py", line 3131, in cassandra.cluster.Session.prepare
  File "cassandra\cluster.py", line 3128, in cassandra.cluster.Session.prepare
  File "cassandra\cluster.py", line 4956, in cassandra.cluster.ResponseFuture.result
cassandra.InvalidRequest: Error from server: code=2200 [Invalid query] message="Undefined column name day in table pldt_audit.api_calls"
Failed to log API call to Cassandra.
Traceback (most recent call last):
  File "C:\temp\bankTradingManagement-master\bankTradingManagement-master\BACKEND\app\app.py", line 261, in cassandra_audit_middleware
    cassandra_service.log_api_call(
  File "C:\temp\bankTradingManagement-master\bankTradingManagement-master\BACKEND\app\cassandra_service.py", line 204, in log_api_call
    self.audit.log_api_call(
  File "C:\temp\bankTradingManagement-master\bankTradingManagement-master\BACKEND\app\CassandraServices\audit.py", line 49, in log_api_call
    self.prepare()
  File "C:\temp\bankTradingManagement-master\bankTradingManagement-master\BACKEND\app\CassandraServices\audit.py", line 27, in prepare
    self._prepared["insert_audit"] = session.prepare(
                                     ^^^^^^^^^^^^^^^^
  File "cassandra\cluster.py", line 3131, in cassandra.cluster.Session.prepare
  File "cassandra\cluster.py", line 3128, in cassandra.cluster.Session.prepare
  File "cassandra\cluster.py", line 4956, in cassandra.cluster.ResponseFuture.result
cassandra.InvalidRequest: Error from server: code=2200 [Invalid query] message="Undefined column name day in table pldt_audit.api_calls"
Failed to log API call to Cassandra.
Traceback (most recent call last):
  File "C:\temp\bankTradingManagement-master\bankTradingManagement-master\BACKEND\app\app.py", line 261, in cassandra_audit_middleware
    cassandra_service.log_api_call(
  File "C:\temp\bankTradingManagement-master\bankTradingManagement-master\BACKEND\app\cassandra_service.py", line 204, in log_api_call
    self.audit.log_api_call(
  File "C:\temp\bankTradingManagement-master\bankTradingManagement-master\BACKEND\app\CassandraServices\audit.py", line 49, in log_api_call
    self.prepare()
  File "C:\temp\bankTradingManagement-master\bankTradingManagement-master\BACKEND\app\CassandraServices\audit.py", line 27, in prepare
    self._prepared["insert_audit"] = session.prepare(
                                     ^^^^^^^^^^^^^^^^
  File "cassandra\cluster.py", line 3131, in cassandra.cluster.Session.prepare
  File "cassandra\cluster.py", line 3128, in cassandra.cluster.Session.prepare
  File "cassandra\cluster.py", line 4956, in cassandra.cluster.ResponseFuture.result
cassandra.InvalidRequest: Error from server: code=2200 [Invalid query] message="Undefined column name day in table pldt_audit.api_calls"
Failed to log API call to Cassandra.
Traceback (most recent call last):
  File "C:\temp\bankTradingManagement-master\bankTradingManagement-master\BACKEND\app\app.py", line 261, in cassandra_audit_middleware
    cassandra_service.log_api_call(
  File "C:\temp\bankTradingManagement-master\bankTradingManagement-master\BACKEND\app\cassandra_service.py", line 204, in log_api_call
    self.audit.log_api_call(
  File "C:\temp\bankTradingManagement-master\bankTradingManagement-master\BACKEND\app\CassandraServices\audit.py", line 49, in log_api_call
    self.prepare()
  File "C:\temp\bankTradingManagement-master\bankTradingManagement-master\BACKEND\app\CassandraServices\audit.py", line 27, in prepare
    self._prepared["insert_audit"] = session.prepare(
                                     ^^^^^^^^^^^^^^^^
  File "cassandra\cluster.py", line 3131, in cassandra.cluster.Session.prepare
  File "cassandra\cluster.py", line 3128, in cassandra.cluster.Session.prepare
  File "cassandra\cluster.py", line 4956, in cassandra.cluster.ResponseFuture.result
cassandra.InvalidRequest: Error from server: code=2200 [Invalid query] message="Undefined column name day in table pldt_audit.api_calls"
Failed to log API call to Cassandra.
Traceback (most recent call last):
  File "C:\temp\bankTradingManagement-master\bankTradingManagement-master\BACKEND\app\app.py", line 261, in cassandra_audit_middleware
    cassandra_service.log_api_call(
  File "C:\temp\bankTradingManagement-master\bankTradingManagement-master\BACKEND\app\cassandra_service.py", line 204, in log_api_call
    self.audit.log_api_call(
  File "C:\temp\bankTradingManagement-master\bankTradingManagement-master\BACKEND\app\CassandraServices\audit.py", line 49, in log_api_call
    self.prepare()
  File "C:\temp\bankTradingManagement-master\bankTradingManagement-master\BACKEND\app\CassandraServices\audit.py", line 27, in prepare
    self._prepared["insert_audit"] = session.prepare(
                                     ^^^^^^^^^^^^^^^^
  File "cassandra\cluster.py", line 3131, in cassandra.cluster.Session.prepare
  File "cassandra\cluster.py", line 3128, in cassandra.cluster.Session.prepare
  File "cassandra\cluster.py", line 4956, in cassandra.cluster.ResponseFuture.result
cassandra.InvalidRequest: Error from server: code=2200 [Invalid query] message="Undefined column name day in table pldt_audit.api_calls"
Error getting HDFS directory size /banktrading
Traceback (most recent call last):
  File "C:\temp\bankTradingManagement-master\bankTradingManagement-master\BACKEND\app\app.py", line 3665, in hdfs_directory_size
    result = hdfs_service.get_directory_size(path)
             ^^^^^^^^^^^^^^^^^^^^^^^^^^^^^^^^^^^^^
  File "C:\temp\bankTradingManagement-master\bankTradingManagement-master\BACKEND\app\hdfs_service.py", line 539, in get_directory_size
    response.raise_for_status()
  File "C:\Users\Per chan\AppData\Local\Programs\Python\Python311\Lib\site-packages\requests\models.py", line 1026, in raise_for_status
    raise HTTPError(http_error_msg, response=self)
requests.exceptions.HTTPError: 404 Client Error: Not Found for url: http://localhost:9870/webhdfs/v1/banktrading?op=GETCONTENTSUMMARY
Failed to log API call to Cassandra.
Traceback (most recent call last):
  File "C:\temp\bankTradingManagement-master\bankTradingManagement-master\BACKEND\app\app.py", line 261, in cassandra_audit_middleware
    cassandra_service.log_api_call(
  File "C:\temp\bankTradingManagement-master\bankTradingManagement-master\BACKEND\app\cassandra_service.py", line 204, in log_api_call
    self.audit.log_api_call(
  File "C:\temp\bankTradingManagement-master\bankTradingManagement-master\BACKEND\app\CassandraServices\audit.py", line 49, in log_api_call
    self.prepare()
  File "C:\temp\bankTradingManagement-master\bankTradingManagement-master\BACKEND\app\CassandraServices\audit.py", line 27, in prepare
    self._prepared["insert_audit"] = session.prepare(
                                     ^^^^^^^^^^^^^^^^
  File "cassandra\cluster.py", line 3131, in cassandra.cluster.Session.prepare
  File "cassandra\cluster.py", line 3128, in cassandra.cluster.Session.prepare
  File "cassandra\cluster.py", line 4956, in cassandra.cluster.ResponseFuture.result
cassandra.InvalidRequest: Error from server: code=2200 [Invalid query] message="Undefined column name day in table pldt_audit.api_calls"
Error getting HDFS directory size /banktrading
Traceback (most recent call last):
  File "C:\temp\bankTradingManagement-master\bankTradingManagement-master\BACKEND\app\app.py", line 3665, in hdfs_directory_size
    result = hdfs_service.get_directory_size(path)
             ^^^^^^^^^^^^^^^^^^^^^^^^^^^^^^^^^^^^^
  File "C:\temp\bankTradingManagement-master\bankTradingManagement-master\BACKEND\app\hdfs_service.py", line 539, in get_directory_size
    response.raise_for_status()
  File "C:\Users\Per chan\AppData\Local\Programs\Python\Python311\Lib\site-packages\requests\models.py", line 1026, in raise_for_status
    raise HTTPError(http_error_msg, response=self)
requests.exceptions.HTTPError: 404 Client Error: Not Found for url: http://localhost:9870/webhdfs/v1/banktrading?op=GETCONTENTSUMMARY
Failed to log API call to Cassandra.
Traceback (most recent call last):
  File "C:\temp\bankTradingManagement-master\bankTradingManagement-master\BACKEND\app\app.py", line 261, in cassandra_audit_middleware
    cassandra_service.log_api_call(
  File "C:\temp\bankTradingManagement-master\bankTradingManagement-master\BACKEND\app\cassandra_service.py", line 204, in log_api_call
    self.audit.log_api_call(
  File "C:\temp\bankTradingManagement-master\bankTradingManagement-master\BACKEND\app\CassandraServices\audit.py", line 49, in log_api_call
    self.prepare()
  File "C:\temp\bankTradingManagement-master\bankTradingManagement-master\BACKEND\app\CassandraServices\audit.py", line 27, in prepare
    self._prepared["insert_audit"] = session.prepare(
                                     ^^^^^^^^^^^^^^^^
  File "cassandra\cluster.py", line 3131, in cassandra.cluster.Session.prepare
  File "cassandra\cluster.py", line 3128, in cassandra.cluster.Session.prepare
  File "cassandra\cluster.py", line 4956, in cassandra.cluster.ResponseFuture.result
cassandra.InvalidRequest: Error from server: code=2200 [Invalid query] message="Undefined column name day in table pldt_audit.api_calls"
Error getting HDFS directory size /banktrading
Traceback (most recent call last):
  File "C:\temp\bankTradingManagement-master\bankTradingManagement-master\BACKEND\app\app.py", line 3665, in hdfs_directory_size
    result = hdfs_service.get_directory_size(path)
             ^^^^^^^^^^^^^^^^^^^^^^^^^^^^^^^^^^^^^
  File "C:\temp\bankTradingManagement-master\bankTradingManagement-master\BACKEND\app\hdfs_service.py", line 539, in get_directory_size
    response.raise_for_status()
  File "C:\Users\Per chan\AppData\Local\Programs\Python\Python311\Lib\site-packages\requests\models.py", line 1026, in raise_for_status
    raise HTTPError(http_error_msg, response=self)
requests.exceptions.HTTPError: 404 Client Error: Not Found for url: http://localhost:9870/webhdfs/v1/banktrading?op=GETCONTENTSUMMARY
Failed to log API call to Cassandra.
Traceback (most recent call last):
  File "C:\temp\bankTradingManagement-master\bankTradingManagement-master\BACKEND\app\app.py", line 261, in cassandra_audit_middleware
    cassandra_service.log_api_call(
  File "C:\temp\bankTradingManagement-master\bankTradingManagement-master\BACKEND\app\cassandra_service.py", line 204, in log_api_call
    self.audit.log_api_call(
  File "C:\temp\bankTradingManagement-master\bankTradingManagement-master\BACKEND\app\CassandraServices\audit.py", line 49, in log_api_call
    self.prepare()
  File "C:\temp\bankTradingManagement-master\bankTradingManagement-master\BACKEND\app\CassandraServices\audit.py", line 27, in prepare
    self._prepared["insert_audit"] = session.prepare(
                                     ^^^^^^^^^^^^^^^^
  File "cassandra\cluster.py", line 3131, in cassandra.cluster.Session.prepare
  File "cassandra\cluster.py", line 3128, in cassandra.cluster.Session.prepare
  File "cassandra\cluster.py", line 4956, in cassandra.cluster.ResponseFuture.result
cassandra.InvalidRequest: Error from server: code=2200 [Invalid query] message="Undefined column name day in table pldt_audit.api_calls"
Error getting HDFS directory size /banktrading
Traceback (most recent call last):
  File "C:\temp\bankTradingManagement-master\bankTradingManagement-master\BACKEND\app\app.py", line 3665, in hdfs_directory_size
    result = hdfs_service.get_directory_size(path)
             ^^^^^^^^^^^^^^^^^^^^^^^^^^^^^^^^^^^^^
  File "C:\temp\bankTradingManagement-master\bankTradingManagement-master\BACKEND\app\hdfs_service.py", line 539, in get_directory_size
    response.raise_for_status()
  File "C:\Users\Per chan\AppData\Local\Programs\Python\Python311\Lib\site-packages\requests\models.py", line 1026, in raise_for_status
    raise HTTPError(http_error_msg, response=self)
requests.exceptions.HTTPError: 404 Client Error: Not Found for url: http://localhost:9870/webhdfs/v1/banktrading?op=GETCONTENTSUMMARY
Failed to log API call to Cassandra.
Traceback (most recent call last):
  File "C:\temp\bankTradingManagement-master\bankTradingManagement-master\BACKEND\app\app.py", line 261, in cassandra_audit_middleware
    cassandra_service.log_api_call(
  File "C:\temp\bankTradingManagement-master\bankTradingManagement-master\BACKEND\app\cassandra_service.py", line 204, in log_api_call
    self.audit.log_api_call(
  File "C:\temp\bankTradingManagement-master\bankTradingManagement-master\BACKEND\app\CassandraServices\audit.py", line 49, in log_api_call
    self.prepare()
  File "C:\temp\bankTradingManagement-master\bankTradingManagement-master\BACKEND\app\CassandraServices\audit.py", line 27, in prepare
    self._prepared["insert_audit"] = session.prepare(
                                     ^^^^^^^^^^^^^^^^
  File "cassandra\cluster.py", line 3131, in cassandra.cluster.Session.prepare
  File "cassandra\cluster.py", line 3128, in cassandra.cluster.Session.prepare
  File "cassandra\cluster.py", line 4956, in cassandra.cluster.ResponseFuture.result
cassandra.InvalidRequest: Error from server: code=2200 [Invalid query] message="Undefined column name day in table pldt_audit.api_calls"
Failed to log API call to Cassandra.
Traceback (most recent call last):
  File "C:\temp\bankTradingManagement-master\bankTradingManagement-master\BACKEND\app\app.py", line 261, in cassandra_audit_middleware
    cassandra_service.log_api_call(
  File "C:\temp\bankTradingManagement-master\bankTradingManagement-master\BACKEND\app\cassandra_service.py", line 204, in log_api_call
    self.audit.log_api_call(
  File "C:\temp\bankTradingManagement-master\bankTradingManagement-master\BACKEND\app\CassandraServices\audit.py", line 49, in log_api_call
    self.prepare()
  File "C:\temp\bankTradingManagement-master\bankTradingManagement-master\BACKEND\app\CassandraServices\audit.py", line 27, in prepare
    self._prepared["insert_audit"] = session.prepare(
                                     ^^^^^^^^^^^^^^^^
  File "cassandra\cluster.py", line 3131, in cassandra.cluster.Session.prepare
  File "cassandra\cluster.py", line 3128, in cassandra.cluster.Session.prepare
  File "cassandra\cluster.py", line 4956, in cassandra.cluster.ResponseFuture.result
cassandra.InvalidRequest: Error from server: code=2200 [Invalid query] message="Undefined column name day in table pldt_audit.api_calls"
Error listing HDFS directory /banktrading
Traceback (most recent call last):
  File "C:\temp\bankTradingManagement-master\bankTradingManagement-master\BACKEND\app\app.py", line 3517, in hdfs_list_directory
    files = hdfs_service.list_directory(path)
            ^^^^^^^^^^^^^^^^^^^^^^^^^^^^^^^^^
  File "C:\temp\bankTradingManagement-master\bankTradingManagement-master\BACKEND\app\hdfs_service.py", line 137, in list_directory
    response.raise_for_status()
  File "C:\Users\Per chan\AppData\Local\Programs\Python\Python311\Lib\site-packages\requests\models.py", line 1026, in raise_for_status
    raise HTTPError(http_error_msg, response=self)
requests.exceptions.HTTPError: 404 Client Error: Not Found for url: http://localhost:9870/webhdfs/v1/banktrading?op=LISTSTATUS
Failed to log API call to Cassandra.
Traceback (most recent call last):
  File "C:\temp\bankTradingManagement-master\bankTradingManagement-master\BACKEND\app\app.py", line 261, in cassandra_audit_middleware
    cassandra_service.log_api_call(
  File "C:\temp\bankTradingManagement-master\bankTradingManagement-master\BACKEND\app\cassandra_service.py", line 204, in log_api_call
    self.audit.log_api_call(
  File "C:\temp\bankTradingManagement-master\bankTradingManagement-master\BACKEND\app\CassandraServices\audit.py", line 49, in log_api_call
    self.prepare()
  File "C:\temp\bankTradingManagement-master\bankTradingManagement-master\BACKEND\app\CassandraServices\audit.py", line 27, in prepare
    self._prepared["insert_audit"] = session.prepare(
                                     ^^^^^^^^^^^^^^^^
  File "cassandra\cluster.py", line 3131, in cassandra.cluster.Session.prepare
  File "cassandra\cluster.py", line 3128, in cassandra.cluster.Session.prepare
  File "cassandra\cluster.py", line 4956, in cassandra.cluster.ResponseFuture.result
cassandra.InvalidRequest: Error from server: code=2200 [Invalid query] message="Undefined column name day in table pldt_audit.api_calls"
Error listing HDFS directory /banktrading
Traceback (most recent call last):
  File "C:\temp\bankTradingManagement-master\bankTradingManagement-master\BACKEND\app\app.py", line 3517, in hdfs_list_directory
    files = hdfs_service.list_directory(path)
            ^^^^^^^^^^^^^^^^^^^^^^^^^^^^^^^^^
  File "C:\temp\bankTradingManagement-master\bankTradingManagement-master\BACKEND\app\hdfs_service.py", line 137, in list_directory
    response.raise_for_status()
  File "C:\Users\Per chan\AppData\Local\Programs\Python\Python311\Lib\site-packages\requests\models.py", line 1026, in raise_for_status
    raise HTTPError(http_error_msg, response=self)
requests.exceptions.HTTPError: 404 Client Error: Not Found for url: http://localhost:9870/webhdfs/v1/banktrading?op=LISTSTATUS
Failed to log API call to Cassandra.
Traceback (most recent call last):
  File "C:\temp\bankTradingManagement-master\bankTradingManagement-master\BACKEND\app\app.py", line 261, in cassandra_audit_middleware
    cassandra_service.log_api_call(
  File "C:\temp\bankTradingManagement-master\bankTradingManagement-master\BACKEND\app\cassandra_service.py", line 204, in log_api_call
    self.audit.log_api_call(
  File "C:\temp\bankTradingManagement-master\bankTradingManagement-master\BACKEND\app\CassandraServices\audit.py", line 49, in log_api_call
    self.prepare()
  File "C:\temp\bankTradingManagement-master\bankTradingManagement-master\BACKEND\app\CassandraServices\audit.py", line 27, in prepare
    self._prepared["insert_audit"] = session.prepare(
                                     ^^^^^^^^^^^^^^^^
  File "cassandra\cluster.py", line 3131, in cassandra.cluster.Session.prepare
  File "cassandra\cluster.py", line 3128, in cassandra.cluster.Session.prepare
  File "cassandra\cluster.py", line 4956, in cassandra.cluster.ResponseFuture.result
cassandra.InvalidRequest: Error from server: code=2200 [Invalid query] message="Undefined column name day in table pldt_audit.api_calls"
Error listing HDFS directory /banktrading
Traceback (most recent call last):
  File "C:\temp\bankTradingManagement-master\bankTradingManagement-master\BACKEND\app\app.py", line 3517, in hdfs_list_directory
    files = hdfs_service.list_directory(path)
            ^^^^^^^^^^^^^^^^^^^^^^^^^^^^^^^^^
  File "C:\temp\bankTradingManagement-master\bankTradingManagement-master\BACKEND\app\hdfs_service.py", line 137, in list_directory
    response.raise_for_status()
  File "C:\Users\Per chan\AppData\Local\Programs\Python\Python311\Lib\site-packages\requests\models.py", line 1026, in raise_for_status
    raise HTTPError(http_error_msg, response=self)
requests.exceptions.HTTPError: 404 Client Error: Not Found for url: http://localhost:9870/webhdfs/v1/banktrading?op=LISTSTATUS
Failed to log API call to Cassandra.
Traceback (most recent call last):
  File "C:\temp\bankTradingManagement-master\bankTradingManagement-master\BACKEND\app\app.py", line 261, in cassandra_audit_middleware
    cassandra_service.log_api_call(
  File "C:\temp\bankTradingManagement-master\bankTradingManagement-master\BACKEND\app\cassandra_service.py", line 204, in log_api_call
    self.audit.log_api_call(
  File "C:\temp\bankTradingManagement-master\bankTradingManagement-master\BACKEND\app\CassandraServices\audit.py", line 49, in log_api_call
    self.prepare()
  File "C:\temp\bankTradingManagement-master\bankTradingManagement-master\BACKEND\app\CassandraServices\audit.py", line 27, in prepare
    self._prepared["insert_audit"] = session.prepare(
                                     ^^^^^^^^^^^^^^^^
  File "cassandra\cluster.py", line 3131, in cassandra.cluster.Session.prepare
  File "cassandra\cluster.py", line 3128, in cassandra.cluster.Session.prepare
  File "cassandra\cluster.py", line 4956, in cassandra.cluster.ResponseFuture.result
cassandra.InvalidRequest: Error from server: code=2200 [Invalid query] message="Undefined column name day in table pldt_audit.api_calls"
Error listing HDFS directory /banktrading
Traceback (most recent call last):
  File "C:\temp\bankTradingManagement-master\bankTradingManagement-master\BACKEND\app\app.py", line 3517, in hdfs_list_directory
    files = hdfs_service.list_directory(path)
            ^^^^^^^^^^^^^^^^^^^^^^^^^^^^^^^^^
  File "C:\temp\bankTradingManagement-master\bankTradingManagement-master\BACKEND\app\hdfs_service.py", line 137, in list_directory
    response.raise_for_status()
  File "C:\Users\Per chan\AppData\Local\Programs\Python\Python311\Lib\site-packages\requests\models.py", line 1026, in raise_for_status
    raise HTTPError(http_error_msg, response=self)
requests.exceptions.HTTPError: 404 Client Error: Not Found for url: http://localhost:9870/webhdfs/v1/banktrading?op=LISTSTATUS
Failed to log API call to Cassandra.
Traceback (most recent call last):
  File "C:\temp\bankTradingManagement-master\bankTradingManagement-master\BACKEND\app\app.py", line 261, in cassandra_audit_middleware
    cassandra_service.log_api_call(
  File "C:\temp\bankTradingManagement-master\bankTradingManagement-master\BACKEND\app\cassandra_service.py", line 204, in log_api_call
    self.audit.log_api_call(
  File "C:\temp\bankTradingManagement-master\bankTradingManagement-master\BACKEND\app\CassandraServices\audit.py", line 49, in log_api_call
    self.prepare()
  File "C:\temp\bankTradingManagement-master\bankTradingManagement-master\BACKEND\app\CassandraServices\audit.py", line 27, in prepare
    self._prepared["insert_audit"] = session.prepare(
                                     ^^^^^^^^^^^^^^^^
  File "cassandra\cluster.py", line 3131, in cassandra.cluster.Session.prepare
  File "cassandra\cluster.py", line 3128, in cassandra.cluster.Session.prepare
  File "cassandra\cluster.py", line 4956, in cassandra.cluster.ResponseFuture.result
cassandra.InvalidRequest: Error from server: code=2200 [Invalid query] message="Undefined column name day in table pldt_audit.api_calls"
Failed to log API call to Cassandra.
Traceback (most recent call last):
  File "C:\temp\bankTradingManagement-master\bankTradingManagement-master\BACKEND\app\app.py", line 261, in cassandra_audit_middleware
    cassandra_service.log_api_call(
  File "C:\temp\bankTradingManagement-master\bankTradingManagement-master\BACKEND\app\cassandra_service.py", line 204, in log_api_call
    self.audit.log_api_call(
  File "C:\temp\bankTradingManagement-master\bankTradingManagement-master\BACKEND\app\CassandraServices\audit.py", line 49, in log_api_call
    self.prepare()
  File "C:\temp\bankTradingManagement-master\bankTradingManagement-master\BACKEND\app\CassandraServices\audit.py", line 27, in prepare
    self._prepared["insert_audit"] = session.prepare(
                                     ^^^^^^^^^^^^^^^^
  File "cassandra\cluster.py", line 3131, in cassandra.cluster.Session.prepare
  File "cassandra\cluster.py", line 3128, in cassandra.cluster.Session.prepare
  File "cassandra\cluster.py", line 4956, in cassandra.cluster.ResponseFuture.result
cassandra.InvalidRequest: Error from server: code=2200 [Invalid query] message="Undefined column name day in table pldt_audit.api_calls"
Failed to log API call to Cassandra.
Traceback (most recent call last):
  File "C:\temp\bankTradingManagement-master\bankTradingManagement-master\BACKEND\app\app.py", line 261, in cassandra_audit_middleware
    cassandra_service.log_api_call(
  File "C:\temp\bankTradingManagement-master\bankTradingManagement-master\BACKEND\app\cassandra_service.py", line 204, in log_api_call
    self.audit.log_api_call(
  File "C:\temp\bankTradingManagement-master\bankTradingManagement-master\BACKEND\app\CassandraServices\audit.py", line 49, in log_api_call
    self.prepare()
  File "C:\temp\bankTradingManagement-master\bankTradingManagement-master\BACKEND\app\CassandraServices\audit.py", line 27, in prepare
    self._prepared["insert_audit"] = session.prepare(
                                     ^^^^^^^^^^^^^^^^
  File "cassandra\cluster.py", line 3131, in cassandra.cluster.Session.prepare
  File "cassandra\cluster.py", line 3128, in cassandra.cluster.Session.prepare
  File "cassandra\cluster.py", line 4956, in cassandra.cluster.ResponseFuture.result
cassandra.InvalidRequest: Error from server: code=2200 [Invalid query] message="Undefined column name day in table pldt_audit.api_calls"
Failed to fetch dashboard stats from Cassandra
Traceback (most recent call last):
  File "C:\temp\bankTradingManagement-master\bankTradingManagement-master\BACKEND\app\app.py", line 2563, in _get_dashboard_stats_impl
    all_accounts = cassandra_service.list_all_accounts(limit=10000)
                   ^^^^^^^^^^^^^^^^^^^^^^^^^^^^^^^^^^^
AttributeError: 'CassandraService' object has no attribute 'list_all_accounts'
Failed to log API call to Cassandra.
Traceback (most recent call last):
  File "C:\temp\bankTradingManagement-master\bankTradingManagement-master\BACKEND\app\app.py", line 261, in cassandra_audit_middleware
    cassandra_service.log_api_call(
  File "C:\temp\bankTradingManagement-master\bankTradingManagement-master\BACKEND\app\cassandra_service.py", line 204, in log_api_call
    self.audit.log_api_call(
  File "C:\temp\bankTradingManagement-master\bankTradingManagement-master\BACKEND\app\CassandraServices\audit.py", line 49, in log_api_call
    self.prepare()
  File "C:\temp\bankTradingManagement-master\bankTradingManagement-master\BACKEND\app\CassandraServices\audit.py", line 27, in prepare
    self._prepared["insert_audit"] = session.prepare(
                                     ^^^^^^^^^^^^^^^^
  File "cassandra\cluster.py", line 3131, in cassandra.cluster.Session.prepare
  File "cassandra\cluster.py", line 3128, in cassandra.cluster.Session.prepare
  File "cassandra\cluster.py", line 4956, in cassandra.cluster.ResponseFuture.result
cassandra.InvalidRequest: Error from server: code=2200 [Invalid query] message="Undefined column name day in table pldt_audit.api_calls"
Failed to log API call to Cassandra.
Traceback (most recent call last):
  File "C:\temp\bankTradingManagement-master\bankTradingManagement-master\BACKEND\app\app.py", line 261, in cassandra_audit_middleware
    cassandra_service.log_api_call(
  File "C:\temp\bankTradingManagement-master\bankTradingManagement-master\BACKEND\app\cassandra_service.py", line 204, in log_api_call
    self.audit.log_api_call(
  File "C:\temp\bankTradingManagement-master\bankTradingManagement-master\BACKEND\app\CassandraServices\audit.py", line 49, in log_api_call
    self.prepare()
  File "C:\temp\bankTradingManagement-master\bankTradingManagement-master\BACKEND\app\CassandraServices\audit.py", line 27, in prepare
    self._prepared["insert_audit"] = session.prepare(
                                     ^^^^^^^^^^^^^^^^
  File "cassandra\cluster.py", line 3131, in cassandra.cluster.Session.prepare
  File "cassandra\cluster.py", line 3128, in cassandra.cluster.Session.prepare
  File "cassandra\cluster.py", line 4956, in cassandra.cluster.ResponseFuture.result
cassandra.InvalidRequest: Error from server: code=2200 [Invalid query] message="Undefined column name day in table pldt_audit.api_calls"
Failed to log API call to Cassandra.
Traceback (most recent call last):
  File "C:\temp\bankTradingManagement-master\bankTradingManagement-master\BACKEND\app\app.py", line 261, in cassandra_audit_middleware
    cassandra_service.log_api_call(
  File "C:\temp\bankTradingManagement-master\bankTradingManagement-master\BACKEND\app\cassandra_service.py", line 204, in log_api_call
    self.audit.log_api_call(
  File "C:\temp\bankTradingManagement-master\bankTradingManagement-master\BACKEND\app\CassandraServices\audit.py", line 49, in log_api_call
    self.prepare()
  File "C:\temp\bankTradingManagement-master\bankTradingManagement-master\BACKEND\app\CassandraServices\audit.py", line 27, in prepare
    self._prepared["insert_audit"] = session.prepare(
                                     ^^^^^^^^^^^^^^^^
  File "cassandra\cluster.py", line 3131, in cassandra.cluster.Session.prepare
  File "cassandra\cluster.py", line 3128, in cassandra.cluster.Session.prepare
  File "cassandra\cluster.py", line 4956, in cassandra.cluster.ResponseFuture.result
cassandra.InvalidRequest: Error from server: code=2200 [Invalid query] message="Undefined column name day in table pldt_audit.api_calls"
Failed to log API call to Cassandra.
Traceback (most recent call last):
  File "C:\temp\bankTradingManagement-master\bankTradingManagement-master\BACKEND\app\app.py", line 261, in cassandra_audit_middleware
    cassandra_service.log_api_call(
  File "C:\temp\bankTradingManagement-master\bankTradingManagement-master\BACKEND\app\cassandra_service.py", line 204, in log_api_call
    self.audit.log_api_call(
  File "C:\temp\bankTradingManagement-master\bankTradingManagement-master\BACKEND\app\CassandraServices\audit.py", line 49, in log_api_call
    self.prepare()
  File "C:\temp\bankTradingManagement-master\bankTradingManagement-master\BACKEND\app\CassandraServices\audit.py", line 27, in prepare
    self._prepared["insert_audit"] = session.prepare(
                                     ^^^^^^^^^^^^^^^^
  File "cassandra\cluster.py", line 3131, in cassandra.cluster.Session.prepare
  File "cassandra\cluster.py", line 3128, in cassandra.cluster.Session.prepare
  File "cassandra\cluster.py", line 4956, in cassandra.cluster.ResponseFuture.result
cassandra.InvalidRequest: Error from server: code=2200 [Invalid query] message="Undefined column name day in table pldt_audit.api_calls"
Failed to log API call to Cassandra.
Traceback (most recent call last):
  File "C:\temp\bankTradingManagement-master\bankTradingManagement-master\BACKEND\app\app.py", line 261, in cassandra_audit_middleware
    cassandra_service.log_api_call(
  File "C:\temp\bankTradingManagement-master\bankTradingManagement-master\BACKEND\app\cassandra_service.py", line 204, in log_api_call
    self.audit.log_api_call(
  File "C:\temp\bankTradingManagement-master\bankTradingManagement-master\BACKEND\app\CassandraServices\audit.py", line 49, in log_api_call
    self.prepare()
  File "C:\temp\bankTradingManagement-master\bankTradingManagement-master\BACKEND\app\CassandraServices\audit.py", line 27, in prepare
    self._prepared["insert_audit"] = session.prepare(
                                     ^^^^^^^^^^^^^^^^
  File "cassandra\cluster.py", line 3131, in cassandra.cluster.Session.prepare
  File "cassandra\cluster.py", line 3128, in cassandra.cluster.Session.prepare
  File "cassandra\cluster.py", line 4956, in cassandra.cluster.ResponseFuture.result
cassandra.InvalidRequest: Error from server: code=2200 [Invalid query] message="Undefined column name day in table pldt_audit.api_calls"
Failed to log API call to Cassandra.
Traceback (most recent call last):
  File "C:\temp\bankTradingManagement-master\bankTradingManagement-master\BACKEND\app\app.py", line 261, in cassandra_audit_middleware
    cassandra_service.log_api_call(
  File "C:\temp\bankTradingManagement-master\bankTradingManagement-master\BACKEND\app\cassandra_service.py", line 204, in log_api_call
    self.audit.log_api_call(
  File "C:\temp\bankTradingManagement-master\bankTradingManagement-master\BACKEND\app\CassandraServices\audit.py", line 49, in log_api_call
    self.prepare()
  File "C:\temp\bankTradingManagement-master\bankTradingManagement-master\BACKEND\app\CassandraServices\audit.py", line 27, in prepare
    self._prepared["insert_audit"] = session.prepare(
                                     ^^^^^^^^^^^^^^^^
  File "cassandra\cluster.py", line 3131, in cassandra.cluster.Session.prepare
  File "cassandra\cluster.py", line 3128, in cassandra.cluster.Session.prepare
  File "cassandra\cluster.py", line 4956, in cassandra.cluster.ResponseFuture.result
cassandra.InvalidRequest: Error from server: code=2200 [Invalid query] message="Undefined column name day in table pldt_audit.api_calls"
Failed to log API call to Cassandra.
Traceback (most recent call last):
  File "C:\temp\bankTradingManagement-master\bankTradingManagement-master\BACKEND\app\app.py", line 261, in cassandra_audit_middleware
    cassandra_service.log_api_call(
  File "C:\temp\bankTradingManagement-master\bankTradingManagement-master\BACKEND\app\cassandra_service.py", line 204, in log_api_call
    self.audit.log_api_call(
  File "C:\temp\bankTradingManagement-master\bankTradingManagement-master\BACKEND\app\CassandraServices\audit.py", line 49, in log_api_call
    self.prepare()
  File "C:\temp\bankTradingManagement-master\bankTradingManagement-master\BACKEND\app\CassandraServices\audit.py", line 27, in prepare
    self._prepared["insert_audit"] = session.prepare(
                                     ^^^^^^^^^^^^^^^^
  File "cassandra\cluster.py", line 3131, in cassandra.cluster.Session.prepare
  File "cassandra\cluster.py", line 3128, in cassandra.cluster.Session.prepare
  File "cassandra\cluster.py", line 4956, in cassandra.cluster.ResponseFuture.result
cassandra.InvalidRequest: Error from server: code=2200 [Invalid query] message="Undefined column name day in table pldt_audit.api_calls"
Failed to log API call to Cassandra.
Traceback (most recent call last):
  File "C:\temp\bankTradingManagement-master\bankTradingManagement-master\BACKEND\app\app.py", line 261, in cassandra_audit_middleware
    cassandra_service.log_api_call(
  File "C:\temp\bankTradingManagement-master\bankTradingManagement-master\BACKEND\app\cassandra_service.py", line 204, in log_api_call
    self.audit.log_api_call(
  File "C:\temp\bankTradingManagement-master\bankTradingManagement-master\BACKEND\app\CassandraServices\audit.py", line 49, in log_api_call
    self.prepare()
  File "C:\temp\bankTradingManagement-master\bankTradingManagement-master\BACKEND\app\CassandraServices\audit.py", line 27, in prepare
    self._prepared["insert_audit"] = session.prepare(
                                     ^^^^^^^^^^^^^^^^
  File "cassandra\cluster.py", line 3131, in cassandra.cluster.Session.prepare
  File "cassandra\cluster.py", line 3128, in cassandra.cluster.Session.prepare
  File "cassandra\cluster.py", line 4956, in cassandra.cluster.ResponseFuture.result
cassandra.InvalidRequest: Error from server: code=2200 [Invalid query] message="Undefined column name day in table pldt_audit.api_calls"
Failed to log API call to Cassandra.
Traceback (most recent call last):
  File "C:\temp\bankTradingManagement-master\bankTradingManagement-master\BACKEND\app\app.py", line 261, in cassandra_audit_middleware
    cassandra_service.log_api_call(
  File "C:\temp\bankTradingManagement-master\bankTradingManagement-master\BACKEND\app\cassandra_service.py", line 204, in log_api_call
    self.audit.log_api_call(
  File "C:\temp\bankTradingManagement-master\bankTradingManagement-master\BACKEND\app\CassandraServices\audit.py", line 49, in log_api_call
    self.prepare()
  File "C:\temp\bankTradingManagement-master\bankTradingManagement-master\BACKEND\app\CassandraServices\audit.py", line 27, in prepare
    self._prepared["insert_audit"] = session.prepare(
                                     ^^^^^^^^^^^^^^^^
  File "cassandra\cluster.py", line 3131, in cassandra.cluster.Session.prepare
  File "cassandra\cluster.py", line 3128, in cassandra.cluster.Session.prepare
  File "cassandra\cluster.py", line 4956, in cassandra.cluster.ResponseFuture.result
cassandra.InvalidRequest: Error from server: code=2200 [Invalid query] message="Undefined column name day in table pldt_audit.api_calls"
Failed to log API call to Cassandra.
Traceback (most recent call last):
  File "C:\temp\bankTradingManagement-master\bankTradingManagement-master\BACKEND\app\app.py", line 261, in cassandra_audit_middleware
    cassandra_service.log_api_call(
  File "C:\temp\bankTradingManagement-master\bankTradingManagement-master\BACKEND\app\cassandra_service.py", line 204, in log_api_call
    self.audit.log_api_call(
  File "C:\temp\bankTradingManagement-master\bankTradingManagement-master\BACKEND\app\CassandraServices\audit.py", line 49, in log_api_call
    self.prepare()
  File "C:\temp\bankTradingManagement-master\bankTradingManagement-master\BACKEND\app\CassandraServices\audit.py", line 27, in prepare
    self._prepared["insert_audit"] = session.prepare(
                                     ^^^^^^^^^^^^^^^^
  File "cassandra\cluster.py", line 3131, in cassandra.cluster.Session.prepare
  File "cassandra\cluster.py", line 3128, in cassandra.cluster.Session.prepare
  File "cassandra\cluster.py", line 4956, in cassandra.cluster.ResponseFuture.result
cassandra.InvalidRequest: Error from server: code=2200 [Invalid query] message="Undefined column name day in table pldt_audit.api_calls"
Failed to log API call to Cassandra.
Traceback (most recent call last):
  File "C:\temp\bankTradingManagement-master\bankTradingManagement-master\BACKEND\app\app.py", line 261, in cassandra_audit_middleware
    cassandra_service.log_api_call(
  File "C:\temp\bankTradingManagement-master\bankTradingManagement-master\BACKEND\app\cassandra_service.py", line 204, in log_api_call
    self.audit.log_api_call(
  File "C:\temp\bankTradingManagement-master\bankTradingManagement-master\BACKEND\app\CassandraServices\audit.py", line 49, in log_api_call
    self.prepare()
  File "C:\temp\bankTradingManagement-master\bankTradingManagement-master\BACKEND\app\CassandraServices\audit.py", line 27, in prepare
    self._prepared["insert_audit"] = session.prepare(
                                     ^^^^^^^^^^^^^^^^
  File "cassandra\cluster.py", line 3131, in cassandra.cluster.Session.prepare
  File "cassandra\cluster.py", line 3128, in cassandra.cluster.Session.prepare
  File "cassandra\cluster.py", line 4956, in cassandra.cluster.ResponseFuture.result
cassandra.InvalidRequest: Error from server: code=2200 [Invalid query] message="Undefined column name day in table pldt_audit.api_calls"
Failed to log API call to Cassandra.
Traceback (most recent call last):
  File "C:\temp\bankTradingManagement-master\bankTradingManagement-master\BACKEND\app\app.py", line 261, in cassandra_audit_middleware
    cassandra_service.log_api_call(
  File "C:\temp\bankTradingManagement-master\bankTradingManagement-master\BACKEND\app\cassandra_service.py", line 204, in log_api_call
    self.audit.log_api_call(
  File "C:\temp\bankTradingManagement-master\bankTradingManagement-master\BACKEND\app\CassandraServices\audit.py", line 49, in log_api_call
    self.prepare()
  File "C:\temp\bankTradingManagement-master\bankTradingManagement-master\BACKEND\app\CassandraServices\audit.py", line 27, in prepare
    self._prepared["insert_audit"] = session.prepare(
                                     ^^^^^^^^^^^^^^^^
  File "cassandra\cluster.py", line 3131, in cassandra.cluster.Session.prepare
  File "cassandra\cluster.py", line 3128, in cassandra.cluster.Session.prepare
  File "cassandra\cluster.py", line 4956, in cassandra.cluster.ResponseFuture.result
cassandra.InvalidRequest: Error from server: code=2200 [Invalid query] message="Undefined column name day in table pldt_audit.api_calls"
Failed to log API call to Cassandra.
Traceback (most recent call last):
  File "C:\temp\bankTradingManagement-master\bankTradingManagement-master\BACKEND\app\app.py", line 261, in cassandra_audit_middleware
    cassandra_service.log_api_call(
  File "C:\temp\bankTradingManagement-master\bankTradingManagement-master\BACKEND\app\cassandra_service.py", line 204, in log_api_call
    self.audit.log_api_call(
  File "C:\temp\bankTradingManagement-master\bankTradingManagement-master\BACKEND\app\CassandraServices\audit.py", line 49, in log_api_call
    self.prepare()
  File "C:\temp\bankTradingManagement-master\bankTradingManagement-master\BACKEND\app\CassandraServices\audit.py", line 27, in prepare
    self._prepared["insert_audit"] = session.prepare(
                                     ^^^^^^^^^^^^^^^^
  File "cassandra\cluster.py", line 3131, in cassandra.cluster.Session.prepare
  File "cassandra\cluster.py", line 3128, in cassandra.cluster.Session.prepare
  File "cassandra\cluster.py", line 4956, in cassandra.cluster.ResponseFuture.result
cassandra.InvalidRequest: Error from server: code=2200 [Invalid query] message="Undefined column name day in table pldt_audit.api_calls"
Failed to log API call to Cassandra.
Traceback (most recent call last):
  File "C:\temp\bankTradingManagement-master\bankTradingManagement-master\BACKEND\app\app.py", line 261, in cassandra_audit_middleware
    cassandra_service.log_api_call(
  File "C:\temp\bankTradingManagement-master\bankTradingManagement-master\BACKEND\app\cassandra_service.py", line 204, in log_api_call
    self.audit.log_api_call(
  File "C:\temp\bankTradingManagement-master\bankTradingManagement-master\BACKEND\app\CassandraServices\audit.py", line 49, in log_api_call
    self.prepare()
  File "C:\temp\bankTradingManagement-master\bankTradingManagement-master\BACKEND\app\CassandraServices\audit.py", line 27, in prepare
    self._prepared["insert_audit"] = session.prepare(
                                     ^^^^^^^^^^^^^^^^
  File "cassandra\cluster.py", line 3131, in cassandra.cluster.Session.prepare
  File "cassandra\cluster.py", line 3128, in cassandra.cluster.Session.prepare
  File "cassandra\cluster.py", line 4956, in cassandra.cluster.ResponseFuture.result
cassandra.InvalidRequest: Error from server: code=2200 [Invalid query] message="Undefined column name day in table pldt_audit.api_calls"
Failed to log API call to Cassandra.
Traceback (most recent call last):
  File "C:\temp\bankTradingManagement-master\bankTradingManagement-master\BACKEND\app\app.py", line 261, in cassandra_audit_middleware
    cassandra_service.log_api_call(
  File "C:\temp\bankTradingManagement-master\bankTradingManagement-master\BACKEND\app\cassandra_service.py", line 204, in log_api_call
    self.audit.log_api_call(
  File "C:\temp\bankTradingManagement-master\bankTradingManagement-master\BACKEND\app\CassandraServices\audit.py", line 49, in log_api_call
    self.prepare()
  File "C:\temp\bankTradingManagement-master\bankTradingManagement-master\BACKEND\app\CassandraServices\audit.py", line 27, in prepare
    self._prepared["insert_audit"] = session.prepare(
                                     ^^^^^^^^^^^^^^^^
  File "cassandra\cluster.py", line 3131, in cassandra.cluster.Session.prepare
  File "cassandra\cluster.py", line 3128, in cassandra.cluster.Session.prepare
  File "cassandra\cluster.py", line 4956, in cassandra.cluster.ResponseFuture.result
cassandra.InvalidRequest: Error from server: code=2200 [Invalid query] message="Undefined column name day in table pldt_audit.api_calls"
Failed to log API call to Cassandra.
Traceback (most recent call last):
  File "C:\temp\bankTradingManagement-master\bankTradingManagement-master\BACKEND\app\app.py", line 261, in cassandra_audit_middleware
    cassandra_service.log_api_call(
  File "C:\temp\bankTradingManagement-master\bankTradingManagement-master\BACKEND\app\cassandra_service.py", line 204, in log_api_call
    self.audit.log_api_call(
  File "C:\temp\bankTradingManagement-master\bankTradingManagement-master\BACKEND\app\CassandraServices\audit.py", line 49, in log_api_call
    self.prepare()
  File "C:\temp\bankTradingManagement-master\bankTradingManagement-master\BACKEND\app\CassandraServices\audit.py", line 27, in prepare
    self._prepared["insert_audit"] = session.prepare(
                                     ^^^^^^^^^^^^^^^^
  File "cassandra\cluster.py", line 3131, in cassandra.cluster.Session.prepare
  File "cassandra\cluster.py", line 3128, in cassandra.cluster.Session.prepare
  File "cassandra\cluster.py", line 4956, in cassandra.cluster.ResponseFuture.result
cassandra.InvalidRequest: Error from server: code=2200 [Invalid query] message="Undefined column name day in table pldt_audit.api_calls"
Failed to log API call to Cassandra.
Traceback (most recent call last):
  File "C:\temp\bankTradingManagement-master\bankTradingManagement-master\BACKEND\app\app.py", line 261, in cassandra_audit_middleware
    cassandra_service.log_api_call(
  File "C:\temp\bankTradingManagement-master\bankTradingManagement-master\BACKEND\app\cassandra_service.py", line 204, in log_api_call
    self.audit.log_api_call(
  File "C:\temp\bankTradingManagement-master\bankTradingManagement-master\BACKEND\app\CassandraServices\audit.py", line 49, in log_api_call
    self.prepare()
  File "C:\temp\bankTradingManagement-master\bankTradingManagement-master\BACKEND\app\CassandraServices\audit.py", line 27, in prepare
    self._prepared["insert_audit"] = session.prepare(
                                     ^^^^^^^^^^^^^^^^
  File "cassandra\cluster.py", line 3131, in cassandra.cluster.Session.prepare
  File "cassandra\cluster.py", line 3128, in cassandra.cluster.Session.prepare
  File "cassandra\cluster.py", line 4956, in cassandra.cluster.ResponseFuture.result
cassandra.InvalidRequest: Error from server: code=2200 [Invalid query] message="Undefined column name day in table pldt_audit.api_calls"
Failed to prepare Monthly KPI statements; will retry later.
Traceback (most recent call last):
  File "C:\temp\bankTradingManagement-master\bankTradingManagement-master\BACKEND\app\CassandraServices\monthly_kpis.py", line 43, in prepare
    self._prepared["upsert_kpi_monthly"] = session.prepare(
                                           ^^^^^^^^^^^^^^^^
  File "cassandra\cluster.py", line 3131, in cassandra.cluster.Session.prepare
  File "cassandra\cluster.py", line 3128, in cassandra.cluster.Session.prepare
  File "cassandra\cluster.py", line 4956, in cassandra.cluster.ResponseFuture.result
cassandra.InvalidRequest: Error from server: code=2200 [Invalid query] message="Undefined column name month_yyyymm in table pldt_rt.kpi_monthly"
Failed to get company KPI
Traceback (most recent call last):
  File "C:\temp\bankTradingManagement-master\bankTradingManagement-master\BACKEND\app\app.py", line 2682, in get_company_kpi
    results = cassandra_service.monthly_kpis.list_company_kpis(month_yyyymm)
              ^^^^^^^^^^^^^^^^^^^^^^^^^^^^^^^^^^^^^^^^^^^^^^^^^^^^^^^^^^^^^^
  File "C:\temp\bankTradingManagement-master\bankTradingManagement-master\BACKEND\app\CassandraServices\monthly_kpis.py", line 200, in list_company_kpis
    stmt = self._require_stmt("select_kpi_monthly_all")
           ^^^^^^^^^^^^^^^^^^^^^^^^^^^^^^^^^^^^^^^^^^^^
  File "C:\temp\bankTradingManagement-master\bankTradingManagement-master\BACKEND\app\CassandraServices\monthly_kpis.py", line 146, in _require_stmt
    raise CassandraUnavailable("kpi_monthly tables not configured in Cassandra.")
app.CassandraServices.base.CassandraUnavailable: kpi_monthly tables not configured in Cassandra.
Failed to log API call to Cassandra.
Traceback (most recent call last):
  File "C:\temp\bankTradingManagement-master\bankTradingManagement-master\BACKEND\app\app.py", line 261, in cassandra_audit_middleware
    cassandra_service.log_api_call(
  File "C:\temp\bankTradingManagement-master\bankTradingManagement-master\BACKEND\app\cassandra_service.py", line 204, in log_api_call
    self.audit.log_api_call(
  File "C:\temp\bankTradingManagement-master\bankTradingManagement-master\BACKEND\app\CassandraServices\audit.py", line 49, in log_api_call
    self.prepare()
  File "C:\temp\bankTradingManagement-master\bankTradingManagement-master\BACKEND\app\CassandraServices\audit.py", line 27, in prepare
    self._prepared["insert_audit"] = session.prepare(
                                     ^^^^^^^^^^^^^^^^
  File "cassandra\cluster.py", line 3131, in cassandra.cluster.Session.prepare
  File "cassandra\cluster.py", line 3128, in cassandra.cluster.Session.prepare
  File "cassandra\cluster.py", line 4956, in cassandra.cluster.ResponseFuture.result
cassandra.InvalidRequest: Error from server: code=2200 [Invalid query] message="Undefined column name day in table pldt_audit.api_calls"
Failed to log API call to Cassandra.
Traceback (most recent call last):
  File "C:\temp\bankTradingManagement-master\bankTradingManagement-master\BACKEND\app\app.py", line 261, in cassandra_audit_middleware
    cassandra_service.log_api_call(
  File "C:\temp\bankTradingManagement-master\bankTradingManagement-master\BACKEND\app\cassandra_service.py", line 204, in log_api_call
    self.audit.log_api_call(
  File "C:\temp\bankTradingManagement-master\bankTradingManagement-master\BACKEND\app\CassandraServices\audit.py", line 49, in log_api_call
    self.prepare()
  File "C:\temp\bankTradingManagement-master\bankTradingManagement-master\BACKEND\app\CassandraServices\audit.py", line 27, in prepare
    self._prepared["insert_audit"] = session.prepare(
                                     ^^^^^^^^^^^^^^^^
  File "cassandra\cluster.py", line 3131, in cassandra.cluster.Session.prepare
  File "cassandra\cluster.py", line 3128, in cassandra.cluster.Session.prepare
  File "cassandra\cluster.py", line 4956, in cassandra.cluster.ResponseFuture.result
cassandra.InvalidRequest: Error from server: code=2200 [Invalid query] message="Undefined column name day in table pldt_audit.api_calls"
Failed to log API call to Cassandra.
Traceback (most recent call last):
  File "C:\temp\bankTradingManagement-master\bankTradingManagement-master\BACKEND\app\app.py", line 261, in cassandra_audit_middleware
    cassandra_service.log_api_call(
  File "C:\temp\bankTradingManagement-master\bankTradingManagement-master\BACKEND\app\cassandra_service.py", line 204, in log_api_call
    self.audit.log_api_call(
  File "C:\temp\bankTradingManagement-master\bankTradingManagement-master\BACKEND\app\CassandraServices\audit.py", line 49, in log_api_call
    self.prepare()
  File "C:\temp\bankTradingManagement-master\bankTradingManagement-master\BACKEND\app\CassandraServices\audit.py", line 27, in prepare
    self._prepared["insert_audit"] = session.prepare(
                                     ^^^^^^^^^^^^^^^^
  File "cassandra\cluster.py", line 3131, in cassandra.cluster.Session.prepare
  File "cassandra\cluster.py", line 3128, in cassandra.cluster.Session.prepare
  File "cassandra\cluster.py", line 4956, in cassandra.cluster.ResponseFuture.result
cassandra.InvalidRequest: Error from server: code=2200 [Invalid query] message="Undefined column name day in table pldt_audit.api_calls"
Failed to log API call to Cassandra.
Traceback (most recent call last):
  File "C:\temp\bankTradingManagement-master\bankTradingManagement-master\BACKEND\app\app.py", line 261, in cassandra_audit_middleware
    cassandra_service.log_api_call(
  File "C:\temp\bankTradingManagement-master\bankTradingManagement-master\BACKEND\app\cassandra_service.py", line 204, in log_api_call
    self.audit.log_api_call(
  File "C:\temp\bankTradingManagement-master\bankTradingManagement-master\BACKEND\app\CassandraServices\audit.py", line 49, in log_api_call
    self.prepare()
  File "C:\temp\bankTradingManagement-master\bankTradingManagement-master\BACKEND\app\CassandraServices\audit.py", line 27, in prepare
    self._prepared["insert_audit"] = session.prepare(
                                     ^^^^^^^^^^^^^^^^
  File "cassandra\cluster.py", line 3131, in cassandra.cluster.Session.prepare
  File "cassandra\cluster.py", line 3128, in cassandra.cluster.Session.prepare
  File "cassandra\cluster.py", line 4956, in cassandra.cluster.ResponseFuture.result
cassandra.InvalidRequest: Error from server: code=2200 [Invalid query] message="Undefined column name day in table pldt_audit.api_calls"
Failed to prepare Monthly KPI statements; will retry later.
Traceback (most recent call last):
  File "C:\temp\bankTradingManagement-master\bankTradingManagement-master\BACKEND\app\CassandraServices\monthly_kpis.py", line 43, in prepare
    self._prepared["upsert_kpi_monthly"] = session.prepare(
                                           ^^^^^^^^^^^^^^^^
  File "cassandra\cluster.py", line 3131, in cassandra.cluster.Session.prepare
  File "cassandra\cluster.py", line 3128, in cassandra.cluster.Session.prepare
  File "cassandra\cluster.py", line 4956, in cassandra.cluster.ResponseFuture.result
cassandra.InvalidRequest: Error from server: code=2200 [Invalid query] message="Undefined column name month_yyyymm in table pldt_rt.kpi_monthly"
Failed to get company KPI
Traceback (most recent call last):
  File "C:\temp\bankTradingManagement-master\bankTradingManagement-master\BACKEND\app\app.py", line 2682, in get_company_kpi
    results = cassandra_service.monthly_kpis.list_company_kpis(month_yyyymm)
              ^^^^^^^^^^^^^^^^^^^^^^^^^^^^^^^^^^^^^^^^^^^^^^^^^^^^^^^^^^^^^^
  File "C:\temp\bankTradingManagement-master\bankTradingManagement-master\BACKEND\app\CassandraServices\monthly_kpis.py", line 200, in list_company_kpis
    stmt = self._require_stmt("select_kpi_monthly_all")
           ^^^^^^^^^^^^^^^^^^^^^^^^^^^^^^^^^^^^^^^^^^^^
  File "C:\temp\bankTradingManagement-master\bankTradingManagement-master\BACKEND\app\CassandraServices\monthly_kpis.py", line 146, in _require_stmt
    raise CassandraUnavailable("kpi_monthly tables not configured in Cassandra.")
app.CassandraServices.base.CassandraUnavailable: kpi_monthly tables not configured in Cassandra.
Failed to log API call to Cassandra.
Traceback (most recent call last):
  File "C:\temp\bankTradingManagement-master\bankTradingManagement-master\BACKEND\app\app.py", line 261, in cassandra_audit_middleware
    cassandra_service.log_api_call(
  File "C:\temp\bankTradingManagement-master\bankTradingManagement-master\BACKEND\app\cassandra_service.py", line 204, in log_api_call
    self.audit.log_api_call(
  File "C:\temp\bankTradingManagement-master\bankTradingManagement-master\BACKEND\app\CassandraServices\audit.py", line 49, in log_api_call
    self.prepare()
  File "C:\temp\bankTradingManagement-master\bankTradingManagement-master\BACKEND\app\CassandraServices\audit.py", line 27, in prepare
    self._prepared["insert_audit"] = session.prepare(
                                     ^^^^^^^^^^^^^^^^
  File "cassandra\cluster.py", line 3131, in cassandra.cluster.Session.prepare
  File "cassandra\cluster.py", line 3128, in cassandra.cluster.Session.prepare
  File "cassandra\cluster.py", line 4956, in cassandra.cluster.ResponseFuture.result
cassandra.InvalidRequest: Error from server: code=2200 [Invalid query] message="Undefined column name day in table pldt_audit.api_calls"
Failed to log API call to Cassandra.
Traceback (most recent call last):
  File "C:\temp\bankTradingManagement-master\bankTradingManagement-master\BACKEND\app\app.py", line 261, in cassandra_audit_middleware
    cassandra_service.log_api_call(
  File "C:\temp\bankTradingManagement-master\bankTradingManagement-master\BACKEND\app\cassandra_service.py", line 204, in log_api_call
    self.audit.log_api_call(
  File "C:\temp\bankTradingManagement-master\bankTradingManagement-master\BACKEND\app\CassandraServices\audit.py", line 49, in log_api_call
    self.prepare()
  File "C:\temp\bankTradingManagement-master\bankTradingManagement-master\BACKEND\app\CassandraServices\audit.py", line 27, in prepare
    self._prepared["insert_audit"] = session.prepare(
                                     ^^^^^^^^^^^^^^^^
  File "cassandra\cluster.py", line 3131, in cassandra.cluster.Session.prepare
  File "cassandra\cluster.py", line 3128, in cassandra.cluster.Session.prepare
  File "cassandra\cluster.py", line 4956, in cassandra.cluster.ResponseFuture.result
cassandra.InvalidRequest: Error from server: code=2200 [Invalid query] message="Undefined column name day in table pldt_audit.api_calls"
Failed to log API call to Cassandra.
Traceback (most recent call last):
  File "C:\temp\bankTradingManagement-master\bankTradingManagement-master\BACKEND\app\app.py", line 261, in cassandra_audit_middleware
    cassandra_service.log_api_call(
  File "C:\temp\bankTradingManagement-master\bankTradingManagement-master\BACKEND\app\cassandra_service.py", line 204, in log_api_call
    self.audit.log_api_call(
  File "C:\temp\bankTradingManagement-master\bankTradingManagement-master\BACKEND\app\CassandraServices\audit.py", line 49, in log_api_call
    self.prepare()
  File "C:\temp\bankTradingManagement-master\bankTradingManagement-master\BACKEND\app\CassandraServices\audit.py", line 27, in prepare
    self._prepared["insert_audit"] = session.prepare(
                                     ^^^^^^^^^^^^^^^^
  File "cassandra\cluster.py", line 3131, in cassandra.cluster.Session.prepare
  File "cassandra\cluster.py", line 3128, in cassandra.cluster.Session.prepare
  File "cassandra\cluster.py", line 4956, in cassandra.cluster.ResponseFuture.result
cassandra.InvalidRequest: Error from server: code=2200 [Invalid query] message="Undefined column name day in table pldt_audit.api_calls"
Failed to prepare Monthly KPI statements; will retry later.
Traceback (most recent call last):
  File "C:\temp\bankTradingManagement-master\bankTradingManagement-master\BACKEND\app\CassandraServices\monthly_kpis.py", line 43, in prepare
    self._prepared["upsert_kpi_monthly"] = session.prepare(
                                           ^^^^^^^^^^^^^^^^
  File "cassandra\cluster.py", line 3131, in cassandra.cluster.Session.prepare
  File "cassandra\cluster.py", line 3128, in cassandra.cluster.Session.prepare
  File "cassandra\cluster.py", line 4956, in cassandra.cluster.ResponseFuture.result
cassandra.InvalidRequest: Error from server: code=2200 [Invalid query] message="Undefined column name month_yyyymm in table pldt_rt.kpi_monthly"
Failed to get company KPI
Traceback (most recent call last):
  File "C:\temp\bankTradingManagement-master\bankTradingManagement-master\BACKEND\app\app.py", line 2682, in get_company_kpi
    results = cassandra_service.monthly_kpis.list_company_kpis(month_yyyymm)
              ^^^^^^^^^^^^^^^^^^^^^^^^^^^^^^^^^^^^^^^^^^^^^^^^^^^^^^^^^^^^^^
  File "C:\temp\bankTradingManagement-master\bankTradingManagement-master\BACKEND\app\CassandraServices\monthly_kpis.py", line 200, in list_company_kpis
    stmt = self._require_stmt("select_kpi_monthly_all")
           ^^^^^^^^^^^^^^^^^^^^^^^^^^^^^^^^^^^^^^^^^^^^
  File "C:\temp\bankTradingManagement-master\bankTradingManagement-master\BACKEND\app\CassandraServices\monthly_kpis.py", line 146, in _require_stmt
    raise CassandraUnavailable("kpi_monthly tables not configured in Cassandra.")
app.CassandraServices.base.CassandraUnavailable: kpi_monthly tables not configured in Cassandra.
Failed to log API call to Cassandra.
Traceback (most recent call last):
  File "C:\temp\bankTradingManagement-master\bankTradingManagement-master\BACKEND\app\app.py", line 261, in cassandra_audit_middleware
    cassandra_service.log_api_call(
  File "C:\temp\bankTradingManagement-master\bankTradingManagement-master\BACKEND\app\cassandra_service.py", line 204, in log_api_call
    self.audit.log_api_call(
  File "C:\temp\bankTradingManagement-master\bankTradingManagement-master\BACKEND\app\CassandraServices\audit.py", line 49, in log_api_call
    self.prepare()
  File "C:\temp\bankTradingManagement-master\bankTradingManagement-master\BACKEND\app\CassandraServices\audit.py", line 27, in prepare
    self._prepared["insert_audit"] = session.prepare(
                                     ^^^^^^^^^^^^^^^^
  File "cassandra\cluster.py", line 3131, in cassandra.cluster.Session.prepare
  File "cassandra\cluster.py", line 3128, in cassandra.cluster.Session.prepare
  File "cassandra\cluster.py", line 4956, in cassandra.cluster.ResponseFuture.result
cassandra.InvalidRequest: Error from server: code=2200 [Invalid query] message="Undefined column name day in table pldt_audit.api_calls"
Failed to log API call to Cassandra.
Traceback (most recent call last):
  File "C:\temp\bankTradingManagement-master\bankTradingManagement-master\BACKEND\app\app.py", line 261, in cassandra_audit_middleware
    cassandra_service.log_api_call(
  File "C:\temp\bankTradingManagement-master\bankTradingManagement-master\BACKEND\app\cassandra_service.py", line 204, in log_api_call
    self.audit.log_api_call(
  File "C:\temp\bankTradingManagement-master\bankTradingManagement-master\BACKEND\app\CassandraServices\audit.py", line 49, in log_api_call
    self.prepare()
  File "C:\temp\bankTradingManagement-master\bankTradingManagement-master\BACKEND\app\CassandraServices\audit.py", line 27, in prepare
    self._prepared["insert_audit"] = session.prepare(
                                     ^^^^^^^^^^^^^^^^
  File "cassandra\cluster.py", line 3131, in cassandra.cluster.Session.prepare
  File "cassandra\cluster.py", line 3128, in cassandra.cluster.Session.prepare
  File "cassandra\cluster.py", line 4956, in cassandra.cluster.ResponseFuture.result
cassandra.InvalidRequest: Error from server: code=2200 [Invalid query] message="Undefined column name day in table pldt_audit.api_calls"
Failed to prepare Monthly KPI statements; will retry later.
Traceback (most recent call last):
  File "C:\temp\bankTradingManagement-master\bankTradingManagement-master\BACKEND\app\CassandraServices\monthly_kpis.py", line 43, in prepare
    self._prepared["upsert_kpi_monthly"] = session.prepare(
                                           ^^^^^^^^^^^^^^^^
  File "cassandra\cluster.py", line 3131, in cassandra.cluster.Session.prepare
  File "cassandra\cluster.py", line 3128, in cassandra.cluster.Session.prepare
  File "cassandra\cluster.py", line 4956, in cassandra.cluster.ResponseFuture.result
cassandra.InvalidRequest: Error from server: code=2200 [Invalid query] message="Undefined column name month_yyyymm in table pldt_rt.kpi_monthly"
Failed to get company KPI
Traceback (most recent call last):
  File "C:\temp\bankTradingManagement-master\bankTradingManagement-master\BACKEND\app\app.py", line 2682, in get_company_kpi
    results = cassandra_service.monthly_kpis.list_company_kpis(month_yyyymm)
              ^^^^^^^^^^^^^^^^^^^^^^^^^^^^^^^^^^^^^^^^^^^^^^^^^^^^^^^^^^^^^^
  File "C:\temp\bankTradingManagement-master\bankTradingManagement-master\BACKEND\app\CassandraServices\monthly_kpis.py", line 200, in list_company_kpis
    stmt = self._require_stmt("select_kpi_monthly_all")
           ^^^^^^^^^^^^^^^^^^^^^^^^^^^^^^^^^^^^^^^^^^^^
  File "C:\temp\bankTradingManagement-master\bankTradingManagement-master\BACKEND\app\CassandraServices\monthly_kpis.py", line 146, in _require_stmt
    raise CassandraUnavailable("kpi_monthly tables not configured in Cassandra.")
app.CassandraServices.base.CassandraUnavailable: kpi_monthly tables not configured in Cassandra.
Failed to log API call to Cassandra.
Traceback (most recent call last):
  File "C:\temp\bankTradingManagement-master\bankTradingManagement-master\BACKEND\app\app.py", line 261, in cassandra_audit_middleware
    cassandra_service.log_api_call(
  File "C:\temp\bankTradingManagement-master\bankTradingManagement-master\BACKEND\app\cassandra_service.py", line 204, in log_api_call
    self.audit.log_api_call(
  File "C:\temp\bankTradingManagement-master\bankTradingManagement-master\BACKEND\app\CassandraServices\audit.py", line 49, in log_api_call
    self.prepare()
  File "C:\temp\bankTradingManagement-master\bankTradingManagement-master\BACKEND\app\CassandraServices\audit.py", line 27, in prepare
    self._prepared["insert_audit"] = session.prepare(
                                     ^^^^^^^^^^^^^^^^
  File "cassandra\cluster.py", line 3131, in cassandra.cluster.Session.prepare
  File "cassandra\cluster.py", line 3128, in cassandra.cluster.Session.prepare
  File "cassandra\cluster.py", line 4956, in cassandra.cluster.ResponseFuture.result
cassandra.InvalidRequest: Error from server: code=2200 [Invalid query] message="Undefined column name day in table pldt_audit.api_calls"
Failed to log API call to Cassandra.
Traceback (most recent call last):
  File "C:\temp\bankTradingManagement-master\bankTradingManagement-master\BACKEND\app\app.py", line 261, in cassandra_audit_middleware
    cassandra_service.log_api_call(
  File "C:\temp\bankTradingManagement-master\bankTradingManagement-master\BACKEND\app\cassandra_service.py", line 204, in log_api_call
    self.audit.log_api_call(
  File "C:\temp\bankTradingManagement-master\bankTradingManagement-master\BACKEND\app\CassandraServices\audit.py", line 49, in log_api_call
    self.prepare()
  File "C:\temp\bankTradingManagement-master\bankTradingManagement-master\BACKEND\app\CassandraServices\audit.py", line 27, in prepare
    self._prepared["insert_audit"] = session.prepare(
                                     ^^^^^^^^^^^^^^^^
  File "cassandra\cluster.py", line 3131, in cassandra.cluster.Session.prepare
  File "cassandra\cluster.py", line 3128, in cassandra.cluster.Session.prepare
  File "cassandra\cluster.py", line 4956, in cassandra.cluster.ResponseFuture.result
cassandra.InvalidRequest: Error from server: code=2200 [Invalid query] message="Undefined column name day in table pldt_audit.api_calls"
Failed to log API call to Cassandra.
Traceback (most recent call last):
  File "C:\temp\bankTradingManagement-master\bankTradingManagement-master\BACKEND\app\app.py", line 261, in cassandra_audit_middleware
    cassandra_service.log_api_call(
  File "C:\temp\bankTradingManagement-master\bankTradingManagement-master\BACKEND\app\cassandra_service.py", line 204, in log_api_call
    self.audit.log_api_call(
  File "C:\temp\bankTradingManagement-master\bankTradingManagement-master\BACKEND\app\CassandraServices\audit.py", line 49, in log_api_call
    self.prepare()
  File "C:\temp\bankTradingManagement-master\bankTradingManagement-master\BACKEND\app\CassandraServices\audit.py", line 27, in prepare
    self._prepared["insert_audit"] = session.prepare(
                                     ^^^^^^^^^^^^^^^^
  File "cassandra\cluster.py", line 3131, in cassandra.cluster.Session.prepare
  File "cassandra\cluster.py", line 3128, in cassandra.cluster.Session.prepare
  File "cassandra\cluster.py", line 4956, in cassandra.cluster.ResponseFuture.result
cassandra.InvalidRequest: Error from server: code=2200 [Invalid query] message="Undefined column name day in table pldt_audit.api_calls"
Failed to log API call to Cassandra.
Traceback (most recent call last):
  File "C:\temp\bankTradingManagement-master\bankTradingManagement-master\BACKEND\app\app.py", line 261, in cassandra_audit_middleware
    cassandra_service.log_api_call(
  File "C:\temp\bankTradingManagement-master\bankTradingManagement-master\BACKEND\app\cassandra_service.py", line 204, in log_api_call
    self.audit.log_api_call(
  File "C:\temp\bankTradingManagement-master\bankTradingManagement-master\BACKEND\app\CassandraServices\audit.py", line 49, in log_api_call
    self.prepare()
  File "C:\temp\bankTradingManagement-master\bankTradingManagement-master\BACKEND\app\CassandraServices\audit.py", line 27, in prepare
    self._prepared["insert_audit"] = session.prepare(
                                     ^^^^^^^^^^^^^^^^
  File "cassandra\cluster.py", line 3131, in cassandra.cluster.Session.prepare
  File "cassandra\cluster.py", line 3128, in cassandra.cluster.Session.prepare
  File "cassandra\cluster.py", line 4956, in cassandra.cluster.ResponseFuture.result
cassandra.InvalidRequest: Error from server: code=2200 [Invalid query] message="Undefined column name day in table pldt_audit.api_calls"
Failed to log API call to Cassandra.
Traceback (most recent call last):
  File "C:\temp\bankTradingManagement-master\bankTradingManagement-master\BACKEND\app\app.py", line 261, in cassandra_audit_middleware
    cassandra_service.log_api_call(
  File "C:\temp\bankTradingManagement-master\bankTradingManagement-master\BACKEND\app\cassandra_service.py", line 204, in log_api_call
    self.audit.log_api_call(
  File "C:\temp\bankTradingManagement-master\bankTradingManagement-master\BACKEND\app\CassandraServices\audit.py", line 49, in log_api_call
    self.prepare()
  File "C:\temp\bankTradingManagement-master\bankTradingManagement-master\BACKEND\app\CassandraServices\audit.py", line 27, in prepare
    self._prepared["insert_audit"] = session.prepare(
                                     ^^^^^^^^^^^^^^^^
  File "cassandra\cluster.py", line 3131, in cassandra.cluster.Session.prepare
  File "cassandra\cluster.py", line 3128, in cassandra.cluster.Session.prepare
  File "cassandra\cluster.py", line 4956, in cassandra.cluster.ResponseFuture.result
cassandra.InvalidRequest: Error from server: code=2200 [Invalid query] message="Undefined column name day in table pldt_audit.api_calls"
Failed to log API call to Cassandra.
Traceback (most recent call last):
  File "C:\temp\bankTradingManagement-master\bankTradingManagement-master\BACKEND\app\app.py", line 261, in cassandra_audit_middleware
    cassandra_service.log_api_call(
  File "C:\temp\bankTradingManagement-master\bankTradingManagement-master\BACKEND\app\cassandra_service.py", line 204, in log_api_call
    self.audit.log_api_call(
  File "C:\temp\bankTradingManagement-master\bankTradingManagement-master\BACKEND\app\CassandraServices\audit.py", line 49, in log_api_call
    self.prepare()
  File "C:\temp\bankTradingManagement-master\bankTradingManagement-master\BACKEND\app\CassandraServices\audit.py", line 27, in prepare
    self._prepared["insert_audit"] = session.prepare(
                                     ^^^^^^^^^^^^^^^^
  File "cassandra\cluster.py", line 3131, in cassandra.cluster.Session.prepare
  File "cassandra\cluster.py", line 3128, in cassandra.cluster.Session.prepare
  File "cassandra\cluster.py", line 4956, in cassandra.cluster.ResponseFuture.result
cassandra.InvalidRequest: Error from server: code=2200 [Invalid query] message="Undefined column name day in table pldt_audit.api_calls"
Failed to log API call to Cassandra.
Traceback (most recent call last):
  File "C:\temp\bankTradingManagement-master\bankTradingManagement-master\BACKEND\app\app.py", line 261, in cassandra_audit_middleware
    cassandra_service.log_api_call(
  File "C:\temp\bankTradingManagement-master\bankTradingManagement-master\BACKEND\app\cassandra_service.py", line 204, in log_api_call
    self.audit.log_api_call(
  File "C:\temp\bankTradingManagement-master\bankTradingManagement-master\BACKEND\app\CassandraServices\audit.py", line 49, in log_api_call
    self.prepare()
  File "C:\temp\bankTradingManagement-master\bankTradingManagement-master\BACKEND\app\CassandraServices\audit.py", line 27, in prepare
    self._prepared["insert_audit"] = session.prepare(
                                     ^^^^^^^^^^^^^^^^
  File "cassandra\cluster.py", line 3131, in cassandra.cluster.Session.prepare
  File "cassandra\cluster.py", line 3128, in cassandra.cluster.Session.prepare
  File "cassandra\cluster.py", line 4956, in cassandra.cluster.ResponseFuture.result
cassandra.InvalidRequest: Error from server: code=2200 [Invalid query] message="Undefined column name day in table pldt_audit.api_calls"
Failed to prepare Monthly KPI statements; will retry later.
Traceback (most recent call last):
  File "C:\temp\bankTradingManagement-master\bankTradingManagement-master\BACKEND\app\CassandraServices\monthly_kpis.py", line 43, in prepare
    self._prepared["upsert_kpi_monthly"] = session.prepare(
                                           ^^^^^^^^^^^^^^^^
  File "cassandra\cluster.py", line 3131, in cassandra.cluster.Session.prepare
  File "cassandra\cluster.py", line 3128, in cassandra.cluster.Session.prepare
  File "cassandra\cluster.py", line 4956, in cassandra.cluster.ResponseFuture.result
cassandra.InvalidRequest: Error from server: code=2200 [Invalid query] message="Undefined column name month_yyyymm in table pldt_rt.kpi_monthly"
Failed to get company KPI
Traceback (most recent call last):
  File "C:\temp\bankTradingManagement-master\bankTradingManagement-master\BACKEND\app\app.py", line 2682, in get_company_kpi
    results = cassandra_service.monthly_kpis.list_company_kpis(month_yyyymm)
              ^^^^^^^^^^^^^^^^^^^^^^^^^^^^^^^^^^^^^^^^^^^^^^^^^^^^^^^^^^^^^^
  File "C:\temp\bankTradingManagement-master\bankTradingManagement-master\BACKEND\app\CassandraServices\monthly_kpis.py", line 200, in list_company_kpis
    stmt = self._require_stmt("select_kpi_monthly_all")
           ^^^^^^^^^^^^^^^^^^^^^^^^^^^^^^^^^^^^^^^^^^^^
  File "C:\temp\bankTradingManagement-master\bankTradingManagement-master\BACKEND\app\CassandraServices\monthly_kpis.py", line 146, in _require_stmt
    raise CassandraUnavailable("kpi_monthly tables not configured in Cassandra.")
app.CassandraServices.base.CassandraUnavailable: kpi_monthly tables not configured in Cassandra.
Failed to log API call to Cassandra.
Traceback (most recent call last):
  File "C:\temp\bankTradingManagement-master\bankTradingManagement-master\BACKEND\app\app.py", line 261, in cassandra_audit_middleware
    cassandra_service.log_api_call(
  File "C:\temp\bankTradingManagement-master\bankTradingManagement-master\BACKEND\app\cassandra_service.py", line 204, in log_api_call
    self.audit.log_api_call(
  File "C:\temp\bankTradingManagement-master\bankTradingManagement-master\BACKEND\app\CassandraServices\audit.py", line 49, in log_api_call
    self.prepare()
  File "C:\temp\bankTradingManagement-master\bankTradingManagement-master\BACKEND\app\CassandraServices\audit.py", line 27, in prepare
    self._prepared["insert_audit"] = session.prepare(
                                     ^^^^^^^^^^^^^^^^
  File "cassandra\cluster.py", line 3131, in cassandra.cluster.Session.prepare
  File "cassandra\cluster.py", line 3128, in cassandra.cluster.Session.prepare
  File "cassandra\cluster.py", line 4956, in cassandra.cluster.ResponseFuture.result
cassandra.InvalidRequest: Error from server: code=2200 [Invalid query] message="Undefined column name day in table pldt_audit.api_calls"
Failed to prepare Monthly KPI statements; will retry later.
Traceback (most recent call last):
  File "C:\temp\bankTradingManagement-master\bankTradingManagement-master\BACKEND\app\CassandraServices\monthly_kpis.py", line 43, in prepare
    self._prepared["upsert_kpi_monthly"] = session.prepare(
                                           ^^^^^^^^^^^^^^^^
  File "cassandra\cluster.py", line 3131, in cassandra.cluster.Session.prepare
  File "cassandra\cluster.py", line 3128, in cassandra.cluster.Session.prepare
  File "cassandra\cluster.py", line 4956, in cassandra.cluster.ResponseFuture.result
cassandra.InvalidRequest: Error from server: code=2200 [Invalid query] message="Undefined column name month_yyyymm in table pldt_rt.kpi_monthly"
Failed to get company KPI
Traceback (most recent call last):
  File "C:\temp\bankTradingManagement-master\bankTradingManagement-master\BACKEND\app\app.py", line 2682, in get_company_kpi
    results = cassandra_service.monthly_kpis.list_company_kpis(month_yyyymm)
              ^^^^^^^^^^^^^^^^^^^^^^^^^^^^^^^^^^^^^^^^^^^^^^^^^^^^^^^^^^^^^^
  File "C:\temp\bankTradingManagement-master\bankTradingManagement-master\BACKEND\app\CassandraServices\monthly_kpis.py", line 200, in list_company_kpis
    stmt = self._require_stmt("select_kpi_monthly_all")
           ^^^^^^^^^^^^^^^^^^^^^^^^^^^^^^^^^^^^^^^^^^^^
  File "C:\temp\bankTradingManagement-master\bankTradingManagement-master\BACKEND\app\CassandraServices\monthly_kpis.py", line 146, in _require_stmt
    raise CassandraUnavailable("kpi_monthly tables not configured in Cassandra.")
app.CassandraServices.base.CassandraUnavailable: kpi_monthly tables not configured in Cassandra.
Failed to log API call to Cassandra.
Traceback (most recent call last):
  File "C:\temp\bankTradingManagement-master\bankTradingManagement-master\BACKEND\app\app.py", line 261, in cassandra_audit_middleware
    cassandra_service.log_api_call(
  File "C:\temp\bankTradingManagement-master\bankTradingManagement-master\BACKEND\app\cassandra_service.py", line 204, in log_api_call
    self.audit.log_api_call(
  File "C:\temp\bankTradingManagement-master\bankTradingManagement-master\BACKEND\app\CassandraServices\audit.py", line 49, in log_api_call
    self.prepare()
  File "C:\temp\bankTradingManagement-master\bankTradingManagement-master\BACKEND\app\CassandraServices\audit.py", line 27, in prepare
    self._prepared["insert_audit"] = session.prepare(
                                     ^^^^^^^^^^^^^^^^
  File "cassandra\cluster.py", line 3131, in cassandra.cluster.Session.prepare
  File "cassandra\cluster.py", line 3128, in cassandra.cluster.Session.prepare
  File "cassandra\cluster.py", line 4956, in cassandra.cluster.ResponseFuture.result
cassandra.InvalidRequest: Error from server: code=2200 [Invalid query] message="Undefined column name day in table pldt_audit.api_calls"
Failed to prepare Monthly KPI statements; will retry later.
Traceback (most recent call last):
  File "C:\temp\bankTradingManagement-master\bankTradingManagement-master\BACKEND\app\CassandraServices\monthly_kpis.py", line 43, in prepare
    self._prepared["upsert_kpi_monthly"] = session.prepare(
                                           ^^^^^^^^^^^^^^^^
  File "cassandra\cluster.py", line 3131, in cassandra.cluster.Session.prepare
  File "cassandra\cluster.py", line 3128, in cassandra.cluster.Session.prepare
  File "cassandra\cluster.py", line 4956, in cassandra.cluster.ResponseFuture.result
cassandra.InvalidRequest: Error from server: code=2200 [Invalid query] message="Undefined column name month_yyyymm in table pldt_rt.kpi_monthly"
Failed to get company KPI
Traceback (most recent call last):
  File "C:\temp\bankTradingManagement-master\bankTradingManagement-master\BACKEND\app\app.py", line 2682, in get_company_kpi
    results = cassandra_service.monthly_kpis.list_company_kpis(month_yyyymm)
              ^^^^^^^^^^^^^^^^^^^^^^^^^^^^^^^^^^^^^^^^^^^^^^^^^^^^^^^^^^^^^^
  File "C:\temp\bankTradingManagement-master\bankTradingManagement-master\BACKEND\app\CassandraServices\monthly_kpis.py", line 200, in list_company_kpis
    stmt = self._require_stmt("select_kpi_monthly_all")
           ^^^^^^^^^^^^^^^^^^^^^^^^^^^^^^^^^^^^^^^^^^^^
  File "C:\temp\bankTradingManagement-master\bankTradingManagement-master\BACKEND\app\CassandraServices\monthly_kpis.py", line 146, in _require_stmt
    raise CassandraUnavailable("kpi_monthly tables not configured in Cassandra.")
app.CassandraServices.base.CassandraUnavailable: kpi_monthly tables not configured in Cassandra.
Failed to log API call to Cassandra.
Traceback (most recent call last):
  File "C:\temp\bankTradingManagement-master\bankTradingManagement-master\BACKEND\app\app.py", line 261, in cassandra_audit_middleware
    cassandra_service.log_api_call(
  File "C:\temp\bankTradingManagement-master\bankTradingManagement-master\BACKEND\app\cassandra_service.py", line 204, in log_api_call
    self.audit.log_api_call(
  File "C:\temp\bankTradingManagement-master\bankTradingManagement-master\BACKEND\app\CassandraServices\audit.py", line 49, in log_api_call
    self.prepare()
  File "C:\temp\bankTradingManagement-master\bankTradingManagement-master\BACKEND\app\CassandraServices\audit.py", line 27, in prepare
    self._prepared["insert_audit"] = session.prepare(
                                     ^^^^^^^^^^^^^^^^
  File "cassandra\cluster.py", line 3131, in cassandra.cluster.Session.prepare
  File "cassandra\cluster.py", line 3128, in cassandra.cluster.Session.prepare
  File "cassandra\cluster.py", line 4956, in cassandra.cluster.ResponseFuture.result
cassandra.InvalidRequest: Error from server: code=2200 [Invalid query] message="Undefined column name day in table pldt_audit.api_calls"
Failed to prepare Monthly KPI statements; will retry later.
Traceback (most recent call last):
  File "C:\temp\bankTradingManagement-master\bankTradingManagement-master\BACKEND\app\CassandraServices\monthly_kpis.py", line 43, in prepare
    self._prepared["upsert_kpi_monthly"] = session.prepare(
                                           ^^^^^^^^^^^^^^^^
  File "cassandra\cluster.py", line 3131, in cassandra.cluster.Session.prepare
  File "cassandra\cluster.py", line 3128, in cassandra.cluster.Session.prepare
  File "cassandra\cluster.py", line 4956, in cassandra.cluster.ResponseFuture.result
cassandra.InvalidRequest: Error from server: code=2200 [Invalid query] message="Undefined column name month_yyyymm in table pldt_rt.kpi_monthly"
Failed to get company KPI
Traceback (most recent call last):
  File "C:\temp\bankTradingManagement-master\bankTradingManagement-master\BACKEND\app\app.py", line 2682, in get_company_kpi
    results = cassandra_service.monthly_kpis.list_company_kpis(month_yyyymm)
              ^^^^^^^^^^^^^^^^^^^^^^^^^^^^^^^^^^^^^^^^^^^^^^^^^^^^^^^^^^^^^^
  File "C:\temp\bankTradingManagement-master\bankTradingManagement-master\BACKEND\app\CassandraServices\monthly_kpis.py", line 200, in list_company_kpis
    stmt = self._require_stmt("select_kpi_monthly_all")
           ^^^^^^^^^^^^^^^^^^^^^^^^^^^^^^^^^^^^^^^^^^^^
  File "C:\temp\bankTradingManagement-master\bankTradingManagement-master\BACKEND\app\CassandraServices\monthly_kpis.py", line 146, in _require_stmt
    raise CassandraUnavailable("kpi_monthly tables not configured in Cassandra.")
app.CassandraServices.base.CassandraUnavailable: kpi_monthly tables not configured in Cassandra.
Failed to log API call to Cassandra.
Traceback (most recent call last):
  File "C:\temp\bankTradingManagement-master\bankTradingManagement-master\BACKEND\app\app.py", line 261, in cassandra_audit_middleware
    cassandra_service.log_api_call(
  File "C:\temp\bankTradingManagement-master\bankTradingManagement-master\BACKEND\app\cassandra_service.py", line 204, in log_api_call
    self.audit.log_api_call(
  File "C:\temp\bankTradingManagement-master\bankTradingManagement-master\BACKEND\app\CassandraServices\audit.py", line 49, in log_api_call
    self.prepare()
  File "C:\temp\bankTradingManagement-master\bankTradingManagement-master\BACKEND\app\CassandraServices\audit.py", line 27, in prepare
    self._prepared["insert_audit"] = session.prepare(
                                     ^^^^^^^^^^^^^^^^
  File "cassandra\cluster.py", line 3131, in cassandra.cluster.Session.prepare
  File "cassandra\cluster.py", line 3128, in cassandra.cluster.Session.prepare
  File "cassandra\cluster.py", line 4956, in cassandra.cluster.ResponseFuture.result
cassandra.InvalidRequest: Error from server: code=2200 [Invalid query] message="Undefined column name day in table pldt_audit.api_calls"
Failed to prepare Monthly KPI statements; will retry later.
Traceback (most recent call last):
  File "C:\temp\bankTradingManagement-master\bankTradingManagement-master\BACKEND\app\CassandraServices\monthly_kpis.py", line 43, in prepare
    self._prepared["upsert_kpi_monthly"] = session.prepare(
                                           ^^^^^^^^^^^^^^^^
  File "cassandra\cluster.py", line 3131, in cassandra.cluster.Session.prepare
  File "cassandra\cluster.py", line 3128, in cassandra.cluster.Session.prepare
  File "cassandra\cluster.py", line 4956, in cassandra.cluster.ResponseFuture.result
cassandra.InvalidRequest: Error from server: code=2200 [Invalid query] message="Undefined column name month_yyyymm in table pldt_rt.kpi_monthly"
Failed to get company KPI
Traceback (most recent call last):
  File "C:\temp\bankTradingManagement-master\bankTradingManagement-master\BACKEND\app\app.py", line 2682, in get_company_kpi
    results = cassandra_service.monthly_kpis.list_company_kpis(month_yyyymm)
              ^^^^^^^^^^^^^^^^^^^^^^^^^^^^^^^^^^^^^^^^^^^^^^^^^^^^^^^^^^^^^^
  File "C:\temp\bankTradingManagement-master\bankTradingManagement-master\BACKEND\app\CassandraServices\monthly_kpis.py", line 200, in list_company_kpis
    stmt = self._require_stmt("select_kpi_monthly_all")
           ^^^^^^^^^^^^^^^^^^^^^^^^^^^^^^^^^^^^^^^^^^^^
  File "C:\temp\bankTradingManagement-master\bankTradingManagement-master\BACKEND\app\CassandraServices\monthly_kpis.py", line 146, in _require_stmt
    raise CassandraUnavailable("kpi_monthly tables not configured in Cassandra.")
app.CassandraServices.base.CassandraUnavailable: kpi_monthly tables not configured in Cassandra.
Failed to log API call to Cassandra.
Traceback (most recent call last):
  File "C:\temp\bankTradingManagement-master\bankTradingManagement-master\BACKEND\app\app.py", line 261, in cassandra_audit_middleware
    cassandra_service.log_api_call(
  File "C:\temp\bankTradingManagement-master\bankTradingManagement-master\BACKEND\app\cassandra_service.py", line 204, in log_api_call
    self.audit.log_api_call(
  File "C:\temp\bankTradingManagement-master\bankTradingManagement-master\BACKEND\app\CassandraServices\audit.py", line 49, in log_api_call
    self.prepare()
  File "C:\temp\bankTradingManagement-master\bankTradingManagement-master\BACKEND\app\CassandraServices\audit.py", line 27, in prepare
    self._prepared["insert_audit"] = session.prepare(
                                     ^^^^^^^^^^^^^^^^
  File "cassandra\cluster.py", line 3131, in cassandra.cluster.Session.prepare
  File "cassandra\cluster.py", line 3128, in cassandra.cluster.Session.prepare
  File "cassandra\cluster.py", line 4956, in cassandra.cluster.ResponseFuture.result
cassandra.InvalidRequest: Error from server: code=2200 [Invalid query] message="Undefined column name day in table pldt_audit.api_calls"
Failed to prepare Monthly KPI statements; will retry later.
Traceback (most recent call last):
  File "C:\temp\bankTradingManagement-master\bankTradingManagement-master\BACKEND\app\CassandraServices\monthly_kpis.py", line 43, in prepare
    self._prepared["upsert_kpi_monthly"] = session.prepare(
                                           ^^^^^^^^^^^^^^^^
  File "cassandra\cluster.py", line 3131, in cassandra.cluster.Session.prepare
  File "cassandra\cluster.py", line 3128, in cassandra.cluster.Session.prepare
  File "cassandra\cluster.py", line 4956, in cassandra.cluster.ResponseFuture.result
cassandra.InvalidRequest: Error from server: code=2200 [Invalid query] message="Undefined column name month_yyyymm in table pldt_rt.kpi_monthly"
Failed to get company KPI
Traceback (most recent call last):
  File "C:\temp\bankTradingManagement-master\bankTradingManagement-master\BACKEND\app\app.py", line 2682, in get_company_kpi
    results = cassandra_service.monthly_kpis.list_company_kpis(month_yyyymm)
              ^^^^^^^^^^^^^^^^^^^^^^^^^^^^^^^^^^^^^^^^^^^^^^^^^^^^^^^^^^^^^^
  File "C:\temp\bankTradingManagement-master\bankTradingManagement-master\BACKEND\app\CassandraServices\monthly_kpis.py", line 200, in list_company_kpis
    stmt = self._require_stmt("select_kpi_monthly_all")
           ^^^^^^^^^^^^^^^^^^^^^^^^^^^^^^^^^^^^^^^^^^^^
  File "C:\temp\bankTradingManagement-master\bankTradingManagement-master\BACKEND\app\CassandraServices\monthly_kpis.py", line 146, in _require_stmt
    raise CassandraUnavailable("kpi_monthly tables not configured in Cassandra.")
app.CassandraServices.base.CassandraUnavailable: kpi_monthly tables not configured in Cassandra.
Failed to log API call to Cassandra.
Traceback (most recent call last):
  File "C:\temp\bankTradingManagement-master\bankTradingManagement-master\BACKEND\app\app.py", line 261, in cassandra_audit_middleware
    cassandra_service.log_api_call(
  File "C:\temp\bankTradingManagement-master\bankTradingManagement-master\BACKEND\app\cassandra_service.py", line 204, in log_api_call
    self.audit.log_api_call(
  File "C:\temp\bankTradingManagement-master\bankTradingManagement-master\BACKEND\app\CassandraServices\audit.py", line 49, in log_api_call
    self.prepare()
  File "C:\temp\bankTradingManagement-master\bankTradingManagement-master\BACKEND\app\CassandraServices\audit.py", line 27, in prepare
    self._prepared["insert_audit"] = session.prepare(
                                     ^^^^^^^^^^^^^^^^
  File "cassandra\cluster.py", line 3131, in cassandra.cluster.Session.prepare
  File "cassandra\cluster.py", line 3128, in cassandra.cluster.Session.prepare
  File "cassandra\cluster.py", line 4956, in cassandra.cluster.ResponseFuture.result
cassandra.InvalidRequest: Error from server: code=2200 [Invalid query] message="Undefined column name day in table pldt_audit.api_calls"
Failed to log API call to Cassandra.
Traceback (most recent call last):
  File "C:\temp\bankTradingManagement-master\bankTradingManagement-master\BACKEND\app\app.py", line 261, in cassandra_audit_middleware
    cassandra_service.log_api_call(
  File "C:\temp\bankTradingManagement-master\bankTradingManagement-master\BACKEND\app\cassandra_service.py", line 204, in log_api_call
    self.audit.log_api_call(
  File "C:\temp\bankTradingManagement-master\bankTradingManagement-master\BACKEND\app\CassandraServices\audit.py", line 49, in log_api_call
    self.prepare()
  File "C:\temp\bankTradingManagement-master\bankTradingManagement-master\BACKEND\app\CassandraServices\audit.py", line 27, in prepare
    self._prepared["insert_audit"] = session.prepare(
                                     ^^^^^^^^^^^^^^^^
  File "cassandra\cluster.py", line 3131, in cassandra.cluster.Session.prepare
  File "cassandra\cluster.py", line 3128, in cassandra.cluster.Session.prepare
  File "cassandra\cluster.py", line 4956, in cassandra.cluster.ResponseFuture.result
cassandra.InvalidRequest: Error from server: code=2200 [Invalid query] message="Undefined column name day in table pldt_audit.api_calls"
Failed to prepare Monthly KPI statements; will retry later.
Traceback (most recent call last):
  File "C:\temp\bankTradingManagement-master\bankTradingManagement-master\BACKEND\app\CassandraServices\monthly_kpis.py", line 43, in prepare
    self._prepared["upsert_kpi_monthly"] = session.prepare(
                                           ^^^^^^^^^^^^^^^^
  File "cassandra\cluster.py", line 3131, in cassandra.cluster.Session.prepare
  File "cassandra\cluster.py", line 3128, in cassandra.cluster.Session.prepare
  File "cassandra\cluster.py", line 4956, in cassandra.cluster.ResponseFuture.result
cassandra.InvalidRequest: Error from server: code=2200 [Invalid query] message="Undefined column name month_yyyymm in table pldt_rt.kpi_monthly"
Failed to get company KPI
Traceback (most recent call last):
  File "C:\temp\bankTradingManagement-master\bankTradingManagement-master\BACKEND\app\app.py", line 2682, in get_company_kpi
    results = cassandra_service.monthly_kpis.list_company_kpis(month_yyyymm)
              ^^^^^^^^^^^^^^^^^^^^^^^^^^^^^^^^^^^^^^^^^^^^^^^^^^^^^^^^^^^^^^
  File "C:\temp\bankTradingManagement-master\bankTradingManagement-master\BACKEND\app\CassandraServices\monthly_kpis.py", line 200, in list_company_kpis
    stmt = self._require_stmt("select_kpi_monthly_all")
           ^^^^^^^^^^^^^^^^^^^^^^^^^^^^^^^^^^^^^^^^^^^^
  File "C:\temp\bankTradingManagement-master\bankTradingManagement-master\BACKEND\app\CassandraServices\monthly_kpis.py", line 146, in _require_stmt
    raise CassandraUnavailable("kpi_monthly tables not configured in Cassandra.")
app.CassandraServices.base.CassandraUnavailable: kpi_monthly tables not configured in Cassandra.
Failed to log API call to Cassandra.
Traceback (most recent call last):
  File "C:\temp\bankTradingManagement-master\bankTradingManagement-master\BACKEND\app\app.py", line 261, in cassandra_audit_middleware
    cassandra_service.log_api_call(
  File "C:\temp\bankTradingManagement-master\bankTradingManagement-master\BACKEND\app\cassandra_service.py", line 204, in log_api_call
    self.audit.log_api_call(
  File "C:\temp\bankTradingManagement-master\bankTradingManagement-master\BACKEND\app\CassandraServices\audit.py", line 49, in log_api_call
    self.prepare()
  File "C:\temp\bankTradingManagement-master\bankTradingManagement-master\BACKEND\app\CassandraServices\audit.py", line 27, in prepare
    self._prepared["insert_audit"] = session.prepare(
                                     ^^^^^^^^^^^^^^^^
  File "cassandra\cluster.py", line 3131, in cassandra.cluster.Session.prepare
  File "cassandra\cluster.py", line 3128, in cassandra.cluster.Session.prepare
  File "cassandra\cluster.py", line 4956, in cassandra.cluster.ResponseFuture.result
cassandra.InvalidRequest: Error from server: code=2200 [Invalid query] message="Undefined column name day in table pldt_audit.api_calls"
Failed to prepare Monthly KPI statements; will retry later.
Traceback (most recent call last):
  File "C:\temp\bankTradingManagement-master\bankTradingManagement-master\BACKEND\app\CassandraServices\monthly_kpis.py", line 43, in prepare
    self._prepared["upsert_kpi_monthly"] = session.prepare(
                                           ^^^^^^^^^^^^^^^^
  File "cassandra\cluster.py", line 3131, in cassandra.cluster.Session.prepare
  File "cassandra\cluster.py", line 3128, in cassandra.cluster.Session.prepare
  File "cassandra\cluster.py", line 4956, in cassandra.cluster.ResponseFuture.result
cassandra.InvalidRequest: Error from server: code=2200 [Invalid query] message="Undefined column name month_yyyymm in table pldt_rt.kpi_monthly"
Failed to get company KPI
Traceback (most recent call last):
  File "C:\temp\bankTradingManagement-master\bankTradingManagement-master\BACKEND\app\app.py", line 2682, in get_company_kpi
    results = cassandra_service.monthly_kpis.list_company_kpis(month_yyyymm)
              ^^^^^^^^^^^^^^^^^^^^^^^^^^^^^^^^^^^^^^^^^^^^^^^^^^^^^^^^^^^^^^
  File "C:\temp\bankTradingManagement-master\bankTradingManagement-master\BACKEND\app\CassandraServices\monthly_kpis.py", line 200, in list_company_kpis
    stmt = self._require_stmt("select_kpi_monthly_all")
           ^^^^^^^^^^^^^^^^^^^^^^^^^^^^^^^^^^^^^^^^^^^^
  File "C:\temp\bankTradingManagement-master\bankTradingManagement-master\BACKEND\app\CassandraServices\monthly_kpis.py", line 146, in _require_stmt
    raise CassandraUnavailable("kpi_monthly tables not configured in Cassandra.")
app.CassandraServices.base.CassandraUnavailable: kpi_monthly tables not configured in Cassandra.
Failed to log API call to Cassandra.
Traceback (most recent call last):
  File "C:\temp\bankTradingManagement-master\bankTradingManagement-master\BACKEND\app\app.py", line 261, in cassandra_audit_middleware
    cassandra_service.log_api_call(
  File "C:\temp\bankTradingManagement-master\bankTradingManagement-master\BACKEND\app\cassandra_service.py", line 204, in log_api_call
    self.audit.log_api_call(
  File "C:\temp\bankTradingManagement-master\bankTradingManagement-master\BACKEND\app\CassandraServices\audit.py", line 49, in log_api_call
    self.prepare()
  File "C:\temp\bankTradingManagement-master\bankTradingManagement-master\BACKEND\app\CassandraServices\audit.py", line 27, in prepare
    self._prepared["insert_audit"] = session.prepare(
                                     ^^^^^^^^^^^^^^^^
  File "cassandra\cluster.py", line 3131, in cassandra.cluster.Session.prepare
  File "cassandra\cluster.py", line 3128, in cassandra.cluster.Session.prepare
  File "cassandra\cluster.py", line 4956, in cassandra.cluster.ResponseFuture.result
cassandra.InvalidRequest: Error from server: code=2200 [Invalid query] message="Undefined column name day in table pldt_audit.api_calls"
Failed to prepare Monthly KPI statements; will retry later.
Traceback (most recent call last):
  File "C:\temp\bankTradingManagement-master\bankTradingManagement-master\BACKEND\app\CassandraServices\monthly_kpis.py", line 43, in prepare
    self._prepared["upsert_kpi_monthly"] = session.prepare(
                                           ^^^^^^^^^^^^^^^^
  File "cassandra\cluster.py", line 3131, in cassandra.cluster.Session.prepare
  File "cassandra\cluster.py", line 3128, in cassandra.cluster.Session.prepare
  File "cassandra\cluster.py", line 4956, in cassandra.cluster.ResponseFuture.result
cassandra.InvalidRequest: Error from server: code=2200 [Invalid query] message="Undefined column name month_yyyymm in table pldt_rt.kpi_monthly"
Failed to get company KPI
Traceback (most recent call last):
  File "C:\temp\bankTradingManagement-master\bankTradingManagement-master\BACKEND\app\app.py", line 2682, in get_company_kpi
    results = cassandra_service.monthly_kpis.list_company_kpis(month_yyyymm)
              ^^^^^^^^^^^^^^^^^^^^^^^^^^^^^^^^^^^^^^^^^^^^^^^^^^^^^^^^^^^^^^
  File "C:\temp\bankTradingManagement-master\bankTradingManagement-master\BACKEND\app\CassandraServices\monthly_kpis.py", line 200, in list_company_kpis
    stmt = self._require_stmt("select_kpi_monthly_all")
           ^^^^^^^^^^^^^^^^^^^^^^^^^^^^^^^^^^^^^^^^^^^^
  File "C:\temp\bankTradingManagement-master\bankTradingManagement-master\BACKEND\app\CassandraServices\monthly_kpis.py", line 146, in _require_stmt
    raise CassandraUnavailable("kpi_monthly tables not configured in Cassandra.")
app.CassandraServices.base.CassandraUnavailable: kpi_monthly tables not configured in Cassandra.
Failed to log API call to Cassandra.
Traceback (most recent call last):
  File "C:\temp\bankTradingManagement-master\bankTradingManagement-master\BACKEND\app\app.py", line 261, in cassandra_audit_middleware
    cassandra_service.log_api_call(
  File "C:\temp\bankTradingManagement-master\bankTradingManagement-master\BACKEND\app\cassandra_service.py", line 204, in log_api_call
    self.audit.log_api_call(
  File "C:\temp\bankTradingManagement-master\bankTradingManagement-master\BACKEND\app\CassandraServices\audit.py", line 49, in log_api_call
    self.prepare()
  File "C:\temp\bankTradingManagement-master\bankTradingManagement-master\BACKEND\app\CassandraServices\audit.py", line 27, in prepare
    self._prepared["insert_audit"] = session.prepare(
                                     ^^^^^^^^^^^^^^^^
  File "cassandra\cluster.py", line 3131, in cassandra.cluster.Session.prepare
  File "cassandra\cluster.py", line 3128, in cassandra.cluster.Session.prepare
  File "cassandra\cluster.py", line 4956, in cassandra.cluster.ResponseFuture.result
cassandra.InvalidRequest: Error from server: code=2200 [Invalid query] message="Undefined column name day in table pldt_audit.api_calls"
Failed to prepare Monthly KPI statements; will retry later.
Traceback (most recent call last):
  File "C:\temp\bankTradingManagement-master\bankTradingManagement-master\BACKEND\app\CassandraServices\monthly_kpis.py", line 43, in prepare
    self._prepared["upsert_kpi_monthly"] = session.prepare(
                                           ^^^^^^^^^^^^^^^^
  File "cassandra\cluster.py", line 3131, in cassandra.cluster.Session.prepare
  File "cassandra\cluster.py", line 3128, in cassandra.cluster.Session.prepare
  File "cassandra\cluster.py", line 4956, in cassandra.cluster.ResponseFuture.result
cassandra.InvalidRequest: Error from server: code=2200 [Invalid query] message="Undefined column name month_yyyymm in table pldt_rt.kpi_monthly"
Failed to get company KPI
Traceback (most recent call last):
  File "C:\temp\bankTradingManagement-master\bankTradingManagement-master\BACKEND\app\app.py", line 2682, in get_company_kpi
    results = cassandra_service.monthly_kpis.list_company_kpis(month_yyyymm)
              ^^^^^^^^^^^^^^^^^^^^^^^^^^^^^^^^^^^^^^^^^^^^^^^^^^^^^^^^^^^^^^
  File "C:\temp\bankTradingManagement-master\bankTradingManagement-master\BACKEND\app\CassandraServices\monthly_kpis.py", line 200, in list_company_kpis
    stmt = self._require_stmt("select_kpi_monthly_all")
           ^^^^^^^^^^^^^^^^^^^^^^^^^^^^^^^^^^^^^^^^^^^^
  File "C:\temp\bankTradingManagement-master\bankTradingManagement-master\BACKEND\app\CassandraServices\monthly_kpis.py", line 146, in _require_stmt
    raise CassandraUnavailable("kpi_monthly tables not configured in Cassandra.")
app.CassandraServices.base.CassandraUnavailable: kpi_monthly tables not configured in Cassandra.
Failed to log API call to Cassandra.
Traceback (most recent call last):
  File "C:\temp\bankTradingManagement-master\bankTradingManagement-master\BACKEND\app\app.py", line 261, in cassandra_audit_middleware
    cassandra_service.log_api_call(
  File "C:\temp\bankTradingManagement-master\bankTradingManagement-master\BACKEND\app\cassandra_service.py", line 204, in log_api_call
    self.audit.log_api_call(
  File "C:\temp\bankTradingManagement-master\bankTradingManagement-master\BACKEND\app\CassandraServices\audit.py", line 49, in log_api_call
    self.prepare()
  File "C:\temp\bankTradingManagement-master\bankTradingManagement-master\BACKEND\app\CassandraServices\audit.py", line 27, in prepare
    self._prepared["insert_audit"] = session.prepare(
                                     ^^^^^^^^^^^^^^^^
  File "cassandra\cluster.py", line 3131, in cassandra.cluster.Session.prepare
  File "cassandra\cluster.py", line 3128, in cassandra.cluster.Session.prepare
  File "cassandra\cluster.py", line 4956, in cassandra.cluster.ResponseFuture.result
cassandra.InvalidRequest: Error from server: code=2200 [Invalid query] message="Undefined column name day in table pldt_audit.api_calls"
Failed to prepare Monthly KPI statements; will retry later.
Traceback (most recent call last):
  File "C:\temp\bankTradingManagement-master\bankTradingManagement-master\BACKEND\app\CassandraServices\monthly_kpis.py", line 43, in prepare
    self._prepared["upsert_kpi_monthly"] = session.prepare(
                                           ^^^^^^^^^^^^^^^^
  File "cassandra\cluster.py", line 3131, in cassandra.cluster.Session.prepare
  File "cassandra\cluster.py", line 3128, in cassandra.cluster.Session.prepare
  File "cassandra\cluster.py", line 4956, in cassandra.cluster.ResponseFuture.result
cassandra.InvalidRequest: Error from server: code=2200 [Invalid query] message="Undefined column name month_yyyymm in table pldt_rt.kpi_monthly"
Failed to get company KPI
Traceback (most recent call last):
  File "C:\temp\bankTradingManagement-master\bankTradingManagement-master\BACKEND\app\app.py", line 2682, in get_company_kpi
    results = cassandra_service.monthly_kpis.list_company_kpis(month_yyyymm)
              ^^^^^^^^^^^^^^^^^^^^^^^^^^^^^^^^^^^^^^^^^^^^^^^^^^^^^^^^^^^^^^
  File "C:\temp\bankTradingManagement-master\bankTradingManagement-master\BACKEND\app\CassandraServices\monthly_kpis.py", line 200, in list_company_kpis
    stmt = self._require_stmt("select_kpi_monthly_all")
           ^^^^^^^^^^^^^^^^^^^^^^^^^^^^^^^^^^^^^^^^^^^^
  File "C:\temp\bankTradingManagement-master\bankTradingManagement-master\BACKEND\app\CassandraServices\monthly_kpis.py", line 146, in _require_stmt
    raise CassandraUnavailable("kpi_monthly tables not configured in Cassandra.")
app.CassandraServices.base.CassandraUnavailable: kpi_monthly tables not configured in Cassandra.
Failed to log API call to Cassandra.
Traceback (most recent call last):
  File "C:\temp\bankTradingManagement-master\bankTradingManagement-master\BACKEND\app\app.py", line 261, in cassandra_audit_middleware
    cassandra_service.log_api_call(
  File "C:\temp\bankTradingManagement-master\bankTradingManagement-master\BACKEND\app\cassandra_service.py", line 204, in log_api_call
    self.audit.log_api_call(
  File "C:\temp\bankTradingManagement-master\bankTradingManagement-master\BACKEND\app\CassandraServices\audit.py", line 49, in log_api_call
    self.prepare()
  File "C:\temp\bankTradingManagement-master\bankTradingManagement-master\BACKEND\app\CassandraServices\audit.py", line 27, in prepare
    self._prepared["insert_audit"] = session.prepare(
                                     ^^^^^^^^^^^^^^^^
  File "cassandra\cluster.py", line 3131, in cassandra.cluster.Session.prepare
  File "cassandra\cluster.py", line 3128, in cassandra.cluster.Session.prepare
  File "cassandra\cluster.py", line 4956, in cassandra.cluster.ResponseFuture.result
cassandra.InvalidRequest: Error from server: code=2200 [Invalid query] message="Undefined column name day in table pldt_audit.api_calls"
Failed to prepare Monthly KPI statements; will retry later.
Traceback (most recent call last):
  File "C:\temp\bankTradingManagement-master\bankTradingManagement-master\BACKEND\app\CassandraServices\monthly_kpis.py", line 43, in prepare
    self._prepared["upsert_kpi_monthly"] = session.prepare(
                                           ^^^^^^^^^^^^^^^^
  File "cassandra\cluster.py", line 3131, in cassandra.cluster.Session.prepare
  File "cassandra\cluster.py", line 3128, in cassandra.cluster.Session.prepare
  File "cassandra\cluster.py", line 4956, in cassandra.cluster.ResponseFuture.result
cassandra.InvalidRequest: Error from server: code=2200 [Invalid query] message="Undefined column name month_yyyymm in table pldt_rt.kpi_monthly"
Failed to get company KPI
Traceback (most recent call last):
  File "C:\temp\bankTradingManagement-master\bankTradingManagement-master\BACKEND\app\app.py", line 2682, in get_company_kpi
    results = cassandra_service.monthly_kpis.list_company_kpis(month_yyyymm)
              ^^^^^^^^^^^^^^^^^^^^^^^^^^^^^^^^^^^^^^^^^^^^^^^^^^^^^^^^^^^^^^
  File "C:\temp\bankTradingManagement-master\bankTradingManagement-master\BACKEND\app\CassandraServices\monthly_kpis.py", line 200, in list_company_kpis
    stmt = self._require_stmt("select_kpi_monthly_all")
           ^^^^^^^^^^^^^^^^^^^^^^^^^^^^^^^^^^^^^^^^^^^^
  File "C:\temp\bankTradingManagement-master\bankTradingManagement-master\BACKEND\app\CassandraServices\monthly_kpis.py", line 146, in _require_stmt
    raise CassandraUnavailable("kpi_monthly tables not configured in Cassandra.")
app.CassandraServices.base.CassandraUnavailable: kpi_monthly tables not configured in Cassandra.
Failed to log API call to Cassandra.
Traceback (most recent call last):
  File "C:\temp\bankTradingManagement-master\bankTradingManagement-master\BACKEND\app\app.py", line 261, in cassandra_audit_middleware
    cassandra_service.log_api_call(
  File "C:\temp\bankTradingManagement-master\bankTradingManagement-master\BACKEND\app\cassandra_service.py", line 204, in log_api_call
    self.audit.log_api_call(
  File "C:\temp\bankTradingManagement-master\bankTradingManagement-master\BACKEND\app\CassandraServices\audit.py", line 49, in log_api_call
    self.prepare()
  File "C:\temp\bankTradingManagement-master\bankTradingManagement-master\BACKEND\app\CassandraServices\audit.py", line 27, in prepare
    self._prepared["insert_audit"] = session.prepare(
                                     ^^^^^^^^^^^^^^^^
  File "cassandra\cluster.py", line 3131, in cassandra.cluster.Session.prepare
  File "cassandra\cluster.py", line 3128, in cassandra.cluster.Session.prepare
  File "cassandra\cluster.py", line 4956, in cassandra.cluster.ResponseFuture.result
cassandra.InvalidRequest: Error from server: code=2200 [Invalid query] message="Undefined column name day in table pldt_audit.api_calls"
Failed to log API call to Cassandra.
Traceback (most recent call last):
  File "C:\temp\bankTradingManagement-master\bankTradingManagement-master\BACKEND\app\app.py", line 261, in cassandra_audit_middleware
    cassandra_service.log_api_call(
  File "C:\temp\bankTradingManagement-master\bankTradingManagement-master\BACKEND\app\cassandra_service.py", line 204, in log_api_call
    self.audit.log_api_call(
  File "C:\temp\bankTradingManagement-master\bankTradingManagement-master\BACKEND\app\CassandraServices\audit.py", line 49, in log_api_call
    self.prepare()
  File "C:\temp\bankTradingManagement-master\bankTradingManagement-master\BACKEND\app\CassandraServices\audit.py", line 27, in prepare
    self._prepared["insert_audit"] = session.prepare(
                                     ^^^^^^^^^^^^^^^^
  File "cassandra\cluster.py", line 3131, in cassandra.cluster.Session.prepare
  File "cassandra\cluster.py", line 3128, in cassandra.cluster.Session.prepare
  File "cassandra\cluster.py", line 4956, in cassandra.cluster.ResponseFuture.result
cassandra.InvalidRequest: Error from server: code=2200 [Invalid query] message="Undefined column name day in table pldt_audit.api_calls"
Failed to log API call to Cassandra.
Traceback (most recent call last):
  File "C:\temp\bankTradingManagement-master\bankTradingManagement-master\BACKEND\app\app.py", line 261, in cassandra_audit_middleware
    cassandra_service.log_api_call(
  File "C:\temp\bankTradingManagement-master\bankTradingManagement-master\BACKEND\app\cassandra_service.py", line 204, in log_api_call
    self.audit.log_api_call(
  File "C:\temp\bankTradingManagement-master\bankTradingManagement-master\BACKEND\app\CassandraServices\audit.py", line 49, in log_api_call
    self.prepare()
  File "C:\temp\bankTradingManagement-master\bankTradingManagement-master\BACKEND\app\CassandraServices\audit.py", line 27, in prepare
    self._prepared["insert_audit"] = session.prepare(
                                     ^^^^^^^^^^^^^^^^
  File "cassandra\cluster.py", line 3131, in cassandra.cluster.Session.prepare
  File "cassandra\cluster.py", line 3128, in cassandra.cluster.Session.prepare
  File "cassandra\cluster.py", line 4956, in cassandra.cluster.ResponseFuture.result
cassandra.InvalidRequest: Error from server: code=2200 [Invalid query] message="Undefined column name day in table pldt_audit.api_calls"
Failed to fetch reports stats from Cassandra
Traceback (most recent call last):
  File "C:\temp\bankTradingManagement-master\bankTradingManagement-master\BACKEND\app\app.py", line 2823, in get_reports_stats
    all_transactions = cassandra_service.list_all_transactions(limit=50000)
                       ^^^^^^^^^^^^^^^^^^^^^^^^^^^^^^^^^^^^^^^^^^^^^^^^^^^^
  File "C:\temp\bankTradingManagement-master\bankTradingManagement-master\BACKEND\app\cassandra_service.py", line 129, in list_all_transactions
    return self.transactions.list_all_transactions(limit)
           ^^^^^^^^^^^^^^^^^^^^^^^^^^^^^^^^^^^^^^^^^^^^^^
  File "C:\temp\bankTradingManagement-master\bankTradingManagement-master\BACKEND\app\CassandraServices\transactions.py", line 313, in list_all_transactions
    rows = session.execute(statement)
           ^^^^^^^^^^^^^^^^^^^^^^^^^^
  File "cassandra\cluster.py", line 2677, in cassandra.cluster.Session.execute
  File "cassandra\cluster.py", line 4956, in cassandra.cluster.ResponseFuture.result
cassandra.InvalidRequest: Error from server: code=2200 [Invalid query] message="Undefined column name event_date in table pldt_rt.tx_by_account_day"
Failed to log API call to Cassandra.
Traceback (most recent call last):
  File "C:\temp\bankTradingManagement-master\bankTradingManagement-master\BACKEND\app\app.py", line 261, in cassandra_audit_middleware
    cassandra_service.log_api_call(
  File "C:\temp\bankTradingManagement-master\bankTradingManagement-master\BACKEND\app\cassandra_service.py", line 204, in log_api_call
    self.audit.log_api_call(
  File "C:\temp\bankTradingManagement-master\bankTradingManagement-master\BACKEND\app\CassandraServices\audit.py", line 49, in log_api_call
    self.prepare()
  File "C:\temp\bankTradingManagement-master\bankTradingManagement-master\BACKEND\app\CassandraServices\audit.py", line 27, in prepare
    self._prepared["insert_audit"] = session.prepare(
                                     ^^^^^^^^^^^^^^^^
  File "cassandra\cluster.py", line 3131, in cassandra.cluster.Session.prepare
  File "cassandra\cluster.py", line 3128, in cassandra.cluster.Session.prepare
  File "cassandra\cluster.py", line 4956, in cassandra.cluster.ResponseFuture.result
cassandra.InvalidRequest: Error from server: code=2200 [Invalid query] message="Undefined column name day in table pldt_audit.api_calls"
Failed to log API call to Cassandra.
Traceback (most recent call last):
  File "C:\temp\bankTradingManagement-master\bankTradingManagement-master\BACKEND\app\app.py", line 261, in cassandra_audit_middleware
    cassandra_service.log_api_call(
  File "C:\temp\bankTradingManagement-master\bankTradingManagement-master\BACKEND\app\cassandra_service.py", line 204, in log_api_call
    self.audit.log_api_call(
  File "C:\temp\bankTradingManagement-master\bankTradingManagement-master\BACKEND\app\CassandraServices\audit.py", line 49, in log_api_call
    self.prepare()
  File "C:\temp\bankTradingManagement-master\bankTradingManagement-master\BACKEND\app\CassandraServices\audit.py", line 27, in prepare
    self._prepared["insert_audit"] = session.prepare(
                                     ^^^^^^^^^^^^^^^^
  File "cassandra\cluster.py", line 3131, in cassandra.cluster.Session.prepare
  File "cassandra\cluster.py", line 3128, in cassandra.cluster.Session.prepare
  File "cassandra\cluster.py", line 4956, in cassandra.cluster.ResponseFuture.result
cassandra.InvalidRequest: Error from server: code=2200 [Invalid query] message="Undefined column name day in table pldt_audit.api_calls"
Failed to log API call to Cassandra.
Traceback (most recent call last):
  File "C:\temp\bankTradingManagement-master\bankTradingManagement-master\BACKEND\app\app.py", line 261, in cassandra_audit_middleware
    cassandra_service.log_api_call(
  File "C:\temp\bankTradingManagement-master\bankTradingManagement-master\BACKEND\app\cassandra_service.py", line 204, in log_api_call
    self.audit.log_api_call(
  File "C:\temp\bankTradingManagement-master\bankTradingManagement-master\BACKEND\app\CassandraServices\audit.py", line 49, in log_api_call
    self.prepare()
  File "C:\temp\bankTradingManagement-master\bankTradingManagement-master\BACKEND\app\CassandraServices\audit.py", line 27, in prepare
    self._prepared["insert_audit"] = session.prepare(
                                     ^^^^^^^^^^^^^^^^
  File "cassandra\cluster.py", line 3131, in cassandra.cluster.Session.prepare
  File "cassandra\cluster.py", line 3128, in cassandra.cluster.Session.prepare
  File "cassandra\cluster.py", line 4956, in cassandra.cluster.ResponseFuture.result
cassandra.InvalidRequest: Error from server: code=2200 [Invalid query] message="Undefined column name day in table pldt_audit.api_calls"
Failed to log API call to Cassandra.
Traceback (most recent call last):
  File "C:\temp\bankTradingManagement-master\bankTradingManagement-master\BACKEND\app\app.py", line 261, in cassandra_audit_middleware
    cassandra_service.log_api_call(
  File "C:\temp\bankTradingManagement-master\bankTradingManagement-master\BACKEND\app\cassandra_service.py", line 204, in log_api_call
    self.audit.log_api_call(
  File "C:\temp\bankTradingManagement-master\bankTradingManagement-master\BACKEND\app\CassandraServices\audit.py", line 49, in log_api_call
    self.prepare()
  File "C:\temp\bankTradingManagement-master\bankTradingManagement-master\BACKEND\app\CassandraServices\audit.py", line 27, in prepare
    self._prepared["insert_audit"] = session.prepare(
                                     ^^^^^^^^^^^^^^^^
  File "cassandra\cluster.py", line 3131, in cassandra.cluster.Session.prepare
  File "cassandra\cluster.py", line 3128, in cassandra.cluster.Session.prepare
  File "cassandra\cluster.py", line 4956, in cassandra.cluster.ResponseFuture.result
cassandra.InvalidRequest: Error from server: code=2200 [Invalid query] message="Undefined column name day in table pldt_audit.api_calls"
Failed to log API call to Cassandra.
Traceback (most recent call last):
  File "C:\temp\bankTradingManagement-master\bankTradingManagement-master\BACKEND\app\app.py", line 261, in cassandra_audit_middleware
    cassandra_service.log_api_call(
  File "C:\temp\bankTradingManagement-master\bankTradingManagement-master\BACKEND\app\cassandra_service.py", line 204, in log_api_call
    self.audit.log_api_call(
  File "C:\temp\bankTradingManagement-master\bankTradingManagement-master\BACKEND\app\CassandraServices\audit.py", line 49, in log_api_call
    self.prepare()
  File "C:\temp\bankTradingManagement-master\bankTradingManagement-master\BACKEND\app\CassandraServices\audit.py", line 27, in prepare
    self._prepared["insert_audit"] = session.prepare(
                                     ^^^^^^^^^^^^^^^^
  File "cassandra\cluster.py", line 3131, in cassandra.cluster.Session.prepare
  File "cassandra\cluster.py", line 3128, in cassandra.cluster.Session.prepare
  File "cassandra\cluster.py", line 4956, in cassandra.cluster.ResponseFuture.result
cassandra.InvalidRequest: Error from server: code=2200 [Invalid query] message="Undefined column name day in table pldt_audit.api_calls"
Failed to log API call to Cassandra.
Traceback (most recent call last):
  File "C:\temp\bankTradingManagement-master\bankTradingManagement-master\BACKEND\app\app.py", line 261, in cassandra_audit_middleware
    cassandra_service.log_api_call(
  File "C:\temp\bankTradingManagement-master\bankTradingManagement-master\BACKEND\app\cassandra_service.py", line 204, in log_api_call
    self.audit.log_api_call(
  File "C:\temp\bankTradingManagement-master\bankTradingManagement-master\BACKEND\app\CassandraServices\audit.py", line 49, in log_api_call
    self.prepare()
  File "C:\temp\bankTradingManagement-master\bankTradingManagement-master\BACKEND\app\CassandraServices\audit.py", line 27, in prepare
    self._prepared["insert_audit"] = session.prepare(
                                     ^^^^^^^^^^^^^^^^
  File "cassandra\cluster.py", line 3131, in cassandra.cluster.Session.prepare
  File "cassandra\cluster.py", line 3128, in cassandra.cluster.Session.prepare
  File "cassandra\cluster.py", line 4956, in cassandra.cluster.ResponseFuture.result
cassandra.InvalidRequest: Error from server: code=2200 [Invalid query] message="Undefined column name day in table pldt_audit.api_calls"
Failed to log API call to Cassandra.
Traceback (most recent call last):
  File "C:\temp\bankTradingManagement-master\bankTradingManagement-master\BACKEND\app\app.py", line 261, in cassandra_audit_middleware
    cassandra_service.log_api_call(
  File "C:\temp\bankTradingManagement-master\bankTradingManagement-master\BACKEND\app\cassandra_service.py", line 204, in log_api_call
    self.audit.log_api_call(
  File "C:\temp\bankTradingManagement-master\bankTradingManagement-master\BACKEND\app\CassandraServices\audit.py", line 49, in log_api_call
    self.prepare()
  File "C:\temp\bankTradingManagement-master\bankTradingManagement-master\BACKEND\app\CassandraServices\audit.py", line 27, in prepare
    self._prepared["insert_audit"] = session.prepare(
                                     ^^^^^^^^^^^^^^^^
  File "cassandra\cluster.py", line 3131, in cassandra.cluster.Session.prepare
  File "cassandra\cluster.py", line 3128, in cassandra.cluster.Session.prepare
  File "cassandra\cluster.py", line 4956, in cassandra.cluster.ResponseFuture.result
cassandra.InvalidRequest: Error from server: code=2200 [Invalid query] message="Undefined column name day in table pldt_audit.api_calls"
Failed to log API call to Cassandra.
Traceback (most recent call last):
  File "C:\temp\bankTradingManagement-master\bankTradingManagement-master\BACKEND\app\app.py", line 261, in cassandra_audit_middleware
    cassandra_service.log_api_call(
  File "C:\temp\bankTradingManagement-master\bankTradingManagement-master\BACKEND\app\cassandra_service.py", line 204, in log_api_call
    self.audit.log_api_call(
  File "C:\temp\bankTradingManagement-master\bankTradingManagement-master\BACKEND\app\CassandraServices\audit.py", line 49, in log_api_call
    self.prepare()
  File "C:\temp\bankTradingManagement-master\bankTradingManagement-master\BACKEND\app\CassandraServices\audit.py", line 27, in prepare
    self._prepared["insert_audit"] = session.prepare(
                                     ^^^^^^^^^^^^^^^^
  File "cassandra\cluster.py", line 3131, in cassandra.cluster.Session.prepare
  File "cassandra\cluster.py", line 3128, in cassandra.cluster.Session.prepare
  File "cassandra\cluster.py", line 4956, in cassandra.cluster.ResponseFuture.result
cassandra.InvalidRequest: Error from server: code=2200 [Invalid query] message="Undefined column name day in table pldt_audit.api_calls"
Search customers: query='', search_type='all', cassandra_available=True
Empty query - loading all customers
Failed to load all from Cassandra: Error from server: code=2200 [Invalid query] message="Undefined column name currency in table pldt_rt.accounts_by_id"
Failed to log API call to Cassandra.
Traceback (most recent call last):
  File "C:\temp\bankTradingManagement-master\bankTradingManagement-master\BACKEND\app\app.py", line 261, in cassandra_audit_middleware
    cassandra_service.log_api_call(
  File "C:\temp\bankTradingManagement-master\bankTradingManagement-master\BACKEND\app\cassandra_service.py", line 204, in log_api_call
    self.audit.log_api_call(
  File "C:\temp\bankTradingManagement-master\bankTradingManagement-master\BACKEND\app\CassandraServices\audit.py", line 49, in log_api_call
    self.prepare()
  File "C:\temp\bankTradingManagement-master\bankTradingManagement-master\BACKEND\app\CassandraServices\audit.py", line 27, in prepare
    self._prepared["insert_audit"] = session.prepare(
                                     ^^^^^^^^^^^^^^^^
  File "cassandra\cluster.py", line 3131, in cassandra.cluster.Session.prepare
  File "cassandra\cluster.py", line 3128, in cassandra.cluster.Session.prepare
  File "cassandra\cluster.py", line 4956, in cassandra.cluster.ResponseFuture.result
cassandra.InvalidRequest: Error from server: code=2200 [Invalid query] message="Undefined column name day in table pldt_audit.api_calls"
Failed to log API call to Cassandra.
Traceback (most recent call last):
  File "C:\temp\bankTradingManagement-master\bankTradingManagement-master\BACKEND\app\app.py", line 261, in cassandra_audit_middleware
    cassandra_service.log_api_call(
  File "C:\temp\bankTradingManagement-master\bankTradingManagement-master\BACKEND\app\cassandra_service.py", line 204, in log_api_call
    self.audit.log_api_call(
  File "C:\temp\bankTradingManagement-master\bankTradingManagement-master\BACKEND\app\CassandraServices\audit.py", line 49, in log_api_call
    self.prepare()
  File "C:\temp\bankTradingManagement-master\bankTradingManagement-master\BACKEND\app\CassandraServices\audit.py", line 27, in prepare
    self._prepared["insert_audit"] = session.prepare(
                                     ^^^^^^^^^^^^^^^^
  File "cassandra\cluster.py", line 3131, in cassandra.cluster.Session.prepare
  File "cassandra\cluster.py", line 3128, in cassandra.cluster.Session.prepare
  File "cassandra\cluster.py", line 4956, in cassandra.cluster.ResponseFuture.result
cassandra.InvalidRequest: Error from server: code=2200 [Invalid query] message="Undefined column name day in table pldt_audit.api_calls"
Failed to fetch all transactions from Cassandra; using memory store.
Traceback (most recent call last):
  File "C:\temp\bankTradingManagement-master\bankTradingManagement-master\BACKEND\app\app.py", line 2099, in list_transactions_all
    items = cassandra_service.list_all_transactions(limit)
            ^^^^^^^^^^^^^^^^^^^^^^^^^^^^^^^^^^^^^^^^^^^^^^
  File "C:\temp\bankTradingManagement-master\bankTradingManagement-master\BACKEND\app\cassandra_service.py", line 129, in list_all_transactions
    return self.transactions.list_all_transactions(limit)
           ^^^^^^^^^^^^^^^^^^^^^^^^^^^^^^^^^^^^^^^^^^^^^^
  File "C:\temp\bankTradingManagement-master\bankTradingManagement-master\BACKEND\app\CassandraServices\transactions.py", line 313, in list_all_transactions
    rows = session.execute(statement)
           ^^^^^^^^^^^^^^^^^^^^^^^^^^
  File "cassandra\cluster.py", line 2677, in cassandra.cluster.Session.execute
  File "cassandra\cluster.py", line 4956, in cassandra.cluster.ResponseFuture.result
cassandra.InvalidRequest: Error from server: code=2200 [Invalid query] message="Undefined column name event_date in table pldt_rt.tx_by_account_day"
Failed to log API call to Cassandra.
Traceback (most recent call last):
  File "C:\temp\bankTradingManagement-master\bankTradingManagement-master\BACKEND\app\app.py", line 261, in cassandra_audit_middleware
    cassandra_service.log_api_call(
  File "C:\temp\bankTradingManagement-master\bankTradingManagement-master\BACKEND\app\cassandra_service.py", line 204, in log_api_call
    self.audit.log_api_call(
  File "C:\temp\bankTradingManagement-master\bankTradingManagement-master\BACKEND\app\CassandraServices\audit.py", line 49, in log_api_call
    self.prepare()
  File "C:\temp\bankTradingManagement-master\bankTradingManagement-master\BACKEND\app\CassandraServices\audit.py", line 27, in prepare
    self._prepared["insert_audit"] = session.prepare(
                                     ^^^^^^^^^^^^^^^^
  File "cassandra\cluster.py", line 3131, in cassandra.cluster.Session.prepare
  File "cassandra\cluster.py", line 3128, in cassandra.cluster.Session.prepare
  File "cassandra\cluster.py", line 4956, in cassandra.cluster.ResponseFuture.result
cassandra.InvalidRequest: Error from server: code=2200 [Invalid query] message="Undefined column name day in table pldt_audit.api_calls"
Failed to log API call to Cassandra.
Traceback (most recent call last):
  File "C:\temp\bankTradingManagement-master\bankTradingManagement-master\BACKEND\app\app.py", line 261, in cassandra_audit_middleware
    cassandra_service.log_api_call(
  File "C:\temp\bankTradingManagement-master\bankTradingManagement-master\BACKEND\app\cassandra_service.py", line 204, in log_api_call
    self.audit.log_api_call(
  File "C:\temp\bankTradingManagement-master\bankTradingManagement-master\BACKEND\app\CassandraServices\audit.py", line 49, in log_api_call
    self.prepare()
  File "C:\temp\bankTradingManagement-master\bankTradingManagement-master\BACKEND\app\CassandraServices\audit.py", line 27, in prepare
    self._prepared["insert_audit"] = session.prepare(
                                     ^^^^^^^^^^^^^^^^
  File "cassandra\cluster.py", line 3131, in cassandra.cluster.Session.prepare
  File "cassandra\cluster.py", line 3128, in cassandra.cluster.Session.prepare
  File "cassandra\cluster.py", line 4956, in cassandra.cluster.ResponseFuture.result
cassandra.InvalidRequest: Error from server: code=2200 [Invalid query] message="Undefined column name day in table pldt_audit.api_calls"
Failed to fetch all transactions from Cassandra; using memory store.
Traceback (most recent call last):
  File "C:\temp\bankTradingManagement-master\bankTradingManagement-master\BACKEND\app\app.py", line 2099, in list_transactions_all
    items = cassandra_service.list_all_transactions(limit)
            ^^^^^^^^^^^^^^^^^^^^^^^^^^^^^^^^^^^^^^^^^^^^^^
  File "C:\temp\bankTradingManagement-master\bankTradingManagement-master\BACKEND\app\cassandra_service.py", line 129, in list_all_transactions
    return self.transactions.list_all_transactions(limit)
           ^^^^^^^^^^^^^^^^^^^^^^^^^^^^^^^^^^^^^^^^^^^^^^
  File "C:\temp\bankTradingManagement-master\bankTradingManagement-master\BACKEND\app\CassandraServices\transactions.py", line 313, in list_all_transactions
    rows = session.execute(statement)
           ^^^^^^^^^^^^^^^^^^^^^^^^^^
  File "cassandra\cluster.py", line 2677, in cassandra.cluster.Session.execute
  File "cassandra\cluster.py", line 4956, in cassandra.cluster.ResponseFuture.result
cassandra.InvalidRequest: Error from server: code=2200 [Invalid query] message="Undefined column name event_date in table pldt_rt.tx_by_account_day"
Failed to log API call to Cassandra.
Traceback (most recent call last):
  File "C:\temp\bankTradingManagement-master\bankTradingManagement-master\BACKEND\app\app.py", line 261, in cassandra_audit_middleware
    cassandra_service.log_api_call(
  File "C:\temp\bankTradingManagement-master\bankTradingManagement-master\BACKEND\app\cassandra_service.py", line 204, in log_api_call
    self.audit.log_api_call(
  File "C:\temp\bankTradingManagement-master\bankTradingManagement-master\BACKEND\app\CassandraServices\audit.py", line 49, in log_api_call
    self.prepare()
  File "C:\temp\bankTradingManagement-master\bankTradingManagement-master\BACKEND\app\CassandraServices\audit.py", line 27, in prepare
    self._prepared["insert_audit"] = session.prepare(
                                     ^^^^^^^^^^^^^^^^
  File "cassandra\cluster.py", line 3131, in cassandra.cluster.Session.prepare
  File "cassandra\cluster.py", line 3128, in cassandra.cluster.Session.prepare
  File "cassandra\cluster.py", line 4956, in cassandra.cluster.ResponseFuture.result
cassandra.InvalidRequest: Error from server: code=2200 [Invalid query] message="Undefined column name day in table pldt_audit.api_calls"
Failed to fetch all transactions from Cassandra; using memory store.
Traceback (most recent call last):
  File "C:\temp\bankTradingManagement-master\bankTradingManagement-master\BACKEND\app\app.py", line 2099, in list_transactions_all
    items = cassandra_service.list_all_transactions(limit)
            ^^^^^^^^^^^^^^^^^^^^^^^^^^^^^^^^^^^^^^^^^^^^^^
  File "C:\temp\bankTradingManagement-master\bankTradingManagement-master\BACKEND\app\cassandra_service.py", line 129, in list_all_transactions
    return self.transactions.list_all_transactions(limit)
           ^^^^^^^^^^^^^^^^^^^^^^^^^^^^^^^^^^^^^^^^^^^^^^
  File "C:\temp\bankTradingManagement-master\bankTradingManagement-master\BACKEND\app\CassandraServices\transactions.py", line 313, in list_all_transactions
    rows = session.execute(statement)
           ^^^^^^^^^^^^^^^^^^^^^^^^^^
  File "cassandra\cluster.py", line 2677, in cassandra.cluster.Session.execute
  File "cassandra\cluster.py", line 4956, in cassandra.cluster.ResponseFuture.result
cassandra.InvalidRequest: Error from server: code=2200 [Invalid query] message="Undefined column name event_date in table pldt_rt.tx_by_account_day"
Failed to log API call to Cassandra.
Traceback (most recent call last):
  File "C:\temp\bankTradingManagement-master\bankTradingManagement-master\BACKEND\app\app.py", line 261, in cassandra_audit_middleware
    cassandra_service.log_api_call(
  File "C:\temp\bankTradingManagement-master\bankTradingManagement-master\BACKEND\app\cassandra_service.py", line 204, in log_api_call
    self.audit.log_api_call(
  File "C:\temp\bankTradingManagement-master\bankTradingManagement-master\BACKEND\app\CassandraServices\audit.py", line 49, in log_api_call
    self.prepare()
  File "C:\temp\bankTradingManagement-master\bankTradingManagement-master\BACKEND\app\CassandraServices\audit.py", line 27, in prepare
    self._prepared["insert_audit"] = session.prepare(
                                     ^^^^^^^^^^^^^^^^
  File "cassandra\cluster.py", line 3131, in cassandra.cluster.Session.prepare
  File "cassandra\cluster.py", line 3128, in cassandra.cluster.Session.prepare
  File "cassandra\cluster.py", line 4956, in cassandra.cluster.ResponseFuture.result
cassandra.InvalidRequest: Error from server: code=2200 [Invalid query] message="Undefined column name day in table pldt_audit.api_calls"
Search customers: query='', search_type='all', cassandra_available=True
Empty query - loading all customers
Failed to load all from Cassandra: Error from server: code=2200 [Invalid query] message="Undefined column name currency in table pldt_rt.accounts_by_id"
Failed to log API call to Cassandra.
Traceback (most recent call last):
  File "C:\temp\bankTradingManagement-master\bankTradingManagement-master\BACKEND\app\app.py", line 261, in cassandra_audit_middleware
    cassandra_service.log_api_call(
  File "C:\temp\bankTradingManagement-master\bankTradingManagement-master\BACKEND\app\cassandra_service.py", line 204, in log_api_call
    self.audit.log_api_call(
  File "C:\temp\bankTradingManagement-master\bankTradingManagement-master\BACKEND\app\CassandraServices\audit.py", line 49, in log_api_call
    self.prepare()
  File "C:\temp\bankTradingManagement-master\bankTradingManagement-master\BACKEND\app\CassandraServices\audit.py", line 27, in prepare
    self._prepared["insert_audit"] = session.prepare(
                                     ^^^^^^^^^^^^^^^^
  File "cassandra\cluster.py", line 3131, in cassandra.cluster.Session.prepare
  File "cassandra\cluster.py", line 3128, in cassandra.cluster.Session.prepare
  File "cassandra\cluster.py", line 4956, in cassandra.cluster.ResponseFuture.result
cassandra.InvalidRequest: Error from server: code=2200 [Invalid query] message="Undefined column name day in table pldt_audit.api_calls"
Failed to log API call to Cassandra.
Traceback (most recent call last):
  File "C:\temp\bankTradingManagement-master\bankTradingManagement-master\BACKEND\app\app.py", line 261, in cassandra_audit_middleware
    cassandra_service.log_api_call(
  File "C:\temp\bankTradingManagement-master\bankTradingManagement-master\BACKEND\app\cassandra_service.py", line 204, in log_api_call
    self.audit.log_api_call(
  File "C:\temp\bankTradingManagement-master\bankTradingManagement-master\BACKEND\app\CassandraServices\audit.py", line 49, in log_api_call
    self.prepare()
  File "C:\temp\bankTradingManagement-master\bankTradingManagement-master\BACKEND\app\CassandraServices\audit.py", line 27, in prepare
    self._prepared["insert_audit"] = session.prepare(
                                     ^^^^^^^^^^^^^^^^
  File "cassandra\cluster.py", line 3131, in cassandra.cluster.Session.prepare
  File "cassandra\cluster.py", line 3128, in cassandra.cluster.Session.prepare
  File "cassandra\cluster.py", line 4956, in cassandra.cluster.ResponseFuture.result
cassandra.InvalidRequest: Error from server: code=2200 [Invalid query] message="Undefined column name day in table pldt_audit.api_calls"
Search customers: query='', search_type='all', cassandra_available=True
Empty query - loading all customers
Failed to load all from Cassandra: Error from server: code=2200 [Invalid query] message="Undefined column name currency in table pldt_rt.accounts_by_id"
Failed to log API call to Cassandra.
Traceback (most recent call last):
  File "C:\temp\bankTradingManagement-master\bankTradingManagement-master\BACKEND\app\app.py", line 261, in cassandra_audit_middleware
    cassandra_service.log_api_call(
  File "C:\temp\bankTradingManagement-master\bankTradingManagement-master\BACKEND\app\cassandra_service.py", line 204, in log_api_call
    self.audit.log_api_call(
  File "C:\temp\bankTradingManagement-master\bankTradingManagement-master\BACKEND\app\CassandraServices\audit.py", line 49, in log_api_call
    self.prepare()
  File "C:\temp\bankTradingManagement-master\bankTradingManagement-master\BACKEND\app\CassandraServices\audit.py", line 27, in prepare
    self._prepared["insert_audit"] = session.prepare(
                                     ^^^^^^^^^^^^^^^^
  File "cassandra\cluster.py", line 3131, in cassandra.cluster.Session.prepare
  File "cassandra\cluster.py", line 3128, in cassandra.cluster.Session.prepare
  File "cassandra\cluster.py", line 4956, in cassandra.cluster.ResponseFuture.result
cassandra.InvalidRequest: Error from server: code=2200 [Invalid query] message="Undefined column name day in table pldt_audit.api_calls"
Failed to log API call to Cassandra.
Traceback (most recent call last):
  File "C:\temp\bankTradingManagement-master\bankTradingManagement-master\BACKEND\app\app.py", line 261, in cassandra_audit_middleware
    cassandra_service.log_api_call(
  File "C:\temp\bankTradingManagement-master\bankTradingManagement-master\BACKEND\app\cassandra_service.py", line 204, in log_api_call
    self.audit.log_api_call(
  File "C:\temp\bankTradingManagement-master\bankTradingManagement-master\BACKEND\app\CassandraServices\audit.py", line 49, in log_api_call
    self.prepare()
  File "C:\temp\bankTradingManagement-master\bankTradingManagement-master\BACKEND\app\CassandraServices\audit.py", line 27, in prepare
    self._prepared["insert_audit"] = session.prepare(
                                     ^^^^^^^^^^^^^^^^
  File "cassandra\cluster.py", line 3131, in cassandra.cluster.Session.prepare
  File "cassandra\cluster.py", line 3128, in cassandra.cluster.Session.prepare
  File "cassandra\cluster.py", line 4956, in cassandra.cluster.ResponseFuture.result
cassandra.InvalidRequest: Error from server: code=2200 [Invalid query] message="Undefined column name day in table pldt_audit.api_calls"
Failed to log API call to Cassandra.
Traceback (most recent call last):
  File "C:\temp\bankTradingManagement-master\bankTradingManagement-master\BACKEND\app\app.py", line 261, in cassandra_audit_middleware
    cassandra_service.log_api_call(
  File "C:\temp\bankTradingManagement-master\bankTradingManagement-master\BACKEND\app\cassandra_service.py", line 204, in log_api_call
    self.audit.log_api_call(
  File "C:\temp\bankTradingManagement-master\bankTradingManagement-master\BACKEND\app\CassandraServices\audit.py", line 49, in log_api_call
    self.prepare()
  File "C:\temp\bankTradingManagement-master\bankTradingManagement-master\BACKEND\app\CassandraServices\audit.py", line 27, in prepare
    self._prepared["insert_audit"] = session.prepare(
                                     ^^^^^^^^^^^^^^^^
  File "cassandra\cluster.py", line 3131, in cassandra.cluster.Session.prepare
  File "cassandra\cluster.py", line 3128, in cassandra.cluster.Session.prepare
  File "cassandra\cluster.py", line 4956, in cassandra.cluster.ResponseFuture.result
cassandra.InvalidRequest: Error from server: code=2200 [Invalid query] message="Undefined column name day in table pldt_audit.api_calls"
Failed to log API call to Cassandra.
Traceback (most recent call last):
  File "C:\temp\bankTradingManagement-master\bankTradingManagement-master\BACKEND\app\app.py", line 261, in cassandra_audit_middleware
    cassandra_service.log_api_call(
  File "C:\temp\bankTradingManagement-master\bankTradingManagement-master\BACKEND\app\cassandra_service.py", line 204, in log_api_call
    self.audit.log_api_call(
  File "C:\temp\bankTradingManagement-master\bankTradingManagement-master\BACKEND\app\CassandraServices\audit.py", line 49, in log_api_call
    self.prepare()
  File "C:\temp\bankTradingManagement-master\bankTradingManagement-master\BACKEND\app\CassandraServices\audit.py", line 27, in prepare
    self._prepared["insert_audit"] = session.prepare(
                                     ^^^^^^^^^^^^^^^^
  File "cassandra\cluster.py", line 3131, in cassandra.cluster.Session.prepare
  File "cassandra\cluster.py", line 3128, in cassandra.cluster.Session.prepare
  File "cassandra\cluster.py", line 4956, in cassandra.cluster.ResponseFuture.result
cassandra.InvalidRequest: Error from server: code=2200 [Invalid query] message="Undefined column name day in table pldt_audit.api_calls"
Failed to fetch all transactions from Cassandra; using memory store.
Traceback (most recent call last):
  File "C:\temp\bankTradingManagement-master\bankTradingManagement-master\BACKEND\app\app.py", line 2099, in list_transactions_all
    items = cassandra_service.list_all_transactions(limit)
            ^^^^^^^^^^^^^^^^^^^^^^^^^^^^^^^^^^^^^^^^^^^^^^
  File "C:\temp\bankTradingManagement-master\bankTradingManagement-master\BACKEND\app\cassandra_service.py", line 129, in list_all_transactions
    return self.transactions.list_all_transactions(limit)
           ^^^^^^^^^^^^^^^^^^^^^^^^^^^^^^^^^^^^^^^^^^^^^^
  File "C:\temp\bankTradingManagement-master\bankTradingManagement-master\BACKEND\app\CassandraServices\transactions.py", line 313, in list_all_transactions
    rows = session.execute(statement)
           ^^^^^^^^^^^^^^^^^^^^^^^^^^
  File "cassandra\cluster.py", line 2677, in cassandra.cluster.Session.execute
  File "cassandra\cluster.py", line 4956, in cassandra.cluster.ResponseFuture.result
cassandra.InvalidRequest: Error from server: code=2200 [Invalid query] message="Undefined column name event_date in table pldt_rt.tx_by_account_day"
Failed to log API call to Cassandra.
Traceback (most recent call last):
  File "C:\temp\bankTradingManagement-master\bankTradingManagement-master\BACKEND\app\app.py", line 261, in cassandra_audit_middleware
    cassandra_service.log_api_call(
  File "C:\temp\bankTradingManagement-master\bankTradingManagement-master\BACKEND\app\cassandra_service.py", line 204, in log_api_call
    self.audit.log_api_call(
  File "C:\temp\bankTradingManagement-master\bankTradingManagement-master\BACKEND\app\CassandraServices\audit.py", line 49, in log_api_call
    self.prepare()
  File "C:\temp\bankTradingManagement-master\bankTradingManagement-master\BACKEND\app\CassandraServices\audit.py", line 27, in prepare
    self._prepared["insert_audit"] = session.prepare(
                                     ^^^^^^^^^^^^^^^^
  File "cassandra\cluster.py", line 3131, in cassandra.cluster.Session.prepare
  File "cassandra\cluster.py", line 3128, in cassandra.cluster.Session.prepare
  File "cassandra\cluster.py", line 4956, in cassandra.cluster.ResponseFuture.result
cassandra.InvalidRequest: Error from server: code=2200 [Invalid query] message="Undefined column name day in table pldt_audit.api_calls"
Failed to fetch reports stats from Cassandra
Traceback (most recent call last):
  File "C:\temp\bankTradingManagement-master\bankTradingManagement-master\BACKEND\app\app.py", line 2823, in get_reports_stats
    all_transactions = cassandra_service.list_all_transactions(limit=50000)
                       ^^^^^^^^^^^^^^^^^^^^^^^^^^^^^^^^^^^^^^^^^^^^^^^^^^^^
  File "C:\temp\bankTradingManagement-master\bankTradingManagement-master\BACKEND\app\cassandra_service.py", line 129, in list_all_transactions
    return self.transactions.list_all_transactions(limit)
           ^^^^^^^^^^^^^^^^^^^^^^^^^^^^^^^^^^^^^^^^^^^^^^
  File "C:\temp\bankTradingManagement-master\bankTradingManagement-master\BACKEND\app\CassandraServices\transactions.py", line 313, in list_all_transactions
    rows = session.execute(statement)
           ^^^^^^^^^^^^^^^^^^^^^^^^^^
  File "cassandra\cluster.py", line 2677, in cassandra.cluster.Session.execute
  File "cassandra\cluster.py", line 4956, in cassandra.cluster.ResponseFuture.result
cassandra.InvalidRequest: Error from server: code=2200 [Invalid query] message="Undefined column name event_date in table pldt_rt.tx_by_account_day"
Failed to log API call to Cassandra.
Traceback (most recent call last):
  File "C:\temp\bankTradingManagement-master\bankTradingManagement-master\BACKEND\app\app.py", line 261, in cassandra_audit_middleware
    cassandra_service.log_api_call(
  File "C:\temp\bankTradingManagement-master\bankTradingManagement-master\BACKEND\app\cassandra_service.py", line 204, in log_api_call
    self.audit.log_api_call(
  File "C:\temp\bankTradingManagement-master\bankTradingManagement-master\BACKEND\app\CassandraServices\audit.py", line 49, in log_api_call
    self.prepare()
  File "C:\temp\bankTradingManagement-master\bankTradingManagement-master\BACKEND\app\CassandraServices\audit.py", line 27, in prepare
    self._prepared["insert_audit"] = session.prepare(
                                     ^^^^^^^^^^^^^^^^
  File "cassandra\cluster.py", line 3131, in cassandra.cluster.Session.prepare
  File "cassandra\cluster.py", line 3128, in cassandra.cluster.Session.prepare
  File "cassandra\cluster.py", line 4956, in cassandra.cluster.ResponseFuture.result
cassandra.InvalidRequest: Error from server: code=2200 [Invalid query] message="Undefined column name day in table pldt_audit.api_calls"
Failed to log API call to Cassandra.
Traceback (most recent call last):
  File "C:\temp\bankTradingManagement-master\bankTradingManagement-master\BACKEND\app\app.py", line 261, in cassandra_audit_middleware
    cassandra_service.log_api_call(
  File "C:\temp\bankTradingManagement-master\bankTradingManagement-master\BACKEND\app\cassandra_service.py", line 204, in log_api_call
    self.audit.log_api_call(
  File "C:\temp\bankTradingManagement-master\bankTradingManagement-master\BACKEND\app\CassandraServices\audit.py", line 49, in log_api_call
    self.prepare()
  File "C:\temp\bankTradingManagement-master\bankTradingManagement-master\BACKEND\app\CassandraServices\audit.py", line 27, in prepare
    self._prepared["insert_audit"] = session.prepare(
                                     ^^^^^^^^^^^^^^^^
  File "cassandra\cluster.py", line 3131, in cassandra.cluster.Session.prepare
  File "cassandra\cluster.py", line 3128, in cassandra.cluster.Session.prepare
  File "cassandra\cluster.py", line 4956, in cassandra.cluster.ResponseFuture.result
cassandra.InvalidRequest: Error from server: code=2200 [Invalid query] message="Undefined column name day in table pldt_audit.api_calls"
Failed to log API call to Cassandra.
Traceback (most recent call last):
  File "C:\temp\bankTradingManagement-master\bankTradingManagement-master\BACKEND\app\app.py", line 261, in cassandra_audit_middleware
    cassandra_service.log_api_call(
  File "C:\temp\bankTradingManagement-master\bankTradingManagement-master\BACKEND\app\cassandra_service.py", line 204, in log_api_call
    self.audit.log_api_call(
  File "C:\temp\bankTradingManagement-master\bankTradingManagement-master\BACKEND\app\CassandraServices\audit.py", line 49, in log_api_call
    self.prepare()
  File "C:\temp\bankTradingManagement-master\bankTradingManagement-master\BACKEND\app\CassandraServices\audit.py", line 27, in prepare
    self._prepared["insert_audit"] = session.prepare(
                                     ^^^^^^^^^^^^^^^^
  File "cassandra\cluster.py", line 3131, in cassandra.cluster.Session.prepare
  File "cassandra\cluster.py", line 3128, in cassandra.cluster.Session.prepare
  File "cassandra\cluster.py", line 4956, in cassandra.cluster.ResponseFuture.result
cassandra.InvalidRequest: Error from server: code=2200 [Invalid query] message="Undefined column name day in table pldt_audit.api_calls"
Failed to log API call to Cassandra.
Traceback (most recent call last):
  File "C:\temp\bankTradingManagement-master\bankTradingManagement-master\BACKEND\app\app.py", line 261, in cassandra_audit_middleware
    cassandra_service.log_api_call(
  File "C:\temp\bankTradingManagement-master\bankTradingManagement-master\BACKEND\app\cassandra_service.py", line 204, in log_api_call
    self.audit.log_api_call(
  File "C:\temp\bankTradingManagement-master\bankTradingManagement-master\BACKEND\app\CassandraServices\audit.py", line 49, in log_api_call
    self.prepare()
  File "C:\temp\bankTradingManagement-master\bankTradingManagement-master\BACKEND\app\CassandraServices\audit.py", line 27, in prepare
    self._prepared["insert_audit"] = session.prepare(
                                     ^^^^^^^^^^^^^^^^
  File "cassandra\cluster.py", line 3131, in cassandra.cluster.Session.prepare
  File "cassandra\cluster.py", line 3128, in cassandra.cluster.Session.prepare
  File "cassandra\cluster.py", line 4956, in cassandra.cluster.ResponseFuture.result
cassandra.InvalidRequest: Error from server: code=2200 [Invalid query] message="Undefined column name day in table pldt_audit.api_calls"
Failed to log API call to Cassandra.
Traceback (most recent call last):
  File "C:\temp\bankTradingManagement-master\bankTradingManagement-master\BACKEND\app\app.py", line 261, in cassandra_audit_middleware
    cassandra_service.log_api_call(
  File "C:\temp\bankTradingManagement-master\bankTradingManagement-master\BACKEND\app\cassandra_service.py", line 204, in log_api_call
    self.audit.log_api_call(
  File "C:\temp\bankTradingManagement-master\bankTradingManagement-master\BACKEND\app\CassandraServices\audit.py", line 49, in log_api_call
    self.prepare()
  File "C:\temp\bankTradingManagement-master\bankTradingManagement-master\BACKEND\app\CassandraServices\audit.py", line 27, in prepare
    self._prepared["insert_audit"] = session.prepare(
                                     ^^^^^^^^^^^^^^^^
  File "cassandra\cluster.py", line 3131, in cassandra.cluster.Session.prepare
  File "cassandra\cluster.py", line 3128, in cassandra.cluster.Session.prepare
  File "cassandra\cluster.py", line 4956, in cassandra.cluster.ResponseFuture.result
cassandra.InvalidRequest: Error from server: code=2200 [Invalid query] message="Undefined column name day in table pldt_audit.api_calls"
Failed to log API call to Cassandra.
Traceback (most recent call last):
  File "C:\temp\bankTradingManagement-master\bankTradingManagement-master\BACKEND\app\app.py", line 261, in cassandra_audit_middleware
    cassandra_service.log_api_call(
  File "C:\temp\bankTradingManagement-master\bankTradingManagement-master\BACKEND\app\cassandra_service.py", line 204, in log_api_call
    self.audit.log_api_call(
  File "C:\temp\bankTradingManagement-master\bankTradingManagement-master\BACKEND\app\CassandraServices\audit.py", line 49, in log_api_call
    self.prepare()
  File "C:\temp\bankTradingManagement-master\bankTradingManagement-master\BACKEND\app\CassandraServices\audit.py", line 27, in prepare
    self._prepared["insert_audit"] = session.prepare(
                                     ^^^^^^^^^^^^^^^^
  File "cassandra\cluster.py", line 3131, in cassandra.cluster.Session.prepare
  File "cassandra\cluster.py", line 3128, in cassandra.cluster.Session.prepare
  File "cassandra\cluster.py", line 4956, in cassandra.cluster.ResponseFuture.result
cassandra.InvalidRequest: Error from server: code=2200 [Invalid query] message="Undefined column name day in table pldt_audit.api_calls"
Failed to log API call to Cassandra.
Traceback (most recent call last):
  File "C:\temp\bankTradingManagement-master\bankTradingManagement-master\BACKEND\app\app.py", line 261, in cassandra_audit_middleware
    cassandra_service.log_api_call(
  File "C:\temp\bankTradingManagement-master\bankTradingManagement-master\BACKEND\app\cassandra_service.py", line 204, in log_api_call
    self.audit.log_api_call(
  File "C:\temp\bankTradingManagement-master\bankTradingManagement-master\BACKEND\app\CassandraServices\audit.py", line 49, in log_api_call
    self.prepare()
  File "C:\temp\bankTradingManagement-master\bankTradingManagement-master\BACKEND\app\CassandraServices\audit.py", line 27, in prepare
    self._prepared["insert_audit"] = session.prepare(
                                     ^^^^^^^^^^^^^^^^
  File "cassandra\cluster.py", line 3131, in cassandra.cluster.Session.prepare
  File "cassandra\cluster.py", line 3128, in cassandra.cluster.Session.prepare
  File "cassandra\cluster.py", line 4956, in cassandra.cluster.ResponseFuture.result
cassandra.InvalidRequest: Error from server: code=2200 [Invalid query] message="Undefined column name day in table pldt_audit.api_calls"
Failed to log API call to Cassandra.
Traceback (most recent call last):
  File "C:\temp\bankTradingManagement-master\bankTradingManagement-master\BACKEND\app\app.py", line 261, in cassandra_audit_middleware
    cassandra_service.log_api_call(
  File "C:\temp\bankTradingManagement-master\bankTradingManagement-master\BACKEND\app\cassandra_service.py", line 204, in log_api_call
    self.audit.log_api_call(
  File "C:\temp\bankTradingManagement-master\bankTradingManagement-master\BACKEND\app\CassandraServices\audit.py", line 49, in log_api_call
    self.prepare()
  File "C:\temp\bankTradingManagement-master\bankTradingManagement-master\BACKEND\app\CassandraServices\audit.py", line 27, in prepare
    self._prepared["insert_audit"] = session.prepare(
                                     ^^^^^^^^^^^^^^^^
  File "cassandra\cluster.py", line 3131, in cassandra.cluster.Session.prepare
  File "cassandra\cluster.py", line 3128, in cassandra.cluster.Session.prepare
  File "cassandra\cluster.py", line 4956, in cassandra.cluster.ResponseFuture.result
cassandra.InvalidRequest: Error from server: code=2200 [Invalid query] message="Undefined column name day in table pldt_audit.api_calls"
Failed to log API call to Cassandra.
Traceback (most recent call last):
  File "C:\temp\bankTradingManagement-master\bankTradingManagement-master\BACKEND\app\app.py", line 261, in cassandra_audit_middleware
    cassandra_service.log_api_call(
  File "C:\temp\bankTradingManagement-master\bankTradingManagement-master\BACKEND\app\cassandra_service.py", line 204, in log_api_call
    self.audit.log_api_call(
  File "C:\temp\bankTradingManagement-master\bankTradingManagement-master\BACKEND\app\CassandraServices\audit.py", line 49, in log_api_call
    self.prepare()
  File "C:\temp\bankTradingManagement-master\bankTradingManagement-master\BACKEND\app\CassandraServices\audit.py", line 27, in prepare
    self._prepared["insert_audit"] = session.prepare(
                                     ^^^^^^^^^^^^^^^^
  File "cassandra\cluster.py", line 3131, in cassandra.cluster.Session.prepare
  File "cassandra\cluster.py", line 3128, in cassandra.cluster.Session.prepare
  File "cassandra\cluster.py", line 4956, in cassandra.cluster.ResponseFuture.result
cassandra.InvalidRequest: Error from server: code=2200 [Invalid query] message="Undefined column name day in table pldt_audit.api_calls"
Failed to log API call to Cassandra.
Traceback (most recent call last):
  File "C:\temp\bankTradingManagement-master\bankTradingManagement-master\BACKEND\app\app.py", line 261, in cassandra_audit_middleware
    cassandra_service.log_api_call(
  File "C:\temp\bankTradingManagement-master\bankTradingManagement-master\BACKEND\app\cassandra_service.py", line 204, in log_api_call
    self.audit.log_api_call(
  File "C:\temp\bankTradingManagement-master\bankTradingManagement-master\BACKEND\app\CassandraServices\audit.py", line 49, in log_api_call
    self.prepare()
  File "C:\temp\bankTradingManagement-master\bankTradingManagement-master\BACKEND\app\CassandraServices\audit.py", line 27, in prepare
    self._prepared["insert_audit"] = session.prepare(
                                     ^^^^^^^^^^^^^^^^
  File "cassandra\cluster.py", line 3131, in cassandra.cluster.Session.prepare
  File "cassandra\cluster.py", line 3128, in cassandra.cluster.Session.prepare
  File "cassandra\cluster.py", line 4956, in cassandra.cluster.ResponseFuture.result
cassandra.InvalidRequest: Error from server: code=2200 [Invalid query] message="Undefined column name day in table pldt_audit.api_calls"
Failed to log API call to Cassandra.
Traceback (most recent call last):
  File "C:\temp\bankTradingManagement-master\bankTradingManagement-master\BACKEND\app\app.py", line 261, in cassandra_audit_middleware
    cassandra_service.log_api_call(
  File "C:\temp\bankTradingManagement-master\bankTradingManagement-master\BACKEND\app\cassandra_service.py", line 204, in log_api_call
    self.audit.log_api_call(
  File "C:\temp\bankTradingManagement-master\bankTradingManagement-master\BACKEND\app\CassandraServices\audit.py", line 49, in log_api_call
    self.prepare()
  File "C:\temp\bankTradingManagement-master\bankTradingManagement-master\BACKEND\app\CassandraServices\audit.py", line 27, in prepare
    self._prepared["insert_audit"] = session.prepare(
                                     ^^^^^^^^^^^^^^^^
  File "cassandra\cluster.py", line 3131, in cassandra.cluster.Session.prepare
  File "cassandra\cluster.py", line 3128, in cassandra.cluster.Session.prepare
  File "cassandra\cluster.py", line 4956, in cassandra.cluster.ResponseFuture.result
cassandra.InvalidRequest: Error from server: code=2200 [Invalid query] message="Undefined column name day in table pldt_audit.api_calls"
Failed to log API call to Cassandra.
Traceback (most recent call last):
  File "C:\temp\bankTradingManagement-master\bankTradingManagement-master\BACKEND\app\app.py", line 261, in cassandra_audit_middleware
    cassandra_service.log_api_call(
  File "C:\temp\bankTradingManagement-master\bankTradingManagement-master\BACKEND\app\cassandra_service.py", line 204, in log_api_call
    self.audit.log_api_call(
  File "C:\temp\bankTradingManagement-master\bankTradingManagement-master\BACKEND\app\CassandraServices\audit.py", line 49, in log_api_call
    self.prepare()
  File "C:\temp\bankTradingManagement-master\bankTradingManagement-master\BACKEND\app\CassandraServices\audit.py", line 27, in prepare
    self._prepared["insert_audit"] = session.prepare(
                                     ^^^^^^^^^^^^^^^^
  File "cassandra\cluster.py", line 3131, in cassandra.cluster.Session.prepare
  File "cassandra\cluster.py", line 3128, in cassandra.cluster.Session.prepare
  File "cassandra\cluster.py", line 4956, in cassandra.cluster.ResponseFuture.result
cassandra.InvalidRequest: Error from server: code=2200 [Invalid query] message="Undefined column name day in table pldt_audit.api_calls"
Failed to log API call to Cassandra.
Traceback (most recent call last):
  File "C:\temp\bankTradingManagement-master\bankTradingManagement-master\BACKEND\app\app.py", line 261, in cassandra_audit_middleware
    cassandra_service.log_api_call(
  File "C:\temp\bankTradingManagement-master\bankTradingManagement-master\BACKEND\app\cassandra_service.py", line 204, in log_api_call
    self.audit.log_api_call(
  File "C:\temp\bankTradingManagement-master\bankTradingManagement-master\BACKEND\app\CassandraServices\audit.py", line 49, in log_api_call
    self.prepare()
  File "C:\temp\bankTradingManagement-master\bankTradingManagement-master\BACKEND\app\CassandraServices\audit.py", line 27, in prepare
    self._prepared["insert_audit"] = session.prepare(
                                     ^^^^^^^^^^^^^^^^
  File "cassandra\cluster.py", line 3131, in cassandra.cluster.Session.prepare
  File "cassandra\cluster.py", line 3128, in cassandra.cluster.Session.prepare
  File "cassandra\cluster.py", line 4956, in cassandra.cluster.ResponseFuture.result
cassandra.InvalidRequest: Error from server: code=2200 [Invalid query] message="Undefined column name day in table pldt_audit.api_calls"
Failed to log API call to Cassandra.
Traceback (most recent call last):
  File "C:\temp\bankTradingManagement-master\bankTradingManagement-master\BACKEND\app\app.py", line 261, in cassandra_audit_middleware
    cassandra_service.log_api_call(
  File "C:\temp\bankTradingManagement-master\bankTradingManagement-master\BACKEND\app\cassandra_service.py", line 204, in log_api_call
    self.audit.log_api_call(
  File "C:\temp\bankTradingManagement-master\bankTradingManagement-master\BACKEND\app\CassandraServices\audit.py", line 49, in log_api_call
    self.prepare()
  File "C:\temp\bankTradingManagement-master\bankTradingManagement-master\BACKEND\app\CassandraServices\audit.py", line 27, in prepare
    self._prepared["insert_audit"] = session.prepare(
                                     ^^^^^^^^^^^^^^^^
  File "cassandra\cluster.py", line 3131, in cassandra.cluster.Session.prepare
  File "cassandra\cluster.py", line 3128, in cassandra.cluster.Session.prepare
  File "cassandra\cluster.py", line 4956, in cassandra.cluster.ResponseFuture.result
cassandra.InvalidRequest: Error from server: code=2200 [Invalid query] message="Undefined column name day in table pldt_audit.api_calls"
Failed to log API call to Cassandra.
Traceback (most recent call last):
  File "C:\temp\bankTradingManagement-master\bankTradingManagement-master\BACKEND\app\app.py", line 261, in cassandra_audit_middleware
    cassandra_service.log_api_call(
  File "C:\temp\bankTradingManagement-master\bankTradingManagement-master\BACKEND\app\cassandra_service.py", line 204, in log_api_call
    self.audit.log_api_call(
  File "C:\temp\bankTradingManagement-master\bankTradingManagement-master\BACKEND\app\CassandraServices\audit.py", line 49, in log_api_call
    self.prepare()
  File "C:\temp\bankTradingManagement-master\bankTradingManagement-master\BACKEND\app\CassandraServices\audit.py", line 27, in prepare
    self._prepared["insert_audit"] = session.prepare(
                                     ^^^^^^^^^^^^^^^^
  File "cassandra\cluster.py", line 3131, in cassandra.cluster.Session.prepare
  File "cassandra\cluster.py", line 3128, in cassandra.cluster.Session.prepare
  File "cassandra\cluster.py", line 4956, in cassandra.cluster.ResponseFuture.result
cassandra.InvalidRequest: Error from server: code=2200 [Invalid query] message="Undefined column name day in table pldt_audit.api_calls"
Failed to log API call to Cassandra.
Traceback (most recent call last):
  File "C:\temp\bankTradingManagement-master\bankTradingManagement-master\BACKEND\app\app.py", line 261, in cassandra_audit_middleware
    cassandra_service.log_api_call(
  File "C:\temp\bankTradingManagement-master\bankTradingManagement-master\BACKEND\app\cassandra_service.py", line 204, in log_api_call
    self.audit.log_api_call(
  File "C:\temp\bankTradingManagement-master\bankTradingManagement-master\BACKEND\app\CassandraServices\audit.py", line 49, in log_api_call
    self.prepare()
  File "C:\temp\bankTradingManagement-master\bankTradingManagement-master\BACKEND\app\CassandraServices\audit.py", line 27, in prepare
    self._prepared["insert_audit"] = session.prepare(
                                     ^^^^^^^^^^^^^^^^
  File "cassandra\cluster.py", line 3131, in cassandra.cluster.Session.prepare
  File "cassandra\cluster.py", line 3128, in cassandra.cluster.Session.prepare
  File "cassandra\cluster.py", line 4956, in cassandra.cluster.ResponseFuture.result
cassandra.InvalidRequest: Error from server: code=2200 [Invalid query] message="Undefined column name day in table pldt_audit.api_calls"
Failed to log API call to Cassandra.
Traceback (most recent call last):
  File "C:\temp\bankTradingManagement-master\bankTradingManagement-master\BACKEND\app\app.py", line 261, in cassandra_audit_middleware
    cassandra_service.log_api_call(
  File "C:\temp\bankTradingManagement-master\bankTradingManagement-master\BACKEND\app\cassandra_service.py", line 204, in log_api_call
    self.audit.log_api_call(
  File "C:\temp\bankTradingManagement-master\bankTradingManagement-master\BACKEND\app\CassandraServices\audit.py", line 49, in log_api_call
    self.prepare()
  File "C:\temp\bankTradingManagement-master\bankTradingManagement-master\BACKEND\app\CassandraServices\audit.py", line 27, in prepare
    self._prepared["insert_audit"] = session.prepare(
                                     ^^^^^^^^^^^^^^^^
  File "cassandra\cluster.py", line 3131, in cassandra.cluster.Session.prepare
  File "cassandra\cluster.py", line 3128, in cassandra.cluster.Session.prepare
  File "cassandra\cluster.py", line 4956, in cassandra.cluster.ResponseFuture.result
cassandra.InvalidRequest: Error from server: code=2200 [Invalid query] message="Undefined column name day in table pldt_audit.api_calls"
Failed to log API call to Cassandra.
Traceback (most recent call last):
  File "C:\temp\bankTradingManagement-master\bankTradingManagement-master\BACKEND\app\app.py", line 261, in cassandra_audit_middleware
    cassandra_service.log_api_call(
  File "C:\temp\bankTradingManagement-master\bankTradingManagement-master\BACKEND\app\cassandra_service.py", line 204, in log_api_call
    self.audit.log_api_call(
  File "C:\temp\bankTradingManagement-master\bankTradingManagement-master\BACKEND\app\CassandraServices\audit.py", line 49, in log_api_call
    self.prepare()
  File "C:\temp\bankTradingManagement-master\bankTradingManagement-master\BACKEND\app\CassandraServices\audit.py", line 27, in prepare
    self._prepared["insert_audit"] = session.prepare(
                                     ^^^^^^^^^^^^^^^^
  File "cassandra\cluster.py", line 3131, in cassandra.cluster.Session.prepare
  File "cassandra\cluster.py", line 3128, in cassandra.cluster.Session.prepare
  File "cassandra\cluster.py", line 4956, in cassandra.cluster.ResponseFuture.result
cassandra.InvalidRequest: Error from server: code=2200 [Invalid query] message="Undefined column name day in table pldt_audit.api_calls"
Failed to prepare Monthly KPI statements; will retry later.
Traceback (most recent call last):
  File "C:\temp\bankTradingManagement-master\bankTradingManagement-master\BACKEND\app\CassandraServices\monthly_kpis.py", line 43, in prepare
    self._prepared["upsert_kpi_monthly"] = session.prepare(
                                           ^^^^^^^^^^^^^^^^
  File "cassandra\cluster.py", line 3131, in cassandra.cluster.Session.prepare
  File "cassandra\cluster.py", line 3128, in cassandra.cluster.Session.prepare
  File "cassandra\cluster.py", line 4956, in cassandra.cluster.ResponseFuture.result
cassandra.InvalidRequest: Error from server: code=2200 [Invalid query] message="Undefined column name month_yyyymm in table pldt_rt.kpi_monthly"
Failed to get company KPI
Traceback (most recent call last):
  File "C:\temp\bankTradingManagement-master\bankTradingManagement-master\BACKEND\app\app.py", line 2682, in get_company_kpi
    results = cassandra_service.monthly_kpis.list_company_kpis(month_yyyymm)
              ^^^^^^^^^^^^^^^^^^^^^^^^^^^^^^^^^^^^^^^^^^^^^^^^^^^^^^^^^^^^^^
  File "C:\temp\bankTradingManagement-master\bankTradingManagement-master\BACKEND\app\CassandraServices\monthly_kpis.py", line 200, in list_company_kpis
    stmt = self._require_stmt("select_kpi_monthly_all")
           ^^^^^^^^^^^^^^^^^^^^^^^^^^^^^^^^^^^^^^^^^^^^
  File "C:\temp\bankTradingManagement-master\bankTradingManagement-master\BACKEND\app\CassandraServices\monthly_kpis.py", line 146, in _require_stmt
    raise CassandraUnavailable("kpi_monthly tables not configured in Cassandra.")
app.CassandraServices.base.CassandraUnavailable: kpi_monthly tables not configured in Cassandra.
Failed to log API call to Cassandra.
Traceback (most recent call last):
  File "C:\temp\bankTradingManagement-master\bankTradingManagement-master\BACKEND\app\app.py", line 261, in cassandra_audit_middleware
    cassandra_service.log_api_call(
  File "C:\temp\bankTradingManagement-master\bankTradingManagement-master\BACKEND\app\cassandra_service.py", line 204, in log_api_call
    self.audit.log_api_call(
  File "C:\temp\bankTradingManagement-master\bankTradingManagement-master\BACKEND\app\CassandraServices\audit.py", line 49, in log_api_call
    self.prepare()
  File "C:\temp\bankTradingManagement-master\bankTradingManagement-master\BACKEND\app\CassandraServices\audit.py", line 27, in prepare
    self._prepared["insert_audit"] = session.prepare(
                                     ^^^^^^^^^^^^^^^^
  File "cassandra\cluster.py", line 3131, in cassandra.cluster.Session.prepare
  File "cassandra\cluster.py", line 3128, in cassandra.cluster.Session.prepare
  File "cassandra\cluster.py", line 4956, in cassandra.cluster.ResponseFuture.result
cassandra.InvalidRequest: Error from server: code=2200 [Invalid query] message="Undefined column name day in table pldt_audit.api_calls"
Failed to prepare Monthly KPI statements; will retry later.
Traceback (most recent call last):
  File "C:\temp\bankTradingManagement-master\bankTradingManagement-master\BACKEND\app\CassandraServices\monthly_kpis.py", line 43, in prepare
    self._prepared["upsert_kpi_monthly"] = session.prepare(
                                           ^^^^^^^^^^^^^^^^
  File "cassandra\cluster.py", line 3131, in cassandra.cluster.Session.prepare
  File "cassandra\cluster.py", line 3128, in cassandra.cluster.Session.prepare
  File "cassandra\cluster.py", line 4956, in cassandra.cluster.ResponseFuture.result
cassandra.InvalidRequest: Error from server: code=2200 [Invalid query] message="Undefined column name month_yyyymm in table pldt_rt.kpi_monthly"
Failed to get company KPI
Traceback (most recent call last):
  File "C:\temp\bankTradingManagement-master\bankTradingManagement-master\BACKEND\app\app.py", line 2682, in get_company_kpi
    results = cassandra_service.monthly_kpis.list_company_kpis(month_yyyymm)
              ^^^^^^^^^^^^^^^^^^^^^^^^^^^^^^^^^^^^^^^^^^^^^^^^^^^^^^^^^^^^^^
  File "C:\temp\bankTradingManagement-master\bankTradingManagement-master\BACKEND\app\CassandraServices\monthly_kpis.py", line 200, in list_company_kpis
    stmt = self._require_stmt("select_kpi_monthly_all")
           ^^^^^^^^^^^^^^^^^^^^^^^^^^^^^^^^^^^^^^^^^^^^
  File "C:\temp\bankTradingManagement-master\bankTradingManagement-master\BACKEND\app\CassandraServices\monthly_kpis.py", line 146, in _require_stmt
    raise CassandraUnavailable("kpi_monthly tables not configured in Cassandra.")
app.CassandraServices.base.CassandraUnavailable: kpi_monthly tables not configured in Cassandra.
Failed to log API call to Cassandra.
Traceback (most recent call last):
  File "C:\temp\bankTradingManagement-master\bankTradingManagement-master\BACKEND\app\app.py", line 261, in cassandra_audit_middleware
    cassandra_service.log_api_call(
  File "C:\temp\bankTradingManagement-master\bankTradingManagement-master\BACKEND\app\cassandra_service.py", line 204, in log_api_call
    self.audit.log_api_call(
  File "C:\temp\bankTradingManagement-master\bankTradingManagement-master\BACKEND\app\CassandraServices\audit.py", line 49, in log_api_call
    self.prepare()
  File "C:\temp\bankTradingManagement-master\bankTradingManagement-master\BACKEND\app\CassandraServices\audit.py", line 27, in prepare
    self._prepared["insert_audit"] = session.prepare(
                                     ^^^^^^^^^^^^^^^^
  File "cassandra\cluster.py", line 3131, in cassandra.cluster.Session.prepare
  File "cassandra\cluster.py", line 3128, in cassandra.cluster.Session.prepare
  File "cassandra\cluster.py", line 4956, in cassandra.cluster.ResponseFuture.result
cassandra.InvalidRequest: Error from server: code=2200 [Invalid query] message="Undefined column name day in table pldt_audit.api_calls"
Failed to prepare Monthly KPI statements; will retry later.
Traceback (most recent call last):
  File "C:\temp\bankTradingManagement-master\bankTradingManagement-master\BACKEND\app\CassandraServices\monthly_kpis.py", line 43, in prepare
    self._prepared["upsert_kpi_monthly"] = session.prepare(
                                           ^^^^^^^^^^^^^^^^
  File "cassandra\cluster.py", line 3131, in cassandra.cluster.Session.prepare
  File "cassandra\cluster.py", line 3128, in cassandra.cluster.Session.prepare
  File "cassandra\cluster.py", line 4956, in cassandra.cluster.ResponseFuture.result
cassandra.InvalidRequest: Error from server: code=2200 [Invalid query] message="Undefined column name month_yyyymm in table pldt_rt.kpi_monthly"
Failed to get company KPI
Traceback (most recent call last):
  File "C:\temp\bankTradingManagement-master\bankTradingManagement-master\BACKEND\app\app.py", line 2682, in get_company_kpi
    results = cassandra_service.monthly_kpis.list_company_kpis(month_yyyymm)
              ^^^^^^^^^^^^^^^^^^^^^^^^^^^^^^^^^^^^^^^^^^^^^^^^^^^^^^^^^^^^^^
  File "C:\temp\bankTradingManagement-master\bankTradingManagement-master\BACKEND\app\CassandraServices\monthly_kpis.py", line 200, in list_company_kpis
    stmt = self._require_stmt("select_kpi_monthly_all")
           ^^^^^^^^^^^^^^^^^^^^^^^^^^^^^^^^^^^^^^^^^^^^
  File "C:\temp\bankTradingManagement-master\bankTradingManagement-master\BACKEND\app\CassandraServices\monthly_kpis.py", line 146, in _require_stmt
    raise CassandraUnavailable("kpi_monthly tables not configured in Cassandra.")
app.CassandraServices.base.CassandraUnavailable: kpi_monthly tables not configured in Cassandra.
Failed to log API call to Cassandra.
Traceback (most recent call last):
  File "C:\temp\bankTradingManagement-master\bankTradingManagement-master\BACKEND\app\app.py", line 261, in cassandra_audit_middleware
    cassandra_service.log_api_call(
  File "C:\temp\bankTradingManagement-master\bankTradingManagement-master\BACKEND\app\cassandra_service.py", line 204, in log_api_call
    self.audit.log_api_call(
  File "C:\temp\bankTradingManagement-master\bankTradingManagement-master\BACKEND\app\CassandraServices\audit.py", line 49, in log_api_call
    self.prepare()
  File "C:\temp\bankTradingManagement-master\bankTradingManagement-master\BACKEND\app\CassandraServices\audit.py", line 27, in prepare
    self._prepared["insert_audit"] = session.prepare(
                                     ^^^^^^^^^^^^^^^^
  File "cassandra\cluster.py", line 3131, in cassandra.cluster.Session.prepare
  File "cassandra\cluster.py", line 3128, in cassandra.cluster.Session.prepare
  File "cassandra\cluster.py", line 4956, in cassandra.cluster.ResponseFuture.result
cassandra.InvalidRequest: Error from server: code=2200 [Invalid query] message="Undefined column name day in table pldt_audit.api_calls"
Failed to prepare Monthly KPI statements; will retry later.
Traceback (most recent call last):
  File "C:\temp\bankTradingManagement-master\bankTradingManagement-master\BACKEND\app\CassandraServices\monthly_kpis.py", line 43, in prepare
    self._prepared["upsert_kpi_monthly"] = session.prepare(
                                           ^^^^^^^^^^^^^^^^
  File "cassandra\cluster.py", line 3131, in cassandra.cluster.Session.prepare
  File "cassandra\cluster.py", line 3128, in cassandra.cluster.Session.prepare
  File "cassandra\cluster.py", line 4956, in cassandra.cluster.ResponseFuture.result
cassandra.InvalidRequest: Error from server: code=2200 [Invalid query] message="Undefined column name month_yyyymm in table pldt_rt.kpi_monthly"
Failed to get company KPI
Traceback (most recent call last):
  File "C:\temp\bankTradingManagement-master\bankTradingManagement-master\BACKEND\app\app.py", line 2682, in get_company_kpi
    results = cassandra_service.monthly_kpis.list_company_kpis(month_yyyymm)
              ^^^^^^^^^^^^^^^^^^^^^^^^^^^^^^^^^^^^^^^^^^^^^^^^^^^^^^^^^^^^^^
  File "C:\temp\bankTradingManagement-master\bankTradingManagement-master\BACKEND\app\CassandraServices\monthly_kpis.py", line 200, in list_company_kpis
    stmt = self._require_stmt("select_kpi_monthly_all")
           ^^^^^^^^^^^^^^^^^^^^^^^^^^^^^^^^^^^^^^^^^^^^
  File "C:\temp\bankTradingManagement-master\bankTradingManagement-master\BACKEND\app\CassandraServices\monthly_kpis.py", line 146, in _require_stmt
    raise CassandraUnavailable("kpi_monthly tables not configured in Cassandra.")
app.CassandraServices.base.CassandraUnavailable: kpi_monthly tables not configured in Cassandra.
Failed to log API call to Cassandra.
Traceback (most recent call last):
  File "C:\temp\bankTradingManagement-master\bankTradingManagement-master\BACKEND\app\app.py", line 261, in cassandra_audit_middleware
    cassandra_service.log_api_call(
  File "C:\temp\bankTradingManagement-master\bankTradingManagement-master\BACKEND\app\cassandra_service.py", line 204, in log_api_call
    self.audit.log_api_call(
  File "C:\temp\bankTradingManagement-master\bankTradingManagement-master\BACKEND\app\CassandraServices\audit.py", line 49, in log_api_call
    self.prepare()
  File "C:\temp\bankTradingManagement-master\bankTradingManagement-master\BACKEND\app\CassandraServices\audit.py", line 27, in prepare
    self._prepared["insert_audit"] = session.prepare(
                                     ^^^^^^^^^^^^^^^^
  File "cassandra\cluster.py", line 3131, in cassandra.cluster.Session.prepare
  File "cassandra\cluster.py", line 3128, in cassandra.cluster.Session.prepare
  File "cassandra\cluster.py", line 4956, in cassandra.cluster.ResponseFuture.result
cassandra.InvalidRequest: Error from server: code=2200 [Invalid query] message="Undefined column name day in table pldt_audit.api_calls"
Failed to log API call to Cassandra.
Traceback (most recent call last):
  File "C:\temp\bankTradingManagement-master\bankTradingManagement-master\BACKEND\app\app.py", line 261, in cassandra_audit_middleware
    cassandra_service.log_api_call(
  File "C:\temp\bankTradingManagement-master\bankTradingManagement-master\BACKEND\app\cassandra_service.py", line 204, in log_api_call
    self.audit.log_api_call(
  File "C:\temp\bankTradingManagement-master\bankTradingManagement-master\BACKEND\app\CassandraServices\audit.py", line 49, in log_api_call
    self.prepare()
  File "C:\temp\bankTradingManagement-master\bankTradingManagement-master\BACKEND\app\CassandraServices\audit.py", line 27, in prepare
    self._prepared["insert_audit"] = session.prepare(
                                     ^^^^^^^^^^^^^^^^
  File "cassandra\cluster.py", line 3131, in cassandra.cluster.Session.prepare
  File "cassandra\cluster.py", line 3128, in cassandra.cluster.Session.prepare
  File "cassandra\cluster.py", line 4956, in cassandra.cluster.ResponseFuture.result
cassandra.InvalidRequest: Error from server: code=2200 [Invalid query] message="Undefined column name day in table pldt_audit.api_calls"
Failed to log API call to Cassandra.
Traceback (most recent call last):
  File "C:\temp\bankTradingManagement-master\bankTradingManagement-master\BACKEND\app\app.py", line 261, in cassandra_audit_middleware
    cassandra_service.log_api_call(
  File "C:\temp\bankTradingManagement-master\bankTradingManagement-master\BACKEND\app\cassandra_service.py", line 204, in log_api_call
    self.audit.log_api_call(
  File "C:\temp\bankTradingManagement-master\bankTradingManagement-master\BACKEND\app\CassandraServices\audit.py", line 49, in log_api_call
    self.prepare()
  File "C:\temp\bankTradingManagement-master\bankTradingManagement-master\BACKEND\app\CassandraServices\audit.py", line 27, in prepare
    self._prepared["insert_audit"] = session.prepare(
                                     ^^^^^^^^^^^^^^^^
  File "cassandra\cluster.py", line 3131, in cassandra.cluster.Session.prepare
  File "cassandra\cluster.py", line 3128, in cassandra.cluster.Session.prepare
  File "cassandra\cluster.py", line 4956, in cassandra.cluster.ResponseFuture.result
cassandra.InvalidRequest: Error from server: code=2200 [Invalid query] message="Undefined column name day in table pldt_audit.api_calls"
Failed to log API call to Cassandra.
Traceback (most recent call last):
  File "C:\temp\bankTradingManagement-master\bankTradingManagement-master\BACKEND\app\app.py", line 261, in cassandra_audit_middleware
    cassandra_service.log_api_call(
  File "C:\temp\bankTradingManagement-master\bankTradingManagement-master\BACKEND\app\cassandra_service.py", line 204, in log_api_call
    self.audit.log_api_call(
  File "C:\temp\bankTradingManagement-master\bankTradingManagement-master\BACKEND\app\CassandraServices\audit.py", line 49, in log_api_call
    self.prepare()
  File "C:\temp\bankTradingManagement-master\bankTradingManagement-master\BACKEND\app\CassandraServices\audit.py", line 27, in prepare
    self._prepared["insert_audit"] = session.prepare(
                                     ^^^^^^^^^^^^^^^^
  File "cassandra\cluster.py", line 3131, in cassandra.cluster.Session.prepare
  File "cassandra\cluster.py", line 3128, in cassandra.cluster.Session.prepare
  File "cassandra\cluster.py", line 4956, in cassandra.cluster.ResponseFuture.result
cassandra.InvalidRequest: Error from server: code=2200 [Invalid query] message="Undefined column name day in table pldt_audit.api_calls"
Failed to log API call to Cassandra.
Traceback (most recent call last):
  File "C:\temp\bankTradingManagement-master\bankTradingManagement-master\BACKEND\app\app.py", line 261, in cassandra_audit_middleware
    cassandra_service.log_api_call(
  File "C:\temp\bankTradingManagement-master\bankTradingManagement-master\BACKEND\app\cassandra_service.py", line 204, in log_api_call
    self.audit.log_api_call(
  File "C:\temp\bankTradingManagement-master\bankTradingManagement-master\BACKEND\app\CassandraServices\audit.py", line 49, in log_api_call
    self.prepare()
  File "C:\temp\bankTradingManagement-master\bankTradingManagement-master\BACKEND\app\CassandraServices\audit.py", line 27, in prepare
    self._prepared["insert_audit"] = session.prepare(
                                     ^^^^^^^^^^^^^^^^
  File "cassandra\cluster.py", line 3131, in cassandra.cluster.Session.prepare
  File "cassandra\cluster.py", line 3128, in cassandra.cluster.Session.prepare
  File "cassandra\cluster.py", line 4956, in cassandra.cluster.ResponseFuture.result
cassandra.InvalidRequest: Error from server: code=2200 [Invalid query] message="Undefined column name day in table pldt_audit.api_calls"
Failed to log API call to Cassandra.
Traceback (most recent call last):
  File "C:\temp\bankTradingManagement-master\bankTradingManagement-master\BACKEND\app\app.py", line 261, in cassandra_audit_middleware
    cassandra_service.log_api_call(
  File "C:\temp\bankTradingManagement-master\bankTradingManagement-master\BACKEND\app\cassandra_service.py", line 204, in log_api_call
    self.audit.log_api_call(
  File "C:\temp\bankTradingManagement-master\bankTradingManagement-master\BACKEND\app\CassandraServices\audit.py", line 49, in log_api_call
    self.prepare()
  File "C:\temp\bankTradingManagement-master\bankTradingManagement-master\BACKEND\app\CassandraServices\audit.py", line 27, in prepare
    self._prepared["insert_audit"] = session.prepare(
                                     ^^^^^^^^^^^^^^^^
  File "cassandra\cluster.py", line 3131, in cassandra.cluster.Session.prepare
  File "cassandra\cluster.py", line 3128, in cassandra.cluster.Session.prepare
  File "cassandra\cluster.py", line 4956, in cassandra.cluster.ResponseFuture.result
cassandra.InvalidRequest: Error from server: code=2200 [Invalid query] message="Undefined column name day in table pldt_audit.api_calls"
Failed to log API call to Cassandra.
Traceback (most recent call last):
  File "C:\temp\bankTradingManagement-master\bankTradingManagement-master\BACKEND\app\app.py", line 261, in cassandra_audit_middleware
    cassandra_service.log_api_call(
  File "C:\temp\bankTradingManagement-master\bankTradingManagement-master\BACKEND\app\cassandra_service.py", line 204, in log_api_call
    self.audit.log_api_call(
  File "C:\temp\bankTradingManagement-master\bankTradingManagement-master\BACKEND\app\CassandraServices\audit.py", line 49, in log_api_call
    self.prepare()
  File "C:\temp\bankTradingManagement-master\bankTradingManagement-master\BACKEND\app\CassandraServices\audit.py", line 27, in prepare
    self._prepared["insert_audit"] = session.prepare(
                                     ^^^^^^^^^^^^^^^^
  File "cassandra\cluster.py", line 3131, in cassandra.cluster.Session.prepare
  File "cassandra\cluster.py", line 3128, in cassandra.cluster.Session.prepare
  File "cassandra\cluster.py", line 4956, in cassandra.cluster.ResponseFuture.result
cassandra.InvalidRequest: Error from server: code=2200 [Invalid query] message="Undefined column name day in table pldt_audit.api_calls"
Failed to log API call to Cassandra.
Traceback (most recent call last):
  File "C:\temp\bankTradingManagement-master\bankTradingManagement-master\BACKEND\app\app.py", line 261, in cassandra_audit_middleware
    cassandra_service.log_api_call(
  File "C:\temp\bankTradingManagement-master\bankTradingManagement-master\BACKEND\app\cassandra_service.py", line 204, in log_api_call
    self.audit.log_api_call(
  File "C:\temp\bankTradingManagement-master\bankTradingManagement-master\BACKEND\app\CassandraServices\audit.py", line 49, in log_api_call
    self.prepare()
  File "C:\temp\bankTradingManagement-master\bankTradingManagement-master\BACKEND\app\CassandraServices\audit.py", line 27, in prepare
    self._prepared["insert_audit"] = session.prepare(
                                     ^^^^^^^^^^^^^^^^
  File "cassandra\cluster.py", line 3131, in cassandra.cluster.Session.prepare
  File "cassandra\cluster.py", line 3128, in cassandra.cluster.Session.prepare
  File "cassandra\cluster.py", line 4956, in cassandra.cluster.ResponseFuture.result
cassandra.InvalidRequest: Error from server: code=2200 [Invalid query] message="Undefined column name day in table pldt_audit.api_calls"
Failed to log API call to Cassandra.
Traceback (most recent call last):
  File "C:\temp\bankTradingManagement-master\bankTradingManagement-master\BACKEND\app\app.py", line 261, in cassandra_audit_middleware
    cassandra_service.log_api_call(
  File "C:\temp\bankTradingManagement-master\bankTradingManagement-master\BACKEND\app\cassandra_service.py", line 204, in log_api_call
    self.audit.log_api_call(
  File "C:\temp\bankTradingManagement-master\bankTradingManagement-master\BACKEND\app\CassandraServices\audit.py", line 49, in log_api_call
    self.prepare()
  File "C:\temp\bankTradingManagement-master\bankTradingManagement-master\BACKEND\app\CassandraServices\audit.py", line 27, in prepare
    self._prepared["insert_audit"] = session.prepare(
                                     ^^^^^^^^^^^^^^^^
  File "cassandra\cluster.py", line 3131, in cassandra.cluster.Session.prepare
  File "cassandra\cluster.py", line 3128, in cassandra.cluster.Session.prepare
  File "cassandra\cluster.py", line 4956, in cassandra.cluster.ResponseFuture.result
cassandra.InvalidRequest: Error from server: code=2200 [Invalid query] message="Undefined column name day in table pldt_audit.api_calls"
Failed to log API call to Cassandra.
Traceback (most recent call last):
  File "C:\temp\bankTradingManagement-master\bankTradingManagement-master\BACKEND\app\app.py", line 261, in cassandra_audit_middleware
    cassandra_service.log_api_call(
  File "C:\temp\bankTradingManagement-master\bankTradingManagement-master\BACKEND\app\cassandra_service.py", line 204, in log_api_call
    self.audit.log_api_call(
  File "C:\temp\bankTradingManagement-master\bankTradingManagement-master\BACKEND\app\CassandraServices\audit.py", line 49, in log_api_call
    self.prepare()
  File "C:\temp\bankTradingManagement-master\bankTradingManagement-master\BACKEND\app\CassandraServices\audit.py", line 27, in prepare
    self._prepared["insert_audit"] = session.prepare(
                                     ^^^^^^^^^^^^^^^^
  File "cassandra\cluster.py", line 3131, in cassandra.cluster.Session.prepare
  File "cassandra\cluster.py", line 3128, in cassandra.cluster.Session.prepare
  File "cassandra\cluster.py", line 4956, in cassandra.cluster.ResponseFuture.result
cassandra.InvalidRequest: Error from server: code=2200 [Invalid query] message="Undefined column name day in table pldt_audit.api_calls"
Failed to log API call to Cassandra.
Traceback (most recent call last):
  File "C:\temp\bankTradingManagement-master\bankTradingManagement-master\BACKEND\app\app.py", line 261, in cassandra_audit_middleware
    cassandra_service.log_api_call(
  File "C:\temp\bankTradingManagement-master\bankTradingManagement-master\BACKEND\app\cassandra_service.py", line 204, in log_api_call
    self.audit.log_api_call(
  File "C:\temp\bankTradingManagement-master\bankTradingManagement-master\BACKEND\app\CassandraServices\audit.py", line 49, in log_api_call
    self.prepare()
  File "C:\temp\bankTradingManagement-master\bankTradingManagement-master\BACKEND\app\CassandraServices\audit.py", line 27, in prepare
    self._prepared["insert_audit"] = session.prepare(
                                     ^^^^^^^^^^^^^^^^
  File "cassandra\cluster.py", line 3131, in cassandra.cluster.Session.prepare
  File "cassandra\cluster.py", line 3128, in cassandra.cluster.Session.prepare
  File "cassandra\cluster.py", line 4956, in cassandra.cluster.ResponseFuture.result
cassandra.InvalidRequest: Error from server: code=2200 [Invalid query] message="Undefined column name day in table pldt_audit.api_calls"
Failed to log API call to Cassandra.
Traceback (most recent call last):
  File "C:\temp\bankTradingManagement-master\bankTradingManagement-master\BACKEND\app\app.py", line 261, in cassandra_audit_middleware
    cassandra_service.log_api_call(
  File "C:\temp\bankTradingManagement-master\bankTradingManagement-master\BACKEND\app\cassandra_service.py", line 204, in log_api_call
    self.audit.log_api_call(
  File "C:\temp\bankTradingManagement-master\bankTradingManagement-master\BACKEND\app\CassandraServices\audit.py", line 49, in log_api_call
    self.prepare()
  File "C:\temp\bankTradingManagement-master\bankTradingManagement-master\BACKEND\app\CassandraServices\audit.py", line 27, in prepare
    self._prepared["insert_audit"] = session.prepare(
                                     ^^^^^^^^^^^^^^^^
  File "cassandra\cluster.py", line 3131, in cassandra.cluster.Session.prepare
  File "cassandra\cluster.py", line 3128, in cassandra.cluster.Session.prepare
  File "cassandra\cluster.py", line 4956, in cassandra.cluster.ResponseFuture.result
cassandra.InvalidRequest: Error from server: code=2200 [Invalid query] message="Undefined column name day in table pldt_audit.api_calls"
Failed to log API call to Cassandra.
Traceback (most recent call last):
  File "C:\temp\bankTradingManagement-master\bankTradingManagement-master\BACKEND\app\app.py", line 261, in cassandra_audit_middleware
    cassandra_service.log_api_call(
  File "C:\temp\bankTradingManagement-master\bankTradingManagement-master\BACKEND\app\cassandra_service.py", line 204, in log_api_call
    self.audit.log_api_call(
  File "C:\temp\bankTradingManagement-master\bankTradingManagement-master\BACKEND\app\CassandraServices\audit.py", line 49, in log_api_call
    self.prepare()
  File "C:\temp\bankTradingManagement-master\bankTradingManagement-master\BACKEND\app\CassandraServices\audit.py", line 27, in prepare
    self._prepared["insert_audit"] = session.prepare(
                                     ^^^^^^^^^^^^^^^^
  File "cassandra\cluster.py", line 3131, in cassandra.cluster.Session.prepare
  File "cassandra\cluster.py", line 3128, in cassandra.cluster.Session.prepare
  File "cassandra\cluster.py", line 4956, in cassandra.cluster.ResponseFuture.result
cassandra.InvalidRequest: Error from server: code=2200 [Invalid query] message="Undefined column name day in table pldt_audit.api_calls"
Failed to log API call to Cassandra.
Traceback (most recent call last):
  File "C:\temp\bankTradingManagement-master\bankTradingManagement-master\BACKEND\app\app.py", line 261, in cassandra_audit_middleware
    cassandra_service.log_api_call(
  File "C:\temp\bankTradingManagement-master\bankTradingManagement-master\BACKEND\app\cassandra_service.py", line 204, in log_api_call
    self.audit.log_api_call(
  File "C:\temp\bankTradingManagement-master\bankTradingManagement-master\BACKEND\app\CassandraServices\audit.py", line 49, in log_api_call
    self.prepare()
  File "C:\temp\bankTradingManagement-master\bankTradingManagement-master\BACKEND\app\CassandraServices\audit.py", line 27, in prepare
    self._prepared["insert_audit"] = session.prepare(
                                     ^^^^^^^^^^^^^^^^
  File "cassandra\cluster.py", line 3131, in cassandra.cluster.Session.prepare
  File "cassandra\cluster.py", line 3128, in cassandra.cluster.Session.prepare
  File "cassandra\cluster.py", line 4956, in cassandra.cluster.ResponseFuture.result
cassandra.InvalidRequest: Error from server: code=2200 [Invalid query] message="Undefined column name day in table pldt_audit.api_calls"
Failed to log API call to Cassandra.
Traceback (most recent call last):
  File "C:\temp\bankTradingManagement-master\bankTradingManagement-master\BACKEND\app\app.py", line 261, in cassandra_audit_middleware
    cassandra_service.log_api_call(
  File "C:\temp\bankTradingManagement-master\bankTradingManagement-master\BACKEND\app\cassandra_service.py", line 204, in log_api_call
    self.audit.log_api_call(
  File "C:\temp\bankTradingManagement-master\bankTradingManagement-master\BACKEND\app\CassandraServices\audit.py", line 49, in log_api_call
    self.prepare()
  File "C:\temp\bankTradingManagement-master\bankTradingManagement-master\BACKEND\app\CassandraServices\audit.py", line 27, in prepare
    self._prepared["insert_audit"] = session.prepare(
                                     ^^^^^^^^^^^^^^^^
  File "cassandra\cluster.py", line 3131, in cassandra.cluster.Session.prepare
  File "cassandra\cluster.py", line 3128, in cassandra.cluster.Session.prepare
  File "cassandra\cluster.py", line 4956, in cassandra.cluster.ResponseFuture.result
cassandra.InvalidRequest: Error from server: code=2200 [Invalid query] message="Undefined column name day in table pldt_audit.api_calls"
Failed to log API call to Cassandra.
Traceback (most recent call last):
  File "C:\temp\bankTradingManagement-master\bankTradingManagement-master\BACKEND\app\app.py", line 261, in cassandra_audit_middleware
    cassandra_service.log_api_call(
  File "C:\temp\bankTradingManagement-master\bankTradingManagement-master\BACKEND\app\cassandra_service.py", line 204, in log_api_call
    self.audit.log_api_call(
  File "C:\temp\bankTradingManagement-master\bankTradingManagement-master\BACKEND\app\CassandraServices\audit.py", line 49, in log_api_call
    self.prepare()
  File "C:\temp\bankTradingManagement-master\bankTradingManagement-master\BACKEND\app\CassandraServices\audit.py", line 27, in prepare
    self._prepared["insert_audit"] = session.prepare(
                                     ^^^^^^^^^^^^^^^^
  File "cassandra\cluster.py", line 3131, in cassandra.cluster.Session.prepare
  File "cassandra\cluster.py", line 3128, in cassandra.cluster.Session.prepare
  File "cassandra\cluster.py", line 4956, in cassandra.cluster.ResponseFuture.result
cassandra.InvalidRequest: Error from server: code=2200 [Invalid query] message="Undefined column name day in table pldt_audit.api_calls"
Failed to log API call to Cassandra.
Traceback (most recent call last):
  File "C:\temp\bankTradingManagement-master\bankTradingManagement-master\BACKEND\app\app.py", line 261, in cassandra_audit_middleware
    cassandra_service.log_api_call(
  File "C:\temp\bankTradingManagement-master\bankTradingManagement-master\BACKEND\app\cassandra_service.py", line 204, in log_api_call
    self.audit.log_api_call(
  File "C:\temp\bankTradingManagement-master\bankTradingManagement-master\BACKEND\app\CassandraServices\audit.py", line 49, in log_api_call
    self.prepare()
  File "C:\temp\bankTradingManagement-master\bankTradingManagement-master\BACKEND\app\CassandraServices\audit.py", line 27, in prepare
    self._prepared["insert_audit"] = session.prepare(
                                     ^^^^^^^^^^^^^^^^
  File "cassandra\cluster.py", line 3131, in cassandra.cluster.Session.prepare
  File "cassandra\cluster.py", line 3128, in cassandra.cluster.Session.prepare
  File "cassandra\cluster.py", line 4956, in cassandra.cluster.ResponseFuture.result
cassandra.InvalidRequest: Error from server: code=2200 [Invalid query] message="Undefined column name day in table pldt_audit.api_calls"
Failed to fetch all transactions from Cassandra; using memory store.
Traceback (most recent call last):
  File "C:\temp\bankTradingManagement-master\bankTradingManagement-master\BACKEND\app\app.py", line 2099, in list_transactions_all
    items = cassandra_service.list_all_transactions(limit)
            ^^^^^^^^^^^^^^^^^^^^^^^^^^^^^^^^^^^^^^^^^^^^^^
  File "C:\temp\bankTradingManagement-master\bankTradingManagement-master\BACKEND\app\cassandra_service.py", line 129, in list_all_transactions
    return self.transactions.list_all_transactions(limit)
           ^^^^^^^^^^^^^^^^^^^^^^^^^^^^^^^^^^^^^^^^^^^^^^
  File "C:\temp\bankTradingManagement-master\bankTradingManagement-master\BACKEND\app\CassandraServices\transactions.py", line 313, in list_all_transactions
    rows = session.execute(statement)
           ^^^^^^^^^^^^^^^^^^^^^^^^^^
  File "cassandra\cluster.py", line 2677, in cassandra.cluster.Session.execute
  File "cassandra\cluster.py", line 4956, in cassandra.cluster.ResponseFuture.result
cassandra.InvalidRequest: Error from server: code=2200 [Invalid query] message="Undefined column name event_date in table pldt_rt.tx_by_account_day"
Failed to log API call to Cassandra.
Traceback (most recent call last):
  File "C:\temp\bankTradingManagement-master\bankTradingManagement-master\BACKEND\app\app.py", line 261, in cassandra_audit_middleware
    cassandra_service.log_api_call(
  File "C:\temp\bankTradingManagement-master\bankTradingManagement-master\BACKEND\app\cassandra_service.py", line 204, in log_api_call
    self.audit.log_api_call(
  File "C:\temp\bankTradingManagement-master\bankTradingManagement-master\BACKEND\app\CassandraServices\audit.py", line 49, in log_api_call
    self.prepare()
  File "C:\temp\bankTradingManagement-master\bankTradingManagement-master\BACKEND\app\CassandraServices\audit.py", line 27, in prepare
    self._prepared["insert_audit"] = session.prepare(
                                     ^^^^^^^^^^^^^^^^
  File "cassandra\cluster.py", line 3131, in cassandra.cluster.Session.prepare
  File "cassandra\cluster.py", line 3128, in cassandra.cluster.Session.prepare
  File "cassandra\cluster.py", line 4956, in cassandra.cluster.ResponseFuture.result
cassandra.InvalidRequest: Error from server: code=2200 [Invalid query] message="Undefined column name day in table pldt_audit.api_calls"
Failed to log API call to Cassandra.
Traceback (most recent call last):
  File "C:\temp\bankTradingManagement-master\bankTradingManagement-master\BACKEND\app\app.py", line 261, in cassandra_audit_middleware
    cassandra_service.log_api_call(
  File "C:\temp\bankTradingManagement-master\bankTradingManagement-master\BACKEND\app\cassandra_service.py", line 204, in log_api_call
    self.audit.log_api_call(
  File "C:\temp\bankTradingManagement-master\bankTradingManagement-master\BACKEND\app\CassandraServices\audit.py", line 49, in log_api_call
    self.prepare()
  File "C:\temp\bankTradingManagement-master\bankTradingManagement-master\BACKEND\app\CassandraServices\audit.py", line 27, in prepare
    self._prepared["insert_audit"] = session.prepare(
                                     ^^^^^^^^^^^^^^^^
  File "cassandra\cluster.py", line 3131, in cassandra.cluster.Session.prepare
  File "cassandra\cluster.py", line 3128, in cassandra.cluster.Session.prepare
  File "cassandra\cluster.py", line 4956, in cassandra.cluster.ResponseFuture.result
cassandra.InvalidRequest: Error from server: code=2200 [Invalid query] message="Undefined column name day in table pldt_audit.api_calls"
Search customers: query='', search_type='all', cassandra_available=True
Empty query - loading all customers
Failed to load all from Cassandra: Error from server: code=2200 [Invalid query] message="Undefined column name currency in table pldt_rt.accounts_by_id"
Failed to log API call to Cassandra.
Traceback (most recent call last):
  File "C:\temp\bankTradingManagement-master\bankTradingManagement-master\BACKEND\app\app.py", line 261, in cassandra_audit_middleware
    cassandra_service.log_api_call(
  File "C:\temp\bankTradingManagement-master\bankTradingManagement-master\BACKEND\app\cassandra_service.py", line 204, in log_api_call
    self.audit.log_api_call(
  File "C:\temp\bankTradingManagement-master\bankTradingManagement-master\BACKEND\app\CassandraServices\audit.py", line 49, in log_api_call
    self.prepare()
  File "C:\temp\bankTradingManagement-master\bankTradingManagement-master\BACKEND\app\CassandraServices\audit.py", line 27, in prepare
    self._prepared["insert_audit"] = session.prepare(
                                     ^^^^^^^^^^^^^^^^
  File "cassandra\cluster.py", line 3131, in cassandra.cluster.Session.prepare
  File "cassandra\cluster.py", line 3128, in cassandra.cluster.Session.prepare
  File "cassandra\cluster.py", line 4956, in cassandra.cluster.ResponseFuture.result
cassandra.InvalidRequest: Error from server: code=2200 [Invalid query] message="Undefined column name day in table pldt_audit.api_calls"
Failed to log API call to Cassandra.
Traceback (most recent call last):
  File "C:\temp\bankTradingManagement-master\bankTradingManagement-master\BACKEND\app\app.py", line 261, in cassandra_audit_middleware
    cassandra_service.log_api_call(
  File "C:\temp\bankTradingManagement-master\bankTradingManagement-master\BACKEND\app\cassandra_service.py", line 204, in log_api_call
    self.audit.log_api_call(
  File "C:\temp\bankTradingManagement-master\bankTradingManagement-master\BACKEND\app\CassandraServices\audit.py", line 49, in log_api_call
    self.prepare()
  File "C:\temp\bankTradingManagement-master\bankTradingManagement-master\BACKEND\app\CassandraServices\audit.py", line 27, in prepare
    self._prepared["insert_audit"] = session.prepare(
                                     ^^^^^^^^^^^^^^^^
  File "cassandra\cluster.py", line 3131, in cassandra.cluster.Session.prepare
  File "cassandra\cluster.py", line 3128, in cassandra.cluster.Session.prepare
  File "cassandra\cluster.py", line 4956, in cassandra.cluster.ResponseFuture.result
cassandra.InvalidRequest: Error from server: code=2200 [Invalid query] message="Undefined column name day in table pldt_audit.api_calls"
Failed to check existing national_id in Cassandra
Traceback (most recent call last):
  File "C:\temp\bankTradingManagement-master\bankTradingManagement-master\BACKEND\app\app.py", line 1471, in create_customer
    existing_by_identity = cassandra_service.get_customer_by_identity(national_id)
                           ^^^^^^^^^^^^^^^^^^^^^^^^^^^^^^^^^^^^^^^^^^^^^^^^^^^^^^^
  File "C:\temp\bankTradingManagement-master\bankTradingManagement-master\BACKEND\app\cassandra_service.py", line 226, in get_customer_by_identity
    return self.accounts.get_customer_by_identity(national_id)
           ^^^^^^^^^^^^^^^^^^^^^^^^^^^^^^^^^^^^^^^^^^^^^^^^^^^
  File "C:\temp\bankTradingManagement-master\bankTradingManagement-master\BACKEND\app\CassandraServices\accounts.py", line 400, in get_customer_by_identity
    self.prepare()
  File "C:\temp\bankTradingManagement-master\bankTradingManagement-master\BACKEND\app\CassandraServices\accounts.py", line 33, in prepare
    self._prepared["insert_account_by_id"] = session.prepare(
                                             ^^^^^^^^^^^^^^^^
  File "cassandra\cluster.py", line 3131, in cassandra.cluster.Session.prepare
  File "cassandra\cluster.py", line 3128, in cassandra.cluster.Session.prepare
  File "cassandra\cluster.py", line 4956, in cassandra.cluster.ResponseFuture.result
cassandra.InvalidRequest: Error from server: code=2200 [Invalid query] message="Undefined column name currency in table pldt_rt.accounts_by_id"
Failed to check email in Cassandra: Error from server: code=2200 [Invalid query] message="Undefined column name currency in table pldt_rt.accounts_by_id"
Checking duplicate phone in Cassandra: 0123123129
Failed to check phone in Cassandra: Error from server: code=2200 [Invalid query] message="Undefined column name currency in table pldt_rt.accounts_by_id"
Failed to check existing customer accounts
Traceback (most recent call last):
  File "C:\temp\bankTradingManagement-master\bankTradingManagement-master\BACKEND\app\app.py", line 1008, in create_account
    existing_customer_accounts = cassandra_service.get_accounts_by_customer(payload.customer_id)
                                 ^^^^^^^^^^^^^^^^^^^^^^^^^^^^^^^^^^^^^^^^^^^^^^^^^^^^^^^^^^^^^^^
  File "C:\temp\bankTradingManagement-master\bankTradingManagement-master\BACKEND\app\cassandra_service.py", line 222, in get_accounts_by_customer
    return self.accounts.get_accounts_by_customer(customer_id)
           ^^^^^^^^^^^^^^^^^^^^^^^^^^^^^^^^^^^^^^^^^^^^^^^^^^^
  File "C:\temp\bankTradingManagement-master\bankTradingManagement-master\BACKEND\app\CassandraServices\accounts.py", line 376, in get_accounts_by_customer
    self.prepare()
  File "C:\temp\bankTradingManagement-master\bankTradingManagement-master\BACKEND\app\CassandraServices\accounts.py", line 33, in prepare
    self._prepared["insert_account_by_id"] = session.prepare(
                                             ^^^^^^^^^^^^^^^^
  File "cassandra\cluster.py", line 3131, in cassandra.cluster.Session.prepare
  File "cassandra\cluster.py", line 3128, in cassandra.cluster.Session.prepare
  File "cassandra\cluster.py", line 4956, in cassandra.cluster.ResponseFuture.result
cassandra.InvalidRequest: Error from server: code=2200 [Invalid query] message="Undefined column name currency in table pldt_rt.accounts_by_id"
Failed to create account in Cassandra; using memory store.
Traceback (most recent call last):
  File "C:\temp\bankTradingManagement-master\bankTradingManagement-master\BACKEND\app\app.py", line 1066, in create_account
    result = cassandra_service.create_account(
             ^^^^^^^^^^^^^^^^^^^^^^^^^^^^^^^^^
TypeError: CassandraService.create_account() got an unexpected keyword argument 'account_id'
Failed to log API call to Cassandra.
Traceback (most recent call last):
  File "C:\temp\bankTradingManagement-master\bankTradingManagement-master\BACKEND\app\app.py", line 261, in cassandra_audit_middleware
    cassandra_service.log_api_call(
  File "C:\temp\bankTradingManagement-master\bankTradingManagement-master\BACKEND\app\cassandra_service.py", line 204, in log_api_call
    self.audit.log_api_call(
  File "C:\temp\bankTradingManagement-master\bankTradingManagement-master\BACKEND\app\CassandraServices\audit.py", line 49, in log_api_call
    self.prepare()
  File "C:\temp\bankTradingManagement-master\bankTradingManagement-master\BACKEND\app\CassandraServices\audit.py", line 27, in prepare
    self._prepared["insert_audit"] = session.prepare(
                                     ^^^^^^^^^^^^^^^^
  File "cassandra\cluster.py", line 3131, in cassandra.cluster.Session.prepare
  File "cassandra\cluster.py", line 3128, in cassandra.cluster.Session.prepare
  File "cassandra\cluster.py", line 4956, in cassandra.cluster.ResponseFuture.result
cassandra.InvalidRequest: Error from server: code=2200 [Invalid query] message="Undefined column name day in table pldt_audit.api_calls"
Failed to check existing national_id in Cassandra
Traceback (most recent call last):
  File "C:\temp\bankTradingManagement-master\bankTradingManagement-master\BACKEND\app\app.py", line 1471, in create_customer
    existing_by_identity = cassandra_service.get_customer_by_identity(national_id)
                           ^^^^^^^^^^^^^^^^^^^^^^^^^^^^^^^^^^^^^^^^^^^^^^^^^^^^^^^
  File "C:\temp\bankTradingManagement-master\bankTradingManagement-master\BACKEND\app\cassandra_service.py", line 226, in get_customer_by_identity
    return self.accounts.get_customer_by_identity(national_id)
           ^^^^^^^^^^^^^^^^^^^^^^^^^^^^^^^^^^^^^^^^^^^^^^^^^^^
  File "C:\temp\bankTradingManagement-master\bankTradingManagement-master\BACKEND\app\CassandraServices\accounts.py", line 400, in get_customer_by_identity
    self.prepare()
  File "C:\temp\bankTradingManagement-master\bankTradingManagement-master\BACKEND\app\CassandraServices\accounts.py", line 33, in prepare
    self._prepared["insert_account_by_id"] = session.prepare(
                                             ^^^^^^^^^^^^^^^^
  File "cassandra\cluster.py", line 3131, in cassandra.cluster.Session.prepare
  File "cassandra\cluster.py", line 3128, in cassandra.cluster.Session.prepare
  File "cassandra\cluster.py", line 4956, in cassandra.cluster.ResponseFuture.result
cassandra.InvalidRequest: Error from server: code=2200 [Invalid query] message="Undefined column name currency in table pldt_rt.accounts_by_id"
Failed to check email in Cassandra: Error from server: code=2200 [Invalid query] message="Undefined column name currency in table pldt_rt.accounts_by_id"
Failed to log API call to Cassandra.
Traceback (most recent call last):
  File "C:\temp\bankTradingManagement-master\bankTradingManagement-master\BACKEND\app\app.py", line 261, in cassandra_audit_middleware
    cassandra_service.log_api_call(
  File "C:\temp\bankTradingManagement-master\bankTradingManagement-master\BACKEND\app\cassandra_service.py", line 204, in log_api_call
    self.audit.log_api_call(
  File "C:\temp\bankTradingManagement-master\bankTradingManagement-master\BACKEND\app\CassandraServices\audit.py", line 49, in log_api_call
    self.prepare()
  File "C:\temp\bankTradingManagement-master\bankTradingManagement-master\BACKEND\app\CassandraServices\audit.py", line 27, in prepare
    self._prepared["insert_audit"] = session.prepare(
                                     ^^^^^^^^^^^^^^^^
  File "cassandra\cluster.py", line 3131, in cassandra.cluster.Session.prepare
  File "cassandra\cluster.py", line 3128, in cassandra.cluster.Session.prepare
  File "cassandra\cluster.py", line 4956, in cassandra.cluster.ResponseFuture.result
cassandra.InvalidRequest: Error from server: code=2200 [Invalid query] message="Undefined column name day in table pldt_audit.api_calls"
Search customers: query='', search_type='all', cassandra_available=True
Empty query - loading all customers
Failed to load all from Cassandra: Error from server: code=2200 [Invalid query] message="Undefined column name currency in table pldt_rt.accounts_by_id"
Failed to log API call to Cassandra.
Traceback (most recent call last):
  File "C:\temp\bankTradingManagement-master\bankTradingManagement-master\BACKEND\app\app.py", line 261, in cassandra_audit_middleware
    cassandra_service.log_api_call(
  File "C:\temp\bankTradingManagement-master\bankTradingManagement-master\BACKEND\app\cassandra_service.py", line 204, in log_api_call
    self.audit.log_api_call(
  File "C:\temp\bankTradingManagement-master\bankTradingManagement-master\BACKEND\app\CassandraServices\audit.py", line 49, in log_api_call
    self.prepare()
  File "C:\temp\bankTradingManagement-master\bankTradingManagement-master\BACKEND\app\CassandraServices\audit.py", line 27, in prepare
    self._prepared["insert_audit"] = session.prepare(
                                     ^^^^^^^^^^^^^^^^
  File "cassandra\cluster.py", line 3131, in cassandra.cluster.Session.prepare
  File "cassandra\cluster.py", line 3128, in cassandra.cluster.Session.prepare
  File "cassandra\cluster.py", line 4956, in cassandra.cluster.ResponseFuture.result
cassandra.InvalidRequest: Error from server: code=2200 [Invalid query] message="Undefined column name day in table pldt_audit.api_calls"
Failed to log API call to Cassandra.
Traceback (most recent call last):
  File "C:\temp\bankTradingManagement-master\bankTradingManagement-master\BACKEND\app\app.py", line 261, in cassandra_audit_middleware
    cassandra_service.log_api_call(
  File "C:\temp\bankTradingManagement-master\bankTradingManagement-master\BACKEND\app\cassandra_service.py", line 204, in log_api_call
    self.audit.log_api_call(
  File "C:\temp\bankTradingManagement-master\bankTradingManagement-master\BACKEND\app\CassandraServices\audit.py", line 49, in log_api_call
    self.prepare()
  File "C:\temp\bankTradingManagement-master\bankTradingManagement-master\BACKEND\app\CassandraServices\audit.py", line 27, in prepare
    self._prepared["insert_audit"] = session.prepare(
                                     ^^^^^^^^^^^^^^^^
  File "cassandra\cluster.py", line 3131, in cassandra.cluster.Session.prepare
  File "cassandra\cluster.py", line 3128, in cassandra.cluster.Session.prepare
  File "cassandra\cluster.py", line 4956, in cassandra.cluster.ResponseFuture.result
cassandra.InvalidRequest: Error from server: code=2200 [Invalid query] message="Undefined column name day in table pldt_audit.api_calls"
Failed to get balance from Cassandra; using memory store.
Traceback (most recent call last):
  File "C:\temp\bankTradingManagement-master\bankTradingManagement-master\BACKEND\app\app.py", line 1663, in _get_account_balance_impl
    balance = cassandra_service.get_account_balance(account_id)
              ^^^^^^^^^^^^^^^^^^^^^^^^^^^^^^^^^^^^^^^^^^^^^^^^^
  File "C:\temp\bankTradingManagement-master\bankTradingManagement-master\BACKEND\app\cassandra_service.py", line 230, in get_account_balance
    return self.accounts.get_balance(account_id)
           ^^^^^^^^^^^^^^^^^^^^^^^^^^^^^^^^^^^^^
  File "C:\temp\bankTradingManagement-master\bankTradingManagement-master\BACKEND\app\CassandraServices\accounts.py", line 573, in get_balance
    self._prepare_balance_statements(session)
  File "C:\temp\bankTradingManagement-master\bankTradingManagement-master\BACKEND\app\CassandraServices\accounts.py", line 645, in _prepare_balance_statements
    self._prepared["select_balance"] = session.prepare(
                                       ^^^^^^^^^^^^^^^^
  File "cassandra\cluster.py", line 3131, in cassandra.cluster.Session.prepare
  File "cassandra\cluster.py", line 3128, in cassandra.cluster.Session.prepare
  File "cassandra\cluster.py", line 4956, in cassandra.cluster.ResponseFuture.result
cassandra.InvalidRequest: Error from server: code=2200 [Invalid query] message="Undefined column name updated_at in table pldt_rt.account_balances"
Failed to log API call to Cassandra.
Traceback (most recent call last):
  File "C:\temp\bankTradingManagement-master\bankTradingManagement-master\BACKEND\app\app.py", line 261, in cassandra_audit_middleware
    cassandra_service.log_api_call(
  File "C:\temp\bankTradingManagement-master\bankTradingManagement-master\BACKEND\app\cassandra_service.py", line 204, in log_api_call
    self.audit.log_api_call(
  File "C:\temp\bankTradingManagement-master\bankTradingManagement-master\BACKEND\app\CassandraServices\audit.py", line 49, in log_api_call
    self.prepare()
  File "C:\temp\bankTradingManagement-master\bankTradingManagement-master\BACKEND\app\CassandraServices\audit.py", line 27, in prepare
    self._prepared["insert_audit"] = session.prepare(
                                     ^^^^^^^^^^^^^^^^
  File "cassandra\cluster.py", line 3131, in cassandra.cluster.Session.prepare
  File "cassandra\cluster.py", line 3128, in cassandra.cluster.Session.prepare
  File "cassandra\cluster.py", line 4956, in cassandra.cluster.ResponseFuture.result
cassandra.InvalidRequest: Error from server: code=2200 [Invalid query] message="Undefined column name day in table pldt_audit.api_calls"
Failed to log API call to Cassandra.
Traceback (most recent call last):
  File "C:\temp\bankTradingManagement-master\bankTradingManagement-master\BACKEND\app\app.py", line 261, in cassandra_audit_middleware
    cassandra_service.log_api_call(
  File "C:\temp\bankTradingManagement-master\bankTradingManagement-master\BACKEND\app\cassandra_service.py", line 204, in log_api_call
    self.audit.log_api_call(
  File "C:\temp\bankTradingManagement-master\bankTradingManagement-master\BACKEND\app\CassandraServices\audit.py", line 49, in log_api_call
    self.prepare()
  File "C:\temp\bankTradingManagement-master\bankTradingManagement-master\BACKEND\app\CassandraServices\audit.py", line 27, in prepare
    self._prepared["insert_audit"] = session.prepare(
                                     ^^^^^^^^^^^^^^^^
  File "cassandra\cluster.py", line 3131, in cassandra.cluster.Session.prepare
  File "cassandra\cluster.py", line 3128, in cassandra.cluster.Session.prepare
  File "cassandra\cluster.py", line 4956, in cassandra.cluster.ResponseFuture.result
cassandra.InvalidRequest: Error from server: code=2200 [Invalid query] message="Undefined column name day in table pldt_audit.api_calls"
Failed to check existing national_id in Cassandra
Traceback (most recent call last):
  File "C:\temp\bankTradingManagement-master\bankTradingManagement-master\BACKEND\app\app.py", line 1471, in create_customer
    existing_by_identity = cassandra_service.get_customer_by_identity(national_id)
                           ^^^^^^^^^^^^^^^^^^^^^^^^^^^^^^^^^^^^^^^^^^^^^^^^^^^^^^^
  File "C:\temp\bankTradingManagement-master\bankTradingManagement-master\BACKEND\app\cassandra_service.py", line 226, in get_customer_by_identity
    return self.accounts.get_customer_by_identity(national_id)
           ^^^^^^^^^^^^^^^^^^^^^^^^^^^^^^^^^^^^^^^^^^^^^^^^^^^
  File "C:\temp\bankTradingManagement-master\bankTradingManagement-master\BACKEND\app\CassandraServices\accounts.py", line 400, in get_customer_by_identity
    self.prepare()
  File "C:\temp\bankTradingManagement-master\bankTradingManagement-master\BACKEND\app\CassandraServices\accounts.py", line 33, in prepare
    self._prepared["insert_account_by_id"] = session.prepare(
                                             ^^^^^^^^^^^^^^^^
  File "cassandra\cluster.py", line 3131, in cassandra.cluster.Session.prepare
  File "cassandra\cluster.py", line 3128, in cassandra.cluster.Session.prepare
  File "cassandra\cluster.py", line 4956, in cassandra.cluster.ResponseFuture.result
cassandra.InvalidRequest: Error from server: code=2200 [Invalid query] message="Undefined column name currency in table pldt_rt.accounts_by_id"
Failed to check email in Cassandra: Error from server: code=2200 [Invalid query] message="Undefined column name currency in table pldt_rt.accounts_by_id"
Checking duplicate phone in Cassandra: 0559601038
Failed to check phone in Cassandra: Error from server: code=2200 [Invalid query] message="Undefined column name currency in table pldt_rt.accounts_by_id"
Failed to check existing customer accounts
Traceback (most recent call last):
  File "C:\temp\bankTradingManagement-master\bankTradingManagement-master\BACKEND\app\app.py", line 1008, in create_account
    existing_customer_accounts = cassandra_service.get_accounts_by_customer(payload.customer_id)
                                 ^^^^^^^^^^^^^^^^^^^^^^^^^^^^^^^^^^^^^^^^^^^^^^^^^^^^^^^^^^^^^^^
  File "C:\temp\bankTradingManagement-master\bankTradingManagement-master\BACKEND\app\cassandra_service.py", line 222, in get_accounts_by_customer
    return self.accounts.get_accounts_by_customer(customer_id)
           ^^^^^^^^^^^^^^^^^^^^^^^^^^^^^^^^^^^^^^^^^^^^^^^^^^^
  File "C:\temp\bankTradingManagement-master\bankTradingManagement-master\BACKEND\app\CassandraServices\accounts.py", line 376, in get_accounts_by_customer
    self.prepare()
  File "C:\temp\bankTradingManagement-master\bankTradingManagement-master\BACKEND\app\CassandraServices\accounts.py", line 33, in prepare
    self._prepared["insert_account_by_id"] = session.prepare(
                                             ^^^^^^^^^^^^^^^^
  File "cassandra\cluster.py", line 3131, in cassandra.cluster.Session.prepare
  File "cassandra\cluster.py", line 3128, in cassandra.cluster.Session.prepare
  File "cassandra\cluster.py", line 4956, in cassandra.cluster.ResponseFuture.result
cassandra.InvalidRequest: Error from server: code=2200 [Invalid query] message="Undefined column name currency in table pldt_rt.accounts_by_id"
Failed to create account in Cassandra; using memory store.
Traceback (most recent call last):
  File "C:\temp\bankTradingManagement-master\bankTradingManagement-master\BACKEND\app\app.py", line 1066, in create_account
    result = cassandra_service.create_account(
             ^^^^^^^^^^^^^^^^^^^^^^^^^^^^^^^^^
TypeError: CassandraService.create_account() got an unexpected keyword argument 'account_id'
Failed to log API call to Cassandra.
Traceback (most recent call last):
  File "C:\temp\bankTradingManagement-master\bankTradingManagement-master\BACKEND\app\app.py", line 261, in cassandra_audit_middleware
    cassandra_service.log_api_call(
  File "C:\temp\bankTradingManagement-master\bankTradingManagement-master\BACKEND\app\cassandra_service.py", line 204, in log_api_call
    self.audit.log_api_call(
  File "C:\temp\bankTradingManagement-master\bankTradingManagement-master\BACKEND\app\CassandraServices\audit.py", line 49, in log_api_call
    self.prepare()
  File "C:\temp\bankTradingManagement-master\bankTradingManagement-master\BACKEND\app\CassandraServices\audit.py", line 27, in prepare
    self._prepared["insert_audit"] = session.prepare(
                                     ^^^^^^^^^^^^^^^^
  File "cassandra\cluster.py", line 3131, in cassandra.cluster.Session.prepare
  File "cassandra\cluster.py", line 3128, in cassandra.cluster.Session.prepare
  File "cassandra\cluster.py", line 4956, in cassandra.cluster.ResponseFuture.result
cassandra.InvalidRequest: Error from server: code=2200 [Invalid query] message="Undefined column name day in table pldt_audit.api_calls"
Failed to check existing national_id in Cassandra
Traceback (most recent call last):
  File "C:\temp\bankTradingManagement-master\bankTradingManagement-master\BACKEND\app\app.py", line 1471, in create_customer
    existing_by_identity = cassandra_service.get_customer_by_identity(national_id)
                           ^^^^^^^^^^^^^^^^^^^^^^^^^^^^^^^^^^^^^^^^^^^^^^^^^^^^^^^
  File "C:\temp\bankTradingManagement-master\bankTradingManagement-master\BACKEND\app\cassandra_service.py", line 226, in get_customer_by_identity
    return self.accounts.get_customer_by_identity(national_id)
           ^^^^^^^^^^^^^^^^^^^^^^^^^^^^^^^^^^^^^^^^^^^^^^^^^^^
  File "C:\temp\bankTradingManagement-master\bankTradingManagement-master\BACKEND\app\CassandraServices\accounts.py", line 400, in get_customer_by_identity
    self.prepare()
  File "C:\temp\bankTradingManagement-master\bankTradingManagement-master\BACKEND\app\CassandraServices\accounts.py", line 33, in prepare
    self._prepared["insert_account_by_id"] = session.prepare(
                                             ^^^^^^^^^^^^^^^^
  File "cassandra\cluster.py", line 3131, in cassandra.cluster.Session.prepare
  File "cassandra\cluster.py", line 3128, in cassandra.cluster.Session.prepare
  File "cassandra\cluster.py", line 4956, in cassandra.cluster.ResponseFuture.result
cassandra.InvalidRequest: Error from server: code=2200 [Invalid query] message="Undefined column name currency in table pldt_rt.accounts_by_id"
Failed to check email in Cassandra: Error from server: code=2200 [Invalid query] message="Undefined column name currency in table pldt_rt.accounts_by_id"
Failed to log API call to Cassandra.
Traceback (most recent call last):
  File "C:\temp\bankTradingManagement-master\bankTradingManagement-master\BACKEND\app\app.py", line 261, in cassandra_audit_middleware
    cassandra_service.log_api_call(
  File "C:\temp\bankTradingManagement-master\bankTradingManagement-master\BACKEND\app\cassandra_service.py", line 204, in log_api_call
    self.audit.log_api_call(
  File "C:\temp\bankTradingManagement-master\bankTradingManagement-master\BACKEND\app\CassandraServices\audit.py", line 49, in log_api_call
    self.prepare()
  File "C:\temp\bankTradingManagement-master\bankTradingManagement-master\BACKEND\app\CassandraServices\audit.py", line 27, in prepare
    self._prepared["insert_audit"] = session.prepare(
                                     ^^^^^^^^^^^^^^^^
  File "cassandra\cluster.py", line 3131, in cassandra.cluster.Session.prepare
  File "cassandra\cluster.py", line 3128, in cassandra.cluster.Session.prepare
  File "cassandra\cluster.py", line 4956, in cassandra.cluster.ResponseFuture.result
cassandra.InvalidRequest: Error from server: code=2200 [Invalid query] message="Undefined column name day in table pldt_audit.api_calls"
Search customers: query='', search_type='all', cassandra_available=True
Empty query - loading all customers
Failed to load all from Cassandra: Error from server: code=2200 [Invalid query] message="Undefined column name currency in table pldt_rt.accounts_by_id"
Failed to log API call to Cassandra.
Traceback (most recent call last):
  File "C:\temp\bankTradingManagement-master\bankTradingManagement-master\BACKEND\app\app.py", line 261, in cassandra_audit_middleware
    cassandra_service.log_api_call(
  File "C:\temp\bankTradingManagement-master\bankTradingManagement-master\BACKEND\app\cassandra_service.py", line 204, in log_api_call
    self.audit.log_api_call(
  File "C:\temp\bankTradingManagement-master\bankTradingManagement-master\BACKEND\app\CassandraServices\audit.py", line 49, in log_api_call
    self.prepare()
  File "C:\temp\bankTradingManagement-master\bankTradingManagement-master\BACKEND\app\CassandraServices\audit.py", line 27, in prepare
    self._prepared["insert_audit"] = session.prepare(
                                     ^^^^^^^^^^^^^^^^
  File "cassandra\cluster.py", line 3131, in cassandra.cluster.Session.prepare
  File "cassandra\cluster.py", line 3128, in cassandra.cluster.Session.prepare
  File "cassandra\cluster.py", line 4956, in cassandra.cluster.ResponseFuture.result
cassandra.InvalidRequest: Error from server: code=2200 [Invalid query] message="Undefined column name day in table pldt_audit.api_calls"
Failed to log API call to Cassandra.
Traceback (most recent call last):
  File "C:\temp\bankTradingManagement-master\bankTradingManagement-master\BACKEND\app\app.py", line 261, in cassandra_audit_middleware
    cassandra_service.log_api_call(
  File "C:\temp\bankTradingManagement-master\bankTradingManagement-master\BACKEND\app\cassandra_service.py", line 204, in log_api_call
    self.audit.log_api_call(
  File "C:\temp\bankTradingManagement-master\bankTradingManagement-master\BACKEND\app\CassandraServices\audit.py", line 49, in log_api_call
    self.prepare()
  File "C:\temp\bankTradingManagement-master\bankTradingManagement-master\BACKEND\app\CassandraServices\audit.py", line 27, in prepare
    self._prepared["insert_audit"] = session.prepare(
                                     ^^^^^^^^^^^^^^^^
  File "cassandra\cluster.py", line 3131, in cassandra.cluster.Session.prepare
  File "cassandra\cluster.py", line 3128, in cassandra.cluster.Session.prepare
  File "cassandra\cluster.py", line 4956, in cassandra.cluster.ResponseFuture.result
cassandra.InvalidRequest: Error from server: code=2200 [Invalid query] message="Undefined column name day in table pldt_audit.api_calls"
Failed to get balance from Cassandra; using memory store.
Traceback (most recent call last):
  File "C:\temp\bankTradingManagement-master\bankTradingManagement-master\BACKEND\app\app.py", line 1663, in _get_account_balance_impl
    balance = cassandra_service.get_account_balance(account_id)
              ^^^^^^^^^^^^^^^^^^^^^^^^^^^^^^^^^^^^^^^^^^^^^^^^^
  File "C:\temp\bankTradingManagement-master\bankTradingManagement-master\BACKEND\app\cassandra_service.py", line 230, in get_account_balance
    return self.accounts.get_balance(account_id)
           ^^^^^^^^^^^^^^^^^^^^^^^^^^^^^^^^^^^^^
  File "C:\temp\bankTradingManagement-master\bankTradingManagement-master\BACKEND\app\CassandraServices\accounts.py", line 573, in get_balance
    self._prepare_balance_statements(session)
  File "C:\temp\bankTradingManagement-master\bankTradingManagement-master\BACKEND\app\CassandraServices\accounts.py", line 645, in _prepare_balance_statements
    self._prepared["select_balance"] = session.prepare(
                                       ^^^^^^^^^^^^^^^^
  File "cassandra\cluster.py", line 3131, in cassandra.cluster.Session.prepare
  File "cassandra\cluster.py", line 3128, in cassandra.cluster.Session.prepare
  File "cassandra\cluster.py", line 4956, in cassandra.cluster.ResponseFuture.result
cassandra.InvalidRequest: Error from server: code=2200 [Invalid query] message="Undefined column name updated_at in table pldt_rt.account_balances"
Failed to log API call to Cassandra.
Traceback (most recent call last):
  File "C:\temp\bankTradingManagement-master\bankTradingManagement-master\BACKEND\app\app.py", line 261, in cassandra_audit_middleware
    cassandra_service.log_api_call(
  File "C:\temp\bankTradingManagement-master\bankTradingManagement-master\BACKEND\app\cassandra_service.py", line 204, in log_api_call
    self.audit.log_api_call(
  File "C:\temp\bankTradingManagement-master\bankTradingManagement-master\BACKEND\app\CassandraServices\audit.py", line 49, in log_api_call
    self.prepare()
  File "C:\temp\bankTradingManagement-master\bankTradingManagement-master\BACKEND\app\CassandraServices\audit.py", line 27, in prepare
    self._prepared["insert_audit"] = session.prepare(
                                     ^^^^^^^^^^^^^^^^
  File "cassandra\cluster.py", line 3131, in cassandra.cluster.Session.prepare
  File "cassandra\cluster.py", line 3128, in cassandra.cluster.Session.prepare
  File "cassandra\cluster.py", line 4956, in cassandra.cluster.ResponseFuture.result
cassandra.InvalidRequest: Error from server: code=2200 [Invalid query] message="Undefined column name day in table pldt_audit.api_calls"
Failed to log API call to Cassandra.
Traceback (most recent call last):
  File "C:\temp\bankTradingManagement-master\bankTradingManagement-master\BACKEND\app\app.py", line 261, in cassandra_audit_middleware
    cassandra_service.log_api_call(
  File "C:\temp\bankTradingManagement-master\bankTradingManagement-master\BACKEND\app\cassandra_service.py", line 204, in log_api_call
    self.audit.log_api_call(
  File "C:\temp\bankTradingManagement-master\bankTradingManagement-master\BACKEND\app\CassandraServices\audit.py", line 49, in log_api_call
    self.prepare()
  File "C:\temp\bankTradingManagement-master\bankTradingManagement-master\BACKEND\app\CassandraServices\audit.py", line 27, in prepare
    self._prepared["insert_audit"] = session.prepare(
                                     ^^^^^^^^^^^^^^^^
  File "cassandra\cluster.py", line 3131, in cassandra.cluster.Session.prepare
  File "cassandra\cluster.py", line 3128, in cassandra.cluster.Session.prepare
  File "cassandra\cluster.py", line 4956, in cassandra.cluster.ResponseFuture.result
cassandra.InvalidRequest: Error from server: code=2200 [Invalid query] message="Undefined column name day in table pldt_audit.api_calls"
Failed to log API call to Cassandra.
Traceback (most recent call last):
  File "C:\temp\bankTradingManagement-master\bankTradingManagement-master\BACKEND\app\app.py", line 261, in cassandra_audit_middleware
    cassandra_service.log_api_call(
  File "C:\temp\bankTradingManagement-master\bankTradingManagement-master\BACKEND\app\cassandra_service.py", line 204, in log_api_call
    self.audit.log_api_call(
  File "C:\temp\bankTradingManagement-master\bankTradingManagement-master\BACKEND\app\CassandraServices\audit.py", line 49, in log_api_call
    self.prepare()
  File "C:\temp\bankTradingManagement-master\bankTradingManagement-master\BACKEND\app\CassandraServices\audit.py", line 27, in prepare
    self._prepared["insert_audit"] = session.prepare(
                                     ^^^^^^^^^^^^^^^^
  File "cassandra\cluster.py", line 3131, in cassandra.cluster.Session.prepare
  File "cassandra\cluster.py", line 3128, in cassandra.cluster.Session.prepare
  File "cassandra\cluster.py", line 4956, in cassandra.cluster.ResponseFuture.result
cassandra.InvalidRequest: Error from server: code=2200 [Invalid query] message="Undefined column name day in table pldt_audit.api_calls"
Failed to log API call to Cassandra.
Traceback (most recent call last):
  File "C:\temp\bankTradingManagement-master\bankTradingManagement-master\BACKEND\app\app.py", line 261, in cassandra_audit_middleware
    cassandra_service.log_api_call(
  File "C:\temp\bankTradingManagement-master\bankTradingManagement-master\BACKEND\app\cassandra_service.py", line 204, in log_api_call
    self.audit.log_api_call(
  File "C:\temp\bankTradingManagement-master\bankTradingManagement-master\BACKEND\app\CassandraServices\audit.py", line 49, in log_api_call
    self.prepare()
  File "C:\temp\bankTradingManagement-master\bankTradingManagement-master\BACKEND\app\CassandraServices\audit.py", line 27, in prepare
    self._prepared["insert_audit"] = session.prepare(
                                     ^^^^^^^^^^^^^^^^
  File "cassandra\cluster.py", line 3131, in cassandra.cluster.Session.prepare
  File "cassandra\cluster.py", line 3128, in cassandra.cluster.Session.prepare
  File "cassandra\cluster.py", line 4956, in cassandra.cluster.ResponseFuture.result
cassandra.InvalidRequest: Error from server: code=2200 [Invalid query] message="Undefined column name day in table pldt_audit.api_calls"
Failed to fetch reports stats from Cassandra
Traceback (most recent call last):
  File "C:\temp\bankTradingManagement-master\bankTradingManagement-master\BACKEND\app\app.py", line 2823, in get_reports_stats
    all_transactions = cassandra_service.list_all_transactions(limit=50000)
                       ^^^^^^^^^^^^^^^^^^^^^^^^^^^^^^^^^^^^^^^^^^^^^^^^^^^^
  File "C:\temp\bankTradingManagement-master\bankTradingManagement-master\BACKEND\app\cassandra_service.py", line 129, in list_all_transactions
    return self.transactions.list_all_transactions(limit)
           ^^^^^^^^^^^^^^^^^^^^^^^^^^^^^^^^^^^^^^^^^^^^^^
  File "C:\temp\bankTradingManagement-master\bankTradingManagement-master\BACKEND\app\CassandraServices\transactions.py", line 313, in list_all_transactions
    rows = session.execute(statement)
           ^^^^^^^^^^^^^^^^^^^^^^^^^^
  File "cassandra\cluster.py", line 2677, in cassandra.cluster.Session.execute
  File "cassandra\cluster.py", line 4956, in cassandra.cluster.ResponseFuture.result
cassandra.InvalidRequest: Error from server: code=2200 [Invalid query] message="Undefined column name event_date in table pldt_rt.tx_by_account_day"
Failed to log API call to Cassandra.
Traceback (most recent call last):
  File "C:\temp\bankTradingManagement-master\bankTradingManagement-master\BACKEND\app\app.py", line 261, in cassandra_audit_middleware
    cassandra_service.log_api_call(
  File "C:\temp\bankTradingManagement-master\bankTradingManagement-master\BACKEND\app\cassandra_service.py", line 204, in log_api_call
    self.audit.log_api_call(
  File "C:\temp\bankTradingManagement-master\bankTradingManagement-master\BACKEND\app\CassandraServices\audit.py", line 49, in log_api_call
    self.prepare()
  File "C:\temp\bankTradingManagement-master\bankTradingManagement-master\BACKEND\app\CassandraServices\audit.py", line 27, in prepare
    self._prepared["insert_audit"] = session.prepare(
                                     ^^^^^^^^^^^^^^^^
  File "cassandra\cluster.py", line 3131, in cassandra.cluster.Session.prepare
  File "cassandra\cluster.py", line 3128, in cassandra.cluster.Session.prepare
  File "cassandra\cluster.py", line 4956, in cassandra.cluster.ResponseFuture.result
cassandra.InvalidRequest: Error from server: code=2200 [Invalid query] message="Undefined column name day in table pldt_audit.api_calls"
Failed to log API call to Cassandra.
Traceback (most recent call last):
  File "C:\temp\bankTradingManagement-master\bankTradingManagement-master\BACKEND\app\app.py", line 261, in cassandra_audit_middleware
    cassandra_service.log_api_call(
  File "C:\temp\bankTradingManagement-master\bankTradingManagement-master\BACKEND\app\cassandra_service.py", line 204, in log_api_call
    self.audit.log_api_call(
  File "C:\temp\bankTradingManagement-master\bankTradingManagement-master\BACKEND\app\CassandraServices\audit.py", line 49, in log_api_call
    self.prepare()
  File "C:\temp\bankTradingManagement-master\bankTradingManagement-master\BACKEND\app\CassandraServices\audit.py", line 27, in prepare
    self._prepared["insert_audit"] = session.prepare(
                                     ^^^^^^^^^^^^^^^^
  File "cassandra\cluster.py", line 3131, in cassandra.cluster.Session.prepare
  File "cassandra\cluster.py", line 3128, in cassandra.cluster.Session.prepare
  File "cassandra\cluster.py", line 4956, in cassandra.cluster.ResponseFuture.result
cassandra.InvalidRequest: Error from server: code=2200 [Invalid query] message="Undefined column name day in table pldt_audit.api_calls"
Failed to log API call to Cassandra.
Traceback (most recent call last):
  File "C:\temp\bankTradingManagement-master\bankTradingManagement-master\BACKEND\app\app.py", line 261, in cassandra_audit_middleware
    cassandra_service.log_api_call(
  File "C:\temp\bankTradingManagement-master\bankTradingManagement-master\BACKEND\app\cassandra_service.py", line 204, in log_api_call
    self.audit.log_api_call(
  File "C:\temp\bankTradingManagement-master\bankTradingManagement-master\BACKEND\app\CassandraServices\audit.py", line 49, in log_api_call
    self.prepare()
  File "C:\temp\bankTradingManagement-master\bankTradingManagement-master\BACKEND\app\CassandraServices\audit.py", line 27, in prepare
    self._prepared["insert_audit"] = session.prepare(
                                     ^^^^^^^^^^^^^^^^
  File "cassandra\cluster.py", line 3131, in cassandra.cluster.Session.prepare
  File "cassandra\cluster.py", line 3128, in cassandra.cluster.Session.prepare
  File "cassandra\cluster.py", line 4956, in cassandra.cluster.ResponseFuture.result
cassandra.InvalidRequest: Error from server: code=2200 [Invalid query] message="Undefined column name day in table pldt_audit.api_calls"
Failed to log API call to Cassandra.
Traceback (most recent call last):
  File "C:\temp\bankTradingManagement-master\bankTradingManagement-master\BACKEND\app\app.py", line 261, in cassandra_audit_middleware
    cassandra_service.log_api_call(
  File "C:\temp\bankTradingManagement-master\bankTradingManagement-master\BACKEND\app\cassandra_service.py", line 204, in log_api_call
    self.audit.log_api_call(
  File "C:\temp\bankTradingManagement-master\bankTradingManagement-master\BACKEND\app\CassandraServices\audit.py", line 49, in log_api_call
    self.prepare()
  File "C:\temp\bankTradingManagement-master\bankTradingManagement-master\BACKEND\app\CassandraServices\audit.py", line 27, in prepare
    self._prepared["insert_audit"] = session.prepare(
                                     ^^^^^^^^^^^^^^^^
  File "cassandra\cluster.py", line 3131, in cassandra.cluster.Session.prepare
  File "cassandra\cluster.py", line 3128, in cassandra.cluster.Session.prepare
  File "cassandra\cluster.py", line 4956, in cassandra.cluster.ResponseFuture.result
cassandra.InvalidRequest: Error from server: code=2200 [Invalid query] message="Undefined column name day in table pldt_audit.api_calls"
Failed to log API call to Cassandra.
Traceback (most recent call last):
  File "C:\temp\bankTradingManagement-master\bankTradingManagement-master\BACKEND\app\app.py", line 261, in cassandra_audit_middleware
    cassandra_service.log_api_call(
  File "C:\temp\bankTradingManagement-master\bankTradingManagement-master\BACKEND\app\cassandra_service.py", line 204, in log_api_call
    self.audit.log_api_call(
  File "C:\temp\bankTradingManagement-master\bankTradingManagement-master\BACKEND\app\CassandraServices\audit.py", line 49, in log_api_call
    self.prepare()
  File "C:\temp\bankTradingManagement-master\bankTradingManagement-master\BACKEND\app\CassandraServices\audit.py", line 27, in prepare
    self._prepared["insert_audit"] = session.prepare(
                                     ^^^^^^^^^^^^^^^^
  File "cassandra\cluster.py", line 3131, in cassandra.cluster.Session.prepare
  File "cassandra\cluster.py", line 3128, in cassandra.cluster.Session.prepare
  File "cassandra\cluster.py", line 4956, in cassandra.cluster.ResponseFuture.result
cassandra.InvalidRequest: Error from server: code=2200 [Invalid query] message="Undefined column name day in table pldt_audit.api_calls"
Failed to log API call to Cassandra.
Traceback (most recent call last):
  File "C:\temp\bankTradingManagement-master\bankTradingManagement-master\BACKEND\app\app.py", line 261, in cassandra_audit_middleware
    cassandra_service.log_api_call(
  File "C:\temp\bankTradingManagement-master\bankTradingManagement-master\BACKEND\app\cassandra_service.py", line 204, in log_api_call
    self.audit.log_api_call(
  File "C:\temp\bankTradingManagement-master\bankTradingManagement-master\BACKEND\app\CassandraServices\audit.py", line 49, in log_api_call
    self.prepare()
  File "C:\temp\bankTradingManagement-master\bankTradingManagement-master\BACKEND\app\CassandraServices\audit.py", line 27, in prepare
    self._prepared["insert_audit"] = session.prepare(
                                     ^^^^^^^^^^^^^^^^
  File "cassandra\cluster.py", line 3131, in cassandra.cluster.Session.prepare
  File "cassandra\cluster.py", line 3128, in cassandra.cluster.Session.prepare
  File "cassandra\cluster.py", line 4956, in cassandra.cluster.ResponseFuture.result
cassandra.InvalidRequest: Error from server: code=2200 [Invalid query] message="Undefined column name day in table pldt_audit.api_calls"
Failed to log API call to Cassandra.
Traceback (most recent call last):
  File "C:\temp\bankTradingManagement-master\bankTradingManagement-master\BACKEND\app\app.py", line 261, in cassandra_audit_middleware
    cassandra_service.log_api_call(
  File "C:\temp\bankTradingManagement-master\bankTradingManagement-master\BACKEND\app\cassandra_service.py", line 204, in log_api_call
    self.audit.log_api_call(
  File "C:\temp\bankTradingManagement-master\bankTradingManagement-master\BACKEND\app\CassandraServices\audit.py", line 49, in log_api_call
    self.prepare()
  File "C:\temp\bankTradingManagement-master\bankTradingManagement-master\BACKEND\app\CassandraServices\audit.py", line 27, in prepare
    self._prepared["insert_audit"] = session.prepare(
                                     ^^^^^^^^^^^^^^^^
  File "cassandra\cluster.py", line 3131, in cassandra.cluster.Session.prepare
  File "cassandra\cluster.py", line 3128, in cassandra.cluster.Session.prepare
  File "cassandra\cluster.py", line 4956, in cassandra.cluster.ResponseFuture.result
cassandra.InvalidRequest: Error from server: code=2200 [Invalid query] message="Undefined column name day in table pldt_audit.api_calls"
Failed to prepare Monthly KPI statements; will retry later.
Traceback (most recent call last):
  File "C:\temp\bankTradingManagement-master\bankTradingManagement-master\BACKEND\app\CassandraServices\monthly_kpis.py", line 43, in prepare
    self._prepared["upsert_kpi_monthly"] = session.prepare(
                                           ^^^^^^^^^^^^^^^^
  File "cassandra\cluster.py", line 3131, in cassandra.cluster.Session.prepare
  File "cassandra\cluster.py", line 3128, in cassandra.cluster.Session.prepare
  File "cassandra\cluster.py", line 4956, in cassandra.cluster.ResponseFuture.result
cassandra.InvalidRequest: Error from server: code=2200 [Invalid query] message="Undefined column name month_yyyymm in table pldt_rt.kpi_monthly"
Failed to get company KPI
Traceback (most recent call last):
  File "C:\temp\bankTradingManagement-master\bankTradingManagement-master\BACKEND\app\app.py", line 2682, in get_company_kpi
    results = cassandra_service.monthly_kpis.list_company_kpis(month_yyyymm)
              ^^^^^^^^^^^^^^^^^^^^^^^^^^^^^^^^^^^^^^^^^^^^^^^^^^^^^^^^^^^^^^
  File "C:\temp\bankTradingManagement-master\bankTradingManagement-master\BACKEND\app\CassandraServices\monthly_kpis.py", line 200, in list_company_kpis
    stmt = self._require_stmt("select_kpi_monthly_all")
           ^^^^^^^^^^^^^^^^^^^^^^^^^^^^^^^^^^^^^^^^^^^^
  File "C:\temp\bankTradingManagement-master\bankTradingManagement-master\BACKEND\app\CassandraServices\monthly_kpis.py", line 146, in _require_stmt
    raise CassandraUnavailable("kpi_monthly tables not configured in Cassandra.")
app.CassandraServices.base.CassandraUnavailable: kpi_monthly tables not configured in Cassandra.
Failed to log API call to Cassandra.
Traceback (most recent call last):
  File "C:\temp\bankTradingManagement-master\bankTradingManagement-master\BACKEND\app\app.py", line 261, in cassandra_audit_middleware
    cassandra_service.log_api_call(
  File "C:\temp\bankTradingManagement-master\bankTradingManagement-master\BACKEND\app\cassandra_service.py", line 204, in log_api_call
    self.audit.log_api_call(
  File "C:\temp\bankTradingManagement-master\bankTradingManagement-master\BACKEND\app\CassandraServices\audit.py", line 49, in log_api_call
    self.prepare()
  File "C:\temp\bankTradingManagement-master\bankTradingManagement-master\BACKEND\app\CassandraServices\audit.py", line 27, in prepare
    self._prepared["insert_audit"] = session.prepare(
                                     ^^^^^^^^^^^^^^^^
  File "cassandra\cluster.py", line 3131, in cassandra.cluster.Session.prepare
  File "cassandra\cluster.py", line 3128, in cassandra.cluster.Session.prepare
  File "cassandra\cluster.py", line 4956, in cassandra.cluster.ResponseFuture.result
cassandra.InvalidRequest: Error from server: code=2200 [Invalid query] message="Undefined column name day in table pldt_audit.api_calls"
Failed to prepare Monthly KPI statements; will retry later.
Traceback (most recent call last):
  File "C:\temp\bankTradingManagement-master\bankTradingManagement-master\BACKEND\app\CassandraServices\monthly_kpis.py", line 43, in prepare
    self._prepared["upsert_kpi_monthly"] = session.prepare(
                                           ^^^^^^^^^^^^^^^^
  File "cassandra\cluster.py", line 3131, in cassandra.cluster.Session.prepare
  File "cassandra\cluster.py", line 3128, in cassandra.cluster.Session.prepare
  File "cassandra\cluster.py", line 4956, in cassandra.cluster.ResponseFuture.result
cassandra.InvalidRequest: Error from server: code=2200 [Invalid query] message="Undefined column name month_yyyymm in table pldt_rt.kpi_monthly"
Failed to get company KPI
Traceback (most recent call last):
  File "C:\temp\bankTradingManagement-master\bankTradingManagement-master\BACKEND\app\app.py", line 2682, in get_company_kpi
    results = cassandra_service.monthly_kpis.list_company_kpis(month_yyyymm)
              ^^^^^^^^^^^^^^^^^^^^^^^^^^^^^^^^^^^^^^^^^^^^^^^^^^^^^^^^^^^^^^
  File "C:\temp\bankTradingManagement-master\bankTradingManagement-master\BACKEND\app\CassandraServices\monthly_kpis.py", line 200, in list_company_kpis
    stmt = self._require_stmt("select_kpi_monthly_all")
           ^^^^^^^^^^^^^^^^^^^^^^^^^^^^^^^^^^^^^^^^^^^^
  File "C:\temp\bankTradingManagement-master\bankTradingManagement-master\BACKEND\app\CassandraServices\monthly_kpis.py", line 146, in _require_stmt
    raise CassandraUnavailable("kpi_monthly tables not configured in Cassandra.")
app.CassandraServices.base.CassandraUnavailable: kpi_monthly tables not configured in Cassandra.
Failed to log API call to Cassandra.
Traceback (most recent call last):
  File "C:\temp\bankTradingManagement-master\bankTradingManagement-master\BACKEND\app\app.py", line 261, in cassandra_audit_middleware
    cassandra_service.log_api_call(
  File "C:\temp\bankTradingManagement-master\bankTradingManagement-master\BACKEND\app\cassandra_service.py", line 204, in log_api_call
    self.audit.log_api_call(
  File "C:\temp\bankTradingManagement-master\bankTradingManagement-master\BACKEND\app\CassandraServices\audit.py", line 49, in log_api_call
    self.prepare()
  File "C:\temp\bankTradingManagement-master\bankTradingManagement-master\BACKEND\app\CassandraServices\audit.py", line 27, in prepare
    self._prepared["insert_audit"] = session.prepare(
                                     ^^^^^^^^^^^^^^^^
  File "cassandra\cluster.py", line 3131, in cassandra.cluster.Session.prepare
  File "cassandra\cluster.py", line 3128, in cassandra.cluster.Session.prepare
  File "cassandra\cluster.py", line 4956, in cassandra.cluster.ResponseFuture.result
cassandra.InvalidRequest: Error from server: code=2200 [Invalid query] message="Undefined column name day in table pldt_audit.api_calls"
Failed to prepare Monthly KPI statements; will retry later.
Traceback (most recent call last):
  File "C:\temp\bankTradingManagement-master\bankTradingManagement-master\BACKEND\app\CassandraServices\monthly_kpis.py", line 43, in prepare
    self._prepared["upsert_kpi_monthly"] = session.prepare(
                                           ^^^^^^^^^^^^^^^^
  File "cassandra\cluster.py", line 3131, in cassandra.cluster.Session.prepare
  File "cassandra\cluster.py", line 3128, in cassandra.cluster.Session.prepare
  File "cassandra\cluster.py", line 4956, in cassandra.cluster.ResponseFuture.result
cassandra.InvalidRequest: Error from server: code=2200 [Invalid query] message="Undefined column name month_yyyymm in table pldt_rt.kpi_monthly"
Failed to get company KPI
Traceback (most recent call last):
  File "C:\temp\bankTradingManagement-master\bankTradingManagement-master\BACKEND\app\app.py", line 2682, in get_company_kpi
    results = cassandra_service.monthly_kpis.list_company_kpis(month_yyyymm)
              ^^^^^^^^^^^^^^^^^^^^^^^^^^^^^^^^^^^^^^^^^^^^^^^^^^^^^^^^^^^^^^
  File "C:\temp\bankTradingManagement-master\bankTradingManagement-master\BACKEND\app\CassandraServices\monthly_kpis.py", line 200, in list_company_kpis
    stmt = self._require_stmt("select_kpi_monthly_all")
           ^^^^^^^^^^^^^^^^^^^^^^^^^^^^^^^^^^^^^^^^^^^^
  File "C:\temp\bankTradingManagement-master\bankTradingManagement-master\BACKEND\app\CassandraServices\monthly_kpis.py", line 146, in _require_stmt
    raise CassandraUnavailable("kpi_monthly tables not configured in Cassandra.")
app.CassandraServices.base.CassandraUnavailable: kpi_monthly tables not configured in Cassandra.
Failed to log API call to Cassandra.
Traceback (most recent call last):
  File "C:\temp\bankTradingManagement-master\bankTradingManagement-master\BACKEND\app\app.py", line 261, in cassandra_audit_middleware
    cassandra_service.log_api_call(
  File "C:\temp\bankTradingManagement-master\bankTradingManagement-master\BACKEND\app\cassandra_service.py", line 204, in log_api_call
    self.audit.log_api_call(
  File "C:\temp\bankTradingManagement-master\bankTradingManagement-master\BACKEND\app\CassandraServices\audit.py", line 49, in log_api_call
    self.prepare()
  File "C:\temp\bankTradingManagement-master\bankTradingManagement-master\BACKEND\app\CassandraServices\audit.py", line 27, in prepare
    self._prepared["insert_audit"] = session.prepare(
                                     ^^^^^^^^^^^^^^^^
  File "cassandra\cluster.py", line 3131, in cassandra.cluster.Session.prepare
  File "cassandra\cluster.py", line 3128, in cassandra.cluster.Session.prepare
  File "cassandra\cluster.py", line 4956, in cassandra.cluster.ResponseFuture.result
cassandra.InvalidRequest: Error from server: code=2200 [Invalid query] message="Undefined column name day in table pldt_audit.api_calls"
Failed to fetch reports stats from Cassandra
Traceback (most recent call last):
  File "C:\temp\bankTradingManagement-master\bankTradingManagement-master\BACKEND\app\app.py", line 2823, in get_reports_stats
    all_transactions = cassandra_service.list_all_transactions(limit=50000)
                       ^^^^^^^^^^^^^^^^^^^^^^^^^^^^^^^^^^^^^^^^^^^^^^^^^^^^
  File "C:\temp\bankTradingManagement-master\bankTradingManagement-master\BACKEND\app\cassandra_service.py", line 129, in list_all_transactions
    return self.transactions.list_all_transactions(limit)
           ^^^^^^^^^^^^^^^^^^^^^^^^^^^^^^^^^^^^^^^^^^^^^^
  File "C:\temp\bankTradingManagement-master\bankTradingManagement-master\BACKEND\app\CassandraServices\transactions.py", line 313, in list_all_transactions
    rows = session.execute(statement)
           ^^^^^^^^^^^^^^^^^^^^^^^^^^
  File "cassandra\cluster.py", line 2677, in cassandra.cluster.Session.execute
  File "cassandra\cluster.py", line 4956, in cassandra.cluster.ResponseFuture.result
cassandra.InvalidRequest: Error from server: code=2200 [Invalid query] message="Undefined column name event_date in table pldt_rt.tx_by_account_day"
Failed to log API call to Cassandra.
Traceback (most recent call last):
  File "C:\temp\bankTradingManagement-master\bankTradingManagement-master\BACKEND\app\app.py", line 261, in cassandra_audit_middleware
    cassandra_service.log_api_call(
  File "C:\temp\bankTradingManagement-master\bankTradingManagement-master\BACKEND\app\cassandra_service.py", line 204, in log_api_call
    self.audit.log_api_call(
  File "C:\temp\bankTradingManagement-master\bankTradingManagement-master\BACKEND\app\CassandraServices\audit.py", line 49, in log_api_call
    self.prepare()
  File "C:\temp\bankTradingManagement-master\bankTradingManagement-master\BACKEND\app\CassandraServices\audit.py", line 27, in prepare
    self._prepared["insert_audit"] = session.prepare(
                                     ^^^^^^^^^^^^^^^^
  File "cassandra\cluster.py", line 3131, in cassandra.cluster.Session.prepare
  File "cassandra\cluster.py", line 3128, in cassandra.cluster.Session.prepare
  File "cassandra\cluster.py", line 4956, in cassandra.cluster.ResponseFuture.result
cassandra.InvalidRequest: Error from server: code=2200 [Invalid query] message="Undefined column name day in table pldt_audit.api_calls"
Failed to log API call to Cassandra.
Traceback (most recent call last):
  File "C:\temp\bankTradingManagement-master\bankTradingManagement-master\BACKEND\app\app.py", line 261, in cassandra_audit_middleware
    cassandra_service.log_api_call(
  File "C:\temp\bankTradingManagement-master\bankTradingManagement-master\BACKEND\app\cassandra_service.py", line 204, in log_api_call
    self.audit.log_api_call(
  File "C:\temp\bankTradingManagement-master\bankTradingManagement-master\BACKEND\app\CassandraServices\audit.py", line 49, in log_api_call
    self.prepare()
  File "C:\temp\bankTradingManagement-master\bankTradingManagement-master\BACKEND\app\CassandraServices\audit.py", line 27, in prepare
    self._prepared["insert_audit"] = session.prepare(
                                     ^^^^^^^^^^^^^^^^
  File "cassandra\cluster.py", line 3131, in cassandra.cluster.Session.prepare
  File "cassandra\cluster.py", line 3128, in cassandra.cluster.Session.prepare
  File "cassandra\cluster.py", line 4956, in cassandra.cluster.ResponseFuture.result
cassandra.InvalidRequest: Error from server: code=2200 [Invalid query] message="Undefined column name day in table pldt_audit.api_calls"
Failed to log API call to Cassandra.
Traceback (most recent call last):
  File "C:\temp\bankTradingManagement-master\bankTradingManagement-master\BACKEND\app\app.py", line 261, in cassandra_audit_middleware
    cassandra_service.log_api_call(
  File "C:\temp\bankTradingManagement-master\bankTradingManagement-master\BACKEND\app\cassandra_service.py", line 204, in log_api_call
    self.audit.log_api_call(
  File "C:\temp\bankTradingManagement-master\bankTradingManagement-master\BACKEND\app\CassandraServices\audit.py", line 49, in log_api_call
    self.prepare()
  File "C:\temp\bankTradingManagement-master\bankTradingManagement-master\BACKEND\app\CassandraServices\audit.py", line 27, in prepare
    self._prepared["insert_audit"] = session.prepare(
                                     ^^^^^^^^^^^^^^^^
  File "cassandra\cluster.py", line 3131, in cassandra.cluster.Session.prepare
  File "cassandra\cluster.py", line 3128, in cassandra.cluster.Session.prepare
  File "cassandra\cluster.py", line 4956, in cassandra.cluster.ResponseFuture.result
cassandra.InvalidRequest: Error from server: code=2200 [Invalid query] message="Undefined column name day in table pldt_audit.api_calls"
Failed to log API call to Cassandra.
Traceback (most recent call last):
  File "C:\temp\bankTradingManagement-master\bankTradingManagement-master\BACKEND\app\app.py", line 261, in cassandra_audit_middleware
    cassandra_service.log_api_call(
  File "C:\temp\bankTradingManagement-master\bankTradingManagement-master\BACKEND\app\cassandra_service.py", line 204, in log_api_call
    self.audit.log_api_call(
  File "C:\temp\bankTradingManagement-master\bankTradingManagement-master\BACKEND\app\CassandraServices\audit.py", line 49, in log_api_call
    self.prepare()
  File "C:\temp\bankTradingManagement-master\bankTradingManagement-master\BACKEND\app\CassandraServices\audit.py", line 27, in prepare
    self._prepared["insert_audit"] = session.prepare(
                                     ^^^^^^^^^^^^^^^^
  File "cassandra\cluster.py", line 3131, in cassandra.cluster.Session.prepare
  File "cassandra\cluster.py", line 3128, in cassandra.cluster.Session.prepare
  File "cassandra\cluster.py", line 4956, in cassandra.cluster.ResponseFuture.result
cassandra.InvalidRequest: Error from server: code=2200 [Invalid query] message="Undefined column name day in table pldt_audit.api_calls"
Failed to prepare Monthly KPI statements; will retry later.
Traceback (most recent call last):
  File "C:\temp\bankTradingManagement-master\bankTradingManagement-master\BACKEND\app\CassandraServices\monthly_kpis.py", line 43, in prepare
    self._prepared["upsert_kpi_monthly"] = session.prepare(
                                           ^^^^^^^^^^^^^^^^
  File "cassandra\cluster.py", line 3131, in cassandra.cluster.Session.prepare
  File "cassandra\cluster.py", line 3128, in cassandra.cluster.Session.prepare
  File "cassandra\cluster.py", line 4956, in cassandra.cluster.ResponseFuture.result
cassandra.InvalidRequest: Error from server: code=2200 [Invalid query] message="Undefined column name month_yyyymm in table pldt_rt.kpi_monthly"
Failed to get company KPI
Traceback (most recent call last):
  File "C:\temp\bankTradingManagement-master\bankTradingManagement-master\BACKEND\app\app.py", line 2682, in get_company_kpi
    results = cassandra_service.monthly_kpis.list_company_kpis(month_yyyymm)
              ^^^^^^^^^^^^^^^^^^^^^^^^^^^^^^^^^^^^^^^^^^^^^^^^^^^^^^^^^^^^^^
  File "C:\temp\bankTradingManagement-master\bankTradingManagement-master\BACKEND\app\CassandraServices\monthly_kpis.py", line 200, in list_company_kpis
    stmt = self._require_stmt("select_kpi_monthly_all")
           ^^^^^^^^^^^^^^^^^^^^^^^^^^^^^^^^^^^^^^^^^^^^
  File "C:\temp\bankTradingManagement-master\bankTradingManagement-master\BACKEND\app\CassandraServices\monthly_kpis.py", line 146, in _require_stmt
    raise CassandraUnavailable("kpi_monthly tables not configured in Cassandra.")
app.CassandraServices.base.CassandraUnavailable: kpi_monthly tables not configured in Cassandra.
Failed to log API call to Cassandra.
Traceback (most recent call last):
  File "C:\temp\bankTradingManagement-master\bankTradingManagement-master\BACKEND\app\app.py", line 261, in cassandra_audit_middleware
    cassandra_service.log_api_call(
  File "C:\temp\bankTradingManagement-master\bankTradingManagement-master\BACKEND\app\cassandra_service.py", line 204, in log_api_call
    self.audit.log_api_call(
  File "C:\temp\bankTradingManagement-master\bankTradingManagement-master\BACKEND\app\CassandraServices\audit.py", line 49, in log_api_call
    self.prepare()
  File "C:\temp\bankTradingManagement-master\bankTradingManagement-master\BACKEND\app\CassandraServices\audit.py", line 27, in prepare
    self._prepared["insert_audit"] = session.prepare(
                                     ^^^^^^^^^^^^^^^^
  File "cassandra\cluster.py", line 3131, in cassandra.cluster.Session.prepare
  File "cassandra\cluster.py", line 3128, in cassandra.cluster.Session.prepare
  File "cassandra\cluster.py", line 4956, in cassandra.cluster.ResponseFuture.result
cassandra.InvalidRequest: Error from server: code=2200 [Invalid query] message="Undefined column name day in table pldt_audit.api_calls"
Failed to log API call to Cassandra.
Traceback (most recent call last):
  File "C:\temp\bankTradingManagement-master\bankTradingManagement-master\BACKEND\app\app.py", line 261, in cassandra_audit_middleware
    cassandra_service.log_api_call(
  File "C:\temp\bankTradingManagement-master\bankTradingManagement-master\BACKEND\app\cassandra_service.py", line 204, in log_api_call
    self.audit.log_api_call(
  File "C:\temp\bankTradingManagement-master\bankTradingManagement-master\BACKEND\app\CassandraServices\audit.py", line 49, in log_api_call
    self.prepare()
  File "C:\temp\bankTradingManagement-master\bankTradingManagement-master\BACKEND\app\CassandraServices\audit.py", line 27, in prepare
    self._prepared["insert_audit"] = session.prepare(
                                     ^^^^^^^^^^^^^^^^
  File "cassandra\cluster.py", line 3131, in cassandra.cluster.Session.prepare
  File "cassandra\cluster.py", line 3128, in cassandra.cluster.Session.prepare
  File "cassandra\cluster.py", line 4956, in cassandra.cluster.ResponseFuture.result
cassandra.InvalidRequest: Error from server: code=2200 [Invalid query] message="Undefined column name day in table pldt_audit.api_calls"
Failed to log API call to Cassandra.
Traceback (most recent call last):
  File "C:\temp\bankTradingManagement-master\bankTradingManagement-master\BACKEND\app\app.py", line 261, in cassandra_audit_middleware
    cassandra_service.log_api_call(
  File "C:\temp\bankTradingManagement-master\bankTradingManagement-master\BACKEND\app\cassandra_service.py", line 204, in log_api_call
    self.audit.log_api_call(
  File "C:\temp\bankTradingManagement-master\bankTradingManagement-master\BACKEND\app\CassandraServices\audit.py", line 49, in log_api_call
    self.prepare()
  File "C:\temp\bankTradingManagement-master\bankTradingManagement-master\BACKEND\app\CassandraServices\audit.py", line 27, in prepare
    self._prepared["insert_audit"] = session.prepare(
                                     ^^^^^^^^^^^^^^^^
  File "cassandra\cluster.py", line 3131, in cassandra.cluster.Session.prepare
  File "cassandra\cluster.py", line 3128, in cassandra.cluster.Session.prepare
  File "cassandra\cluster.py", line 4956, in cassandra.cluster.ResponseFuture.result
cassandra.InvalidRequest: Error from server: code=2200 [Invalid query] message="Undefined column name day in table pldt_audit.api_calls"
Failed to log API call to Cassandra.
Traceback (most recent call last):
  File "C:\temp\bankTradingManagement-master\bankTradingManagement-master\BACKEND\app\app.py", line 261, in cassandra_audit_middleware
    cassandra_service.log_api_call(
  File "C:\temp\bankTradingManagement-master\bankTradingManagement-master\BACKEND\app\cassandra_service.py", line 204, in log_api_call
    self.audit.log_api_call(
  File "C:\temp\bankTradingManagement-master\bankTradingManagement-master\BACKEND\app\CassandraServices\audit.py", line 49, in log_api_call
    self.prepare()
  File "C:\temp\bankTradingManagement-master\bankTradingManagement-master\BACKEND\app\CassandraServices\audit.py", line 27, in prepare
    self._prepared["insert_audit"] = session.prepare(
                                     ^^^^^^^^^^^^^^^^
  File "cassandra\cluster.py", line 3131, in cassandra.cluster.Session.prepare
  File "cassandra\cluster.py", line 3128, in cassandra.cluster.Session.prepare
  File "cassandra\cluster.py", line 4956, in cassandra.cluster.ResponseFuture.result
cassandra.InvalidRequest: Error from server: code=2200 [Invalid query] message="Undefined column name day in table pldt_audit.api_calls"
Failed to log API call to Cassandra.
Traceback (most recent call last):
  File "C:\temp\bankTradingManagement-master\bankTradingManagement-master\BACKEND\app\app.py", line 261, in cassandra_audit_middleware
    cassandra_service.log_api_call(
  File "C:\temp\bankTradingManagement-master\bankTradingManagement-master\BACKEND\app\cassandra_service.py", line 204, in log_api_call
    self.audit.log_api_call(
  File "C:\temp\bankTradingManagement-master\bankTradingManagement-master\BACKEND\app\CassandraServices\audit.py", line 49, in log_api_call
    self.prepare()
  File "C:\temp\bankTradingManagement-master\bankTradingManagement-master\BACKEND\app\CassandraServices\audit.py", line 27, in prepare
    self._prepared["insert_audit"] = session.prepare(
                                     ^^^^^^^^^^^^^^^^
  File "cassandra\cluster.py", line 3131, in cassandra.cluster.Session.prepare
  File "cassandra\cluster.py", line 3128, in cassandra.cluster.Session.prepare
  File "cassandra\cluster.py", line 4956, in cassandra.cluster.ResponseFuture.result
cassandra.InvalidRequest: Error from server: code=2200 [Invalid query] message="Undefined column name day in table pldt_audit.api_calls"
Search customers: query='', search_type='all', cassandra_available=True
Empty query - loading all customers
Failed to load all from Cassandra: Error from server: code=2200 [Invalid query] message="Undefined column name currency in table pldt_rt.accounts_by_id"
Failed to log API call to Cassandra.
Traceback (most recent call last):
  File "C:\temp\bankTradingManagement-master\bankTradingManagement-master\BACKEND\app\app.py", line 261, in cassandra_audit_middleware
    cassandra_service.log_api_call(
  File "C:\temp\bankTradingManagement-master\bankTradingManagement-master\BACKEND\app\cassandra_service.py", line 204, in log_api_call
    self.audit.log_api_call(
  File "C:\temp\bankTradingManagement-master\bankTradingManagement-master\BACKEND\app\CassandraServices\audit.py", line 49, in log_api_call
    self.prepare()
  File "C:\temp\bankTradingManagement-master\bankTradingManagement-master\BACKEND\app\CassandraServices\audit.py", line 27, in prepare
    self._prepared["insert_audit"] = session.prepare(
                                     ^^^^^^^^^^^^^^^^
  File "cassandra\cluster.py", line 3131, in cassandra.cluster.Session.prepare
  File "cassandra\cluster.py", line 3128, in cassandra.cluster.Session.prepare
  File "cassandra\cluster.py", line 4956, in cassandra.cluster.ResponseFuture.result
cassandra.InvalidRequest: Error from server: code=2200 [Invalid query] message="Undefined column name day in table pldt_audit.api_calls"
Failed to fetch reports stats from Cassandra
Traceback (most recent call last):
  File "C:\temp\bankTradingManagement-master\bankTradingManagement-master\BACKEND\app\app.py", line 2823, in get_reports_stats
    all_transactions = cassandra_service.list_all_transactions(limit=50000)
                       ^^^^^^^^^^^^^^^^^^^^^^^^^^^^^^^^^^^^^^^^^^^^^^^^^^^^
  File "C:\temp\bankTradingManagement-master\bankTradingManagement-master\BACKEND\app\cassandra_service.py", line 129, in list_all_transactions
    return self.transactions.list_all_transactions(limit)
           ^^^^^^^^^^^^^^^^^^^^^^^^^^^^^^^^^^^^^^^^^^^^^^
  File "C:\temp\bankTradingManagement-master\bankTradingManagement-master\BACKEND\app\CassandraServices\transactions.py", line 313, in list_all_transactions
    rows = session.execute(statement)
           ^^^^^^^^^^^^^^^^^^^^^^^^^^
  File "cassandra\cluster.py", line 2677, in cassandra.cluster.Session.execute
  File "cassandra\cluster.py", line 4956, in cassandra.cluster.ResponseFuture.result
cassandra.InvalidRequest: Error from server: code=2200 [Invalid query] message="Undefined column name event_date in table pldt_rt.tx_by_account_day"
Failed to log API call to Cassandra.
Traceback (most recent call last):
  File "C:\temp\bankTradingManagement-master\bankTradingManagement-master\BACKEND\app\app.py", line 261, in cassandra_audit_middleware
    cassandra_service.log_api_call(
  File "C:\temp\bankTradingManagement-master\bankTradingManagement-master\BACKEND\app\cassandra_service.py", line 204, in log_api_call
    self.audit.log_api_call(
  File "C:\temp\bankTradingManagement-master\bankTradingManagement-master\BACKEND\app\CassandraServices\audit.py", line 49, in log_api_call
    self.prepare()
  File "C:\temp\bankTradingManagement-master\bankTradingManagement-master\BACKEND\app\CassandraServices\audit.py", line 27, in prepare
    self._prepared["insert_audit"] = session.prepare(
                                     ^^^^^^^^^^^^^^^^
  File "cassandra\cluster.py", line 3131, in cassandra.cluster.Session.prepare
  File "cassandra\cluster.py", line 3128, in cassandra.cluster.Session.prepare
  File "cassandra\cluster.py", line 4956, in cassandra.cluster.ResponseFuture.result
cassandra.InvalidRequest: Error from server: code=2200 [Invalid query] message="Undefined column name day in table pldt_audit.api_calls"
Failed to log API call to Cassandra.
Traceback (most recent call last):
  File "C:\temp\bankTradingManagement-master\bankTradingManagement-master\BACKEND\app\app.py", line 261, in cassandra_audit_middleware
    cassandra_service.log_api_call(
  File "C:\temp\bankTradingManagement-master\bankTradingManagement-master\BACKEND\app\cassandra_service.py", line 204, in log_api_call
    self.audit.log_api_call(
  File "C:\temp\bankTradingManagement-master\bankTradingManagement-master\BACKEND\app\CassandraServices\audit.py", line 49, in log_api_call
    self.prepare()
  File "C:\temp\bankTradingManagement-master\bankTradingManagement-master\BACKEND\app\CassandraServices\audit.py", line 27, in prepare
    self._prepared["insert_audit"] = session.prepare(
                                     ^^^^^^^^^^^^^^^^
  File "cassandra\cluster.py", line 3131, in cassandra.cluster.Session.prepare
  File "cassandra\cluster.py", line 3128, in cassandra.cluster.Session.prepare
  File "cassandra\cluster.py", line 4956, in cassandra.cluster.ResponseFuture.result
cassandra.InvalidRequest: Error from server: code=2200 [Invalid query] message="Undefined column name day in table pldt_audit.api_calls"
Failed to log API call to Cassandra.
Traceback (most recent call last):
  File "C:\temp\bankTradingManagement-master\bankTradingManagement-master\BACKEND\app\app.py", line 261, in cassandra_audit_middleware
    cassandra_service.log_api_call(
  File "C:\temp\bankTradingManagement-master\bankTradingManagement-master\BACKEND\app\cassandra_service.py", line 204, in log_api_call
    self.audit.log_api_call(
  File "C:\temp\bankTradingManagement-master\bankTradingManagement-master\BACKEND\app\CassandraServices\audit.py", line 49, in log_api_call
    self.prepare()
  File "C:\temp\bankTradingManagement-master\bankTradingManagement-master\BACKEND\app\CassandraServices\audit.py", line 27, in prepare
    self._prepared["insert_audit"] = session.prepare(
                                     ^^^^^^^^^^^^^^^^
  File "cassandra\cluster.py", line 3131, in cassandra.cluster.Session.prepare
  File "cassandra\cluster.py", line 3128, in cassandra.cluster.Session.prepare
  File "cassandra\cluster.py", line 4956, in cassandra.cluster.ResponseFuture.result
cassandra.InvalidRequest: Error from server: code=2200 [Invalid query] message="Undefined column name day in table pldt_audit.api_calls"
Failed to log API call to Cassandra.
Traceback (most recent call last):
  File "C:\temp\bankTradingManagement-master\bankTradingManagement-master\BACKEND\app\app.py", line 261, in cassandra_audit_middleware
    cassandra_service.log_api_call(
  File "C:\temp\bankTradingManagement-master\bankTradingManagement-master\BACKEND\app\cassandra_service.py", line 204, in log_api_call
    self.audit.log_api_call(
  File "C:\temp\bankTradingManagement-master\bankTradingManagement-master\BACKEND\app\CassandraServices\audit.py", line 49, in log_api_call
    self.prepare()
  File "C:\temp\bankTradingManagement-master\bankTradingManagement-master\BACKEND\app\CassandraServices\audit.py", line 27, in prepare
    self._prepared["insert_audit"] = session.prepare(
                                     ^^^^^^^^^^^^^^^^
  File "cassandra\cluster.py", line 3131, in cassandra.cluster.Session.prepare
  File "cassandra\cluster.py", line 3128, in cassandra.cluster.Session.prepare
  File "cassandra\cluster.py", line 4956, in cassandra.cluster.ResponseFuture.result
cassandra.InvalidRequest: Error from server: code=2200 [Invalid query] message="Undefined column name day in table pldt_audit.api_calls"
Failed to log API call to Cassandra.
Traceback (most recent call last):
  File "C:\temp\bankTradingManagement-master\bankTradingManagement-master\BACKEND\app\app.py", line 261, in cassandra_audit_middleware
    cassandra_service.log_api_call(
  File "C:\temp\bankTradingManagement-master\bankTradingManagement-master\BACKEND\app\cassandra_service.py", line 204, in log_api_call
    self.audit.log_api_call(
  File "C:\temp\bankTradingManagement-master\bankTradingManagement-master\BACKEND\app\CassandraServices\audit.py", line 49, in log_api_call
    self.prepare()
  File "C:\temp\bankTradingManagement-master\bankTradingManagement-master\BACKEND\app\CassandraServices\audit.py", line 27, in prepare
    self._prepared["insert_audit"] = session.prepare(
                                     ^^^^^^^^^^^^^^^^
  File "cassandra\cluster.py", line 3131, in cassandra.cluster.Session.prepare
  File "cassandra\cluster.py", line 3128, in cassandra.cluster.Session.prepare
  File "cassandra\cluster.py", line 4956, in cassandra.cluster.ResponseFuture.result
cassandra.InvalidRequest: Error from server: code=2200 [Invalid query] message="Undefined column name day in table pldt_audit.api_calls"
Rate limiting not available (slowapi not installed)
Monitoring middleware enabled
HDFS service initialized successfully
======================================================================
Step 1: Auto-starting Docker services...
======================================================================
======================================================================
Step 2: Bootstrapping ML models...
======================================================================
Multi-target model bootstrap complete: {'cash_in_next_day': {'status': 'loaded', 'model_path': 'C:\\temp\\bankTradingManagement-master\\bankTradingManagement-master\\BACKEND\\models\\cash_in_next_day\\m5p_cash_in_next_day.pkl'}, 'cash_out_next_day': {'status': 'loaded', 'model_path': 'C:\\temp\\bankTradingManagement-master\\bankTradingManagement-master\\BACKEND\\models\\cash_out_next_day\\m5p_cash_out_next_day.pkl'}, 'cash_in_h7': {'status': 'loaded', 'model_path': 'C:\\temp\\bankTradingManagement-master\\bankTradingManagement-master\\BACKEND\\models\\cash_in_h7\\m5p_cash_in_h7.pkl'}, 'cash_out_h7': {'status': 'loaded', 'model_path': 'C:\\temp\\bankTradingManagement-master\\bankTradingManagement-master\\BACKEND\\models\\cash_out_h7\\m5p_cash_out_h7.pkl'}, 'cash_in_next_month': {'status': 'loaded', 'model_path': 'C:\\temp\\bankTradingManagement-master\\bankTradingManagement-master\\BACKEND\\models\\cash_in_next_month\\m5p_cash_in_next_month.pkl'}, 'cash_out_next_month': {'status': 'loaded', 'model_path': 'C:\\temp\\bankTradingManagement-master\\bankTradingManagement-master\\BACKEND\\models\\cash_out_next_month\\m5p_cash_out_next_month.pkl'}}
Starting daily aggregation scheduler...
Scheduler started - will run at 0:00 AM daily
P2P Transaction Service initialized
Failed to log API call to Cassandra.
Traceback (most recent call last):
  File "C:\temp\bankTradingManagement-master\bankTradingManagement-master\BACKEND\app\app.py", line 261, in cassandra_audit_middleware
    cassandra_service.log_api_call(
  File "C:\temp\bankTradingManagement-master\bankTradingManagement-master\BACKEND\app\cassandra_service.py", line 204, in log_api_call
    self.audit.log_api_call(
  File "C:\temp\bankTradingManagement-master\bankTradingManagement-master\BACKEND\app\CassandraServices\audit.py", line 49, in log_api_call
    self.prepare()
  File "C:\temp\bankTradingManagement-master\bankTradingManagement-master\BACKEND\app\CassandraServices\audit.py", line 27, in prepare
    self._prepared["insert_audit"] = session.prepare(
                                     ^^^^^^^^^^^^^^^^
  File "cassandra\cluster.py", line 3131, in cassandra.cluster.Session.prepare
  File "cassandra\cluster.py", line 3128, in cassandra.cluster.Session.prepare
  File "cassandra\cluster.py", line 4956, in cassandra.cluster.ResponseFuture.result
cassandra.InvalidRequest: Error from server: code=2200 [Invalid query] message="Undefined column name day in table pldt_audit.api_calls"
Failed to log API call to Cassandra.
Traceback (most recent call last):
  File "C:\temp\bankTradingManagement-master\bankTradingManagement-master\BACKEND\app\app.py", line 261, in cassandra_audit_middleware
    cassandra_service.log_api_call(
  File "C:\temp\bankTradingManagement-master\bankTradingManagement-master\BACKEND\app\cassandra_service.py", line 204, in log_api_call
    self.audit.log_api_call(
  File "C:\temp\bankTradingManagement-master\bankTradingManagement-master\BACKEND\app\CassandraServices\audit.py", line 49, in log_api_call
    self.prepare()
  File "C:\temp\bankTradingManagement-master\bankTradingManagement-master\BACKEND\app\CassandraServices\audit.py", line 27, in prepare
    self._prepared["insert_audit"] = session.prepare(
                                     ^^^^^^^^^^^^^^^^
  File "cassandra\cluster.py", line 3131, in cassandra.cluster.Session.prepare
  File "cassandra\cluster.py", line 3128, in cassandra.cluster.Session.prepare
  File "cassandra\cluster.py", line 4956, in cassandra.cluster.ResponseFuture.result
cassandra.InvalidRequest: Error from server: code=2200 [Invalid query] message="Undefined column name day in table pldt_audit.api_calls"
Failed to fetch dashboard stats from Cassandra
Traceback (most recent call last):
  File "C:\temp\bankTradingManagement-master\bankTradingManagement-master\BACKEND\app\app.py", line 2563, in _get_dashboard_stats_impl
    all_accounts = cassandra_service.list_all_accounts(limit=10000)
                   ^^^^^^^^^^^^^^^^^^^^^^^^^^^^^^^^^^^
AttributeError: 'CassandraService' object has no attribute 'list_all_accounts'
Failed to log API call to Cassandra.
Traceback (most recent call last):
  File "C:\temp\bankTradingManagement-master\bankTradingManagement-master\BACKEND\app\app.py", line 261, in cassandra_audit_middleware
    cassandra_service.log_api_call(
  File "C:\temp\bankTradingManagement-master\bankTradingManagement-master\BACKEND\app\cassandra_service.py", line 204, in log_api_call
    self.audit.log_api_call(
  File "C:\temp\bankTradingManagement-master\bankTradingManagement-master\BACKEND\app\CassandraServices\audit.py", line 49, in log_api_call
    self.prepare()
  File "C:\temp\bankTradingManagement-master\bankTradingManagement-master\BACKEND\app\CassandraServices\audit.py", line 27, in prepare
    self._prepared["insert_audit"] = session.prepare(
                                     ^^^^^^^^^^^^^^^^
  File "cassandra\cluster.py", line 3131, in cassandra.cluster.Session.prepare
  File "cassandra\cluster.py", line 3128, in cassandra.cluster.Session.prepare
  File "cassandra\cluster.py", line 4956, in cassandra.cluster.ResponseFuture.result
cassandra.InvalidRequest: Error from server: code=2200 [Invalid query] message="Undefined column name day in table pldt_audit.api_calls"
Failed to log API call to Cassandra.
Traceback (most recent call last):
  File "C:\temp\bankTradingManagement-master\bankTradingManagement-master\BACKEND\app\app.py", line 261, in cassandra_audit_middleware
    cassandra_service.log_api_call(
  File "C:\temp\bankTradingManagement-master\bankTradingManagement-master\BACKEND\app\cassandra_service.py", line 204, in log_api_call
    self.audit.log_api_call(
  File "C:\temp\bankTradingManagement-master\bankTradingManagement-master\BACKEND\app\CassandraServices\audit.py", line 49, in log_api_call
    self.prepare()
  File "C:\temp\bankTradingManagement-master\bankTradingManagement-master\BACKEND\app\CassandraServices\audit.py", line 27, in prepare
    self._prepared["insert_audit"] = session.prepare(
                                     ^^^^^^^^^^^^^^^^
  File "cassandra\cluster.py", line 3131, in cassandra.cluster.Session.prepare
  File "cassandra\cluster.py", line 3128, in cassandra.cluster.Session.prepare
  File "cassandra\cluster.py", line 4956, in cassandra.cluster.ResponseFuture.result
cassandra.InvalidRequest: Error from server: code=2200 [Invalid query] message="Undefined column name day in table pldt_audit.api_calls"
Search customers: query='', search_type='all', cassandra_available=True
Empty query - loading all customers
Failed to load all from Cassandra: Error from server: code=2200 [Invalid query] message="Undefined column name currency in table pldt_rt.accounts_by_id"
Failed to log API call to Cassandra.
Traceback (most recent call last):
  File "C:\temp\bankTradingManagement-master\bankTradingManagement-master\BACKEND\app\app.py", line 261, in cassandra_audit_middleware
    cassandra_service.log_api_call(
  File "C:\temp\bankTradingManagement-master\bankTradingManagement-master\BACKEND\app\cassandra_service.py", line 204, in log_api_call
    self.audit.log_api_call(
  File "C:\temp\bankTradingManagement-master\bankTradingManagement-master\BACKEND\app\CassandraServices\audit.py", line 49, in log_api_call
    self.prepare()
  File "C:\temp\bankTradingManagement-master\bankTradingManagement-master\BACKEND\app\CassandraServices\audit.py", line 27, in prepare
    self._prepared["insert_audit"] = session.prepare(
                                     ^^^^^^^^^^^^^^^^
  File "cassandra\cluster.py", line 3131, in cassandra.cluster.Session.prepare
  File "cassandra\cluster.py", line 3128, in cassandra.cluster.Session.prepare
  File "cassandra\cluster.py", line 4956, in cassandra.cluster.ResponseFuture.result
cassandra.InvalidRequest: Error from server: code=2200 [Invalid query] message="Undefined column name day in table pldt_audit.api_calls"
Failed to log API call to Cassandra.
Traceback (most recent call last):
  File "C:\temp\bankTradingManagement-master\bankTradingManagement-master\BACKEND\app\app.py", line 261, in cassandra_audit_middleware
    cassandra_service.log_api_call(
  File "C:\temp\bankTradingManagement-master\bankTradingManagement-master\BACKEND\app\cassandra_service.py", line 204, in log_api_call
    self.audit.log_api_call(
  File "C:\temp\bankTradingManagement-master\bankTradingManagement-master\BACKEND\app\CassandraServices\audit.py", line 49, in log_api_call
    self.prepare()
  File "C:\temp\bankTradingManagement-master\bankTradingManagement-master\BACKEND\app\CassandraServices\audit.py", line 27, in prepare
    self._prepared["insert_audit"] = session.prepare(
                                     ^^^^^^^^^^^^^^^^
  File "cassandra\cluster.py", line 3131, in cassandra.cluster.Session.prepare
  File "cassandra\cluster.py", line 3128, in cassandra.cluster.Session.prepare
  File "cassandra\cluster.py", line 4956, in cassandra.cluster.ResponseFuture.result
cassandra.InvalidRequest: Error from server: code=2200 [Invalid query] message="Undefined column name day in table pldt_audit.api_calls"
Failed to check existing national_id in Cassandra
Traceback (most recent call last):
  File "C:\temp\bankTradingManagement-master\bankTradingManagement-master\BACKEND\app\app.py", line 1471, in create_customer
    existing_by_identity = cassandra_service.get_customer_by_identity(national_id)
                           ^^^^^^^^^^^^^^^^^^^^^^^^^^^^^^^^^^^^^^^^^^^^^^^^^^^^^^^
  File "C:\temp\bankTradingManagement-master\bankTradingManagement-master\BACKEND\app\cassandra_service.py", line 226, in get_customer_by_identity
    return self.accounts.get_customer_by_identity(national_id)
           ^^^^^^^^^^^^^^^^^^^^^^^^^^^^^^^^^^^^^^^^^^^^^^^^^^^
  File "C:\temp\bankTradingManagement-master\bankTradingManagement-master\BACKEND\app\CassandraServices\accounts.py", line 400, in get_customer_by_identity
    self.prepare()
  File "C:\temp\bankTradingManagement-master\bankTradingManagement-master\BACKEND\app\CassandraServices\accounts.py", line 33, in prepare
    self._prepared["insert_account_by_id"] = session.prepare(
                                             ^^^^^^^^^^^^^^^^
  File "cassandra\cluster.py", line 3131, in cassandra.cluster.Session.prepare
  File "cassandra\cluster.py", line 3128, in cassandra.cluster.Session.prepare
  File "cassandra\cluster.py", line 4956, in cassandra.cluster.ResponseFuture.result
cassandra.InvalidRequest: Error from server: code=2200 [Invalid query] message="Undefined column name currency in table pldt_rt.accounts_by_id"
Failed to check email in Cassandra: Error from server: code=2200 [Invalid query] message="Undefined column name currency in table pldt_rt.accounts_by_id"
Checking duplicate phone in Cassandra: 0559601038
Failed to check phone in Cassandra: Error from server: code=2200 [Invalid query] message="Undefined column name currency in table pldt_rt.accounts_by_id"
Failed to check existing customer accounts
Traceback (most recent call last):
  File "C:\temp\bankTradingManagement-master\bankTradingManagement-master\BACKEND\app\app.py", line 1008, in create_account
    existing_customer_accounts = cassandra_service.get_accounts_by_customer(payload.customer_id)
                                 ^^^^^^^^^^^^^^^^^^^^^^^^^^^^^^^^^^^^^^^^^^^^^^^^^^^^^^^^^^^^^^^
  File "C:\temp\bankTradingManagement-master\bankTradingManagement-master\BACKEND\app\cassandra_service.py", line 222, in get_accounts_by_customer
    return self.accounts.get_accounts_by_customer(customer_id)
           ^^^^^^^^^^^^^^^^^^^^^^^^^^^^^^^^^^^^^^^^^^^^^^^^^^^
  File "C:\temp\bankTradingManagement-master\bankTradingManagement-master\BACKEND\app\CassandraServices\accounts.py", line 376, in get_accounts_by_customer
    self.prepare()
  File "C:\temp\bankTradingManagement-master\bankTradingManagement-master\BACKEND\app\CassandraServices\accounts.py", line 33, in prepare
    self._prepared["insert_account_by_id"] = session.prepare(
                                             ^^^^^^^^^^^^^^^^
  File "cassandra\cluster.py", line 3131, in cassandra.cluster.Session.prepare
  File "cassandra\cluster.py", line 3128, in cassandra.cluster.Session.prepare
  File "cassandra\cluster.py", line 4956, in cassandra.cluster.ResponseFuture.result
cassandra.InvalidRequest: Error from server: code=2200 [Invalid query] message="Undefined column name currency in table pldt_rt.accounts_by_id"
Failed to create account in Cassandra; using memory store.
Traceback (most recent call last):
  File "C:\temp\bankTradingManagement-master\bankTradingManagement-master\BACKEND\app\app.py", line 1066, in create_account
    result = cassandra_service.create_account(
             ^^^^^^^^^^^^^^^^^^^^^^^^^^^^^^^^^
TypeError: CassandraService.create_account() got an unexpected keyword argument 'account_id'
Failed to log API call to Cassandra.
Traceback (most recent call last):
  File "C:\temp\bankTradingManagement-master\bankTradingManagement-master\BACKEND\app\app.py", line 261, in cassandra_audit_middleware
    cassandra_service.log_api_call(
  File "C:\temp\bankTradingManagement-master\bankTradingManagement-master\BACKEND\app\cassandra_service.py", line 204, in log_api_call
    self.audit.log_api_call(
  File "C:\temp\bankTradingManagement-master\bankTradingManagement-master\BACKEND\app\CassandraServices\audit.py", line 49, in log_api_call
    self.prepare()
  File "C:\temp\bankTradingManagement-master\bankTradingManagement-master\BACKEND\app\CassandraServices\audit.py", line 27, in prepare
    self._prepared["insert_audit"] = session.prepare(
                                     ^^^^^^^^^^^^^^^^
  File "cassandra\cluster.py", line 3131, in cassandra.cluster.Session.prepare
  File "cassandra\cluster.py", line 3128, in cassandra.cluster.Session.prepare
  File "cassandra\cluster.py", line 4956, in cassandra.cluster.ResponseFuture.result
cassandra.InvalidRequest: Error from server: code=2200 [Invalid query] message="Undefined column name day in table pldt_audit.api_calls"
Failed to check existing national_id in Cassandra
Traceback (most recent call last):
  File "C:\temp\bankTradingManagement-master\bankTradingManagement-master\BACKEND\app\app.py", line 1471, in create_customer
    existing_by_identity = cassandra_service.get_customer_by_identity(national_id)
                           ^^^^^^^^^^^^^^^^^^^^^^^^^^^^^^^^^^^^^^^^^^^^^^^^^^^^^^^
  File "C:\temp\bankTradingManagement-master\bankTradingManagement-master\BACKEND\app\cassandra_service.py", line 226, in get_customer_by_identity
    return self.accounts.get_customer_by_identity(national_id)
           ^^^^^^^^^^^^^^^^^^^^^^^^^^^^^^^^^^^^^^^^^^^^^^^^^^^
  File "C:\temp\bankTradingManagement-master\bankTradingManagement-master\BACKEND\app\CassandraServices\accounts.py", line 400, in get_customer_by_identity
    self.prepare()
  File "C:\temp\bankTradingManagement-master\bankTradingManagement-master\BACKEND\app\CassandraServices\accounts.py", line 33, in prepare
    self._prepared["insert_account_by_id"] = session.prepare(
                                             ^^^^^^^^^^^^^^^^
  File "cassandra\cluster.py", line 3131, in cassandra.cluster.Session.prepare
  File "cassandra\cluster.py", line 3128, in cassandra.cluster.Session.prepare
  File "cassandra\cluster.py", line 4956, in cassandra.cluster.ResponseFuture.result
cassandra.InvalidRequest: Error from server: code=2200 [Invalid query] message="Undefined column name currency in table pldt_rt.accounts_by_id"
Failed to check email in Cassandra: Error from server: code=2200 [Invalid query] message="Undefined column name currency in table pldt_rt.accounts_by_id"
Failed to log API call to Cassandra.
Traceback (most recent call last):
  File "C:\temp\bankTradingManagement-master\bankTradingManagement-master\BACKEND\app\app.py", line 261, in cassandra_audit_middleware
    cassandra_service.log_api_call(
  File "C:\temp\bankTradingManagement-master\bankTradingManagement-master\BACKEND\app\cassandra_service.py", line 204, in log_api_call
    self.audit.log_api_call(
  File "C:\temp\bankTradingManagement-master\bankTradingManagement-master\BACKEND\app\CassandraServices\audit.py", line 49, in log_api_call
    self.prepare()
  File "C:\temp\bankTradingManagement-master\bankTradingManagement-master\BACKEND\app\CassandraServices\audit.py", line 27, in prepare
    self._prepared["insert_audit"] = session.prepare(
                                     ^^^^^^^^^^^^^^^^
  File "cassandra\cluster.py", line 3131, in cassandra.cluster.Session.prepare
  File "cassandra\cluster.py", line 3128, in cassandra.cluster.Session.prepare
  File "cassandra\cluster.py", line 4956, in cassandra.cluster.ResponseFuture.result
cassandra.InvalidRequest: Error from server: code=2200 [Invalid query] message="Undefined column name day in table pldt_audit.api_calls"
Search customers: query='', search_type='all', cassandra_available=True
Empty query - loading all customers
Failed to load all from Cassandra: Error from server: code=2200 [Invalid query] message="Undefined column name currency in table pldt_rt.accounts_by_id"
Failed to log API call to Cassandra.
Traceback (most recent call last):
  File "C:\temp\bankTradingManagement-master\bankTradingManagement-master\BACKEND\app\app.py", line 261, in cassandra_audit_middleware
    cassandra_service.log_api_call(
  File "C:\temp\bankTradingManagement-master\bankTradingManagement-master\BACKEND\app\cassandra_service.py", line 204, in log_api_call
    self.audit.log_api_call(
  File "C:\temp\bankTradingManagement-master\bankTradingManagement-master\BACKEND\app\CassandraServices\audit.py", line 49, in log_api_call
    self.prepare()
  File "C:\temp\bankTradingManagement-master\bankTradingManagement-master\BACKEND\app\CassandraServices\audit.py", line 27, in prepare
    self._prepared["insert_audit"] = session.prepare(
                                     ^^^^^^^^^^^^^^^^
  File "cassandra\cluster.py", line 3131, in cassandra.cluster.Session.prepare
  File "cassandra\cluster.py", line 3128, in cassandra.cluster.Session.prepare
  File "cassandra\cluster.py", line 4956, in cassandra.cluster.ResponseFuture.result
cassandra.InvalidRequest: Error from server: code=2200 [Invalid query] message="Undefined column name day in table pldt_audit.api_calls"
Failed to log API call to Cassandra.
Traceback (most recent call last):
  File "C:\temp\bankTradingManagement-master\bankTradingManagement-master\BACKEND\app\app.py", line 261, in cassandra_audit_middleware
    cassandra_service.log_api_call(
  File "C:\temp\bankTradingManagement-master\bankTradingManagement-master\BACKEND\app\cassandra_service.py", line 204, in log_api_call
    self.audit.log_api_call(
  File "C:\temp\bankTradingManagement-master\bankTradingManagement-master\BACKEND\app\CassandraServices\audit.py", line 49, in log_api_call
    self.prepare()
  File "C:\temp\bankTradingManagement-master\bankTradingManagement-master\BACKEND\app\CassandraServices\audit.py", line 27, in prepare
    self._prepared["insert_audit"] = session.prepare(
                                     ^^^^^^^^^^^^^^^^
  File "cassandra\cluster.py", line 3131, in cassandra.cluster.Session.prepare
  File "cassandra\cluster.py", line 3128, in cassandra.cluster.Session.prepare
  File "cassandra\cluster.py", line 4956, in cassandra.cluster.ResponseFuture.result
cassandra.InvalidRequest: Error from server: code=2200 [Invalid query] message="Undefined column name day in table pldt_audit.api_calls"
Failed to get balance from Cassandra; using memory store.
Traceback (most recent call last):
  File "C:\temp\bankTradingManagement-master\bankTradingManagement-master\BACKEND\app\app.py", line 1663, in _get_account_balance_impl
    balance = cassandra_service.get_account_balance(account_id)
              ^^^^^^^^^^^^^^^^^^^^^^^^^^^^^^^^^^^^^^^^^^^^^^^^^
  File "C:\temp\bankTradingManagement-master\bankTradingManagement-master\BACKEND\app\cassandra_service.py", line 230, in get_account_balance
    return self.accounts.get_balance(account_id)
           ^^^^^^^^^^^^^^^^^^^^^^^^^^^^^^^^^^^^^
  File "C:\temp\bankTradingManagement-master\bankTradingManagement-master\BACKEND\app\CassandraServices\accounts.py", line 573, in get_balance
    self._prepare_balance_statements(session)
  File "C:\temp\bankTradingManagement-master\bankTradingManagement-master\BACKEND\app\CassandraServices\accounts.py", line 645, in _prepare_balance_statements
    self._prepared["select_balance"] = session.prepare(
                                       ^^^^^^^^^^^^^^^^
  File "cassandra\cluster.py", line 3131, in cassandra.cluster.Session.prepare
  File "cassandra\cluster.py", line 3128, in cassandra.cluster.Session.prepare
  File "cassandra\cluster.py", line 4956, in cassandra.cluster.ResponseFuture.result
cassandra.InvalidRequest: Error from server: code=2200 [Invalid query] message="Undefined column name updated_at in table pldt_rt.account_balances"
Failed to log API call to Cassandra.
Traceback (most recent call last):
  File "C:\temp\bankTradingManagement-master\bankTradingManagement-master\BACKEND\app\app.py", line 261, in cassandra_audit_middleware
    cassandra_service.log_api_call(
  File "C:\temp\bankTradingManagement-master\bankTradingManagement-master\BACKEND\app\cassandra_service.py", line 204, in log_api_call
    self.audit.log_api_call(
  File "C:\temp\bankTradingManagement-master\bankTradingManagement-master\BACKEND\app\CassandraServices\audit.py", line 49, in log_api_call
    self.prepare()
  File "C:\temp\bankTradingManagement-master\bankTradingManagement-master\BACKEND\app\CassandraServices\audit.py", line 27, in prepare
    self._prepared["insert_audit"] = session.prepare(
                                     ^^^^^^^^^^^^^^^^
  File "cassandra\cluster.py", line 3131, in cassandra.cluster.Session.prepare
  File "cassandra\cluster.py", line 3128, in cassandra.cluster.Session.prepare
  File "cassandra\cluster.py", line 4956, in cassandra.cluster.ResponseFuture.result
cassandra.InvalidRequest: Error from server: code=2200 [Invalid query] message="Undefined column name day in table pldt_audit.api_calls"
Failed to check existing national_id in Cassandra
Traceback (most recent call last):
  File "C:\temp\bankTradingManagement-master\bankTradingManagement-master\BACKEND\app\app.py", line 1471, in create_customer
    existing_by_identity = cassandra_service.get_customer_by_identity(national_id)
                           ^^^^^^^^^^^^^^^^^^^^^^^^^^^^^^^^^^^^^^^^^^^^^^^^^^^^^^^
  File "C:\temp\bankTradingManagement-master\bankTradingManagement-master\BACKEND\app\cassandra_service.py", line 226, in get_customer_by_identity
    return self.accounts.get_customer_by_identity(national_id)
           ^^^^^^^^^^^^^^^^^^^^^^^^^^^^^^^^^^^^^^^^^^^^^^^^^^^
  File "C:\temp\bankTradingManagement-master\bankTradingManagement-master\BACKEND\app\CassandraServices\accounts.py", line 400, in get_customer_by_identity
    self.prepare()
  File "C:\temp\bankTradingManagement-master\bankTradingManagement-master\BACKEND\app\CassandraServices\accounts.py", line 33, in prepare
    self._prepared["insert_account_by_id"] = session.prepare(
                                             ^^^^^^^^^^^^^^^^
  File "cassandra\cluster.py", line 3131, in cassandra.cluster.Session.prepare
  File "cassandra\cluster.py", line 3128, in cassandra.cluster.Session.prepare
  File "cassandra\cluster.py", line 4956, in cassandra.cluster.ResponseFuture.result
cassandra.InvalidRequest: Error from server: code=2200 [Invalid query] message="Undefined column name currency in table pldt_rt.accounts_by_id"
Failed to check email in Cassandra: Error from server: code=2200 [Invalid query] message="Undefined column name currency in table pldt_rt.accounts_by_id"
Checking duplicate phone in Cassandra: 123123123
Failed to check phone in Cassandra: Error from server: code=2200 [Invalid query] message="Undefined column name currency in table pldt_rt.accounts_by_id"
Failed to check existing customer accounts
Traceback (most recent call last):
  File "C:\temp\bankTradingManagement-master\bankTradingManagement-master\BACKEND\app\app.py", line 1008, in create_account
    existing_customer_accounts = cassandra_service.get_accounts_by_customer(payload.customer_id)
                                 ^^^^^^^^^^^^^^^^^^^^^^^^^^^^^^^^^^^^^^^^^^^^^^^^^^^^^^^^^^^^^^^
  File "C:\temp\bankTradingManagement-master\bankTradingManagement-master\BACKEND\app\cassandra_service.py", line 222, in get_accounts_by_customer
    return self.accounts.get_accounts_by_customer(customer_id)
           ^^^^^^^^^^^^^^^^^^^^^^^^^^^^^^^^^^^^^^^^^^^^^^^^^^^
  File "C:\temp\bankTradingManagement-master\bankTradingManagement-master\BACKEND\app\CassandraServices\accounts.py", line 376, in get_accounts_by_customer
    self.prepare()
  File "C:\temp\bankTradingManagement-master\bankTradingManagement-master\BACKEND\app\CassandraServices\accounts.py", line 33, in prepare
    self._prepared["insert_account_by_id"] = session.prepare(
                                             ^^^^^^^^^^^^^^^^
  File "cassandra\cluster.py", line 3131, in cassandra.cluster.Session.prepare
  File "cassandra\cluster.py", line 3128, in cassandra.cluster.Session.prepare
  File "cassandra\cluster.py", line 4956, in cassandra.cluster.ResponseFuture.result
cassandra.InvalidRequest: Error from server: code=2200 [Invalid query] message="Undefined column name currency in table pldt_rt.accounts_by_id"
Failed to create account in Cassandra; using memory store.
Traceback (most recent call last):
  File "C:\temp\bankTradingManagement-master\bankTradingManagement-master\BACKEND\app\app.py", line 1066, in create_account
    result = cassandra_service.create_account(
             ^^^^^^^^^^^^^^^^^^^^^^^^^^^^^^^^^
TypeError: CassandraService.create_account() got an unexpected keyword argument 'account_id'
Failed to log API call to Cassandra.
Traceback (most recent call last):
  File "C:\temp\bankTradingManagement-master\bankTradingManagement-master\BACKEND\app\app.py", line 261, in cassandra_audit_middleware
    cassandra_service.log_api_call(
  File "C:\temp\bankTradingManagement-master\bankTradingManagement-master\BACKEND\app\cassandra_service.py", line 204, in log_api_call
    self.audit.log_api_call(
  File "C:\temp\bankTradingManagement-master\bankTradingManagement-master\BACKEND\app\CassandraServices\audit.py", line 49, in log_api_call
    self.prepare()
  File "C:\temp\bankTradingManagement-master\bankTradingManagement-master\BACKEND\app\CassandraServices\audit.py", line 27, in prepare
    self._prepared["insert_audit"] = session.prepare(
                                     ^^^^^^^^^^^^^^^^
  File "cassandra\cluster.py", line 3131, in cassandra.cluster.Session.prepare
  File "cassandra\cluster.py", line 3128, in cassandra.cluster.Session.prepare
  File "cassandra\cluster.py", line 4956, in cassandra.cluster.ResponseFuture.result
cassandra.InvalidRequest: Error from server: code=2200 [Invalid query] message="Undefined column name day in table pldt_audit.api_calls"
Search customers: query='', search_type='all', cassandra_available=True
Empty query - loading all customers
Failed to load all from Cassandra: Error from server: code=2200 [Invalid query] message="Undefined column name currency in table pldt_rt.accounts_by_id"
Failed to log API call to Cassandra.
Traceback (most recent call last):
  File "C:\temp\bankTradingManagement-master\bankTradingManagement-master\BACKEND\app\app.py", line 261, in cassandra_audit_middleware
    cassandra_service.log_api_call(
  File "C:\temp\bankTradingManagement-master\bankTradingManagement-master\BACKEND\app\cassandra_service.py", line 204, in log_api_call
    self.audit.log_api_call(
  File "C:\temp\bankTradingManagement-master\bankTradingManagement-master\BACKEND\app\CassandraServices\audit.py", line 49, in log_api_call
    self.prepare()
  File "C:\temp\bankTradingManagement-master\bankTradingManagement-master\BACKEND\app\CassandraServices\audit.py", line 27, in prepare
    self._prepared["insert_audit"] = session.prepare(
                                     ^^^^^^^^^^^^^^^^
  File "cassandra\cluster.py", line 3131, in cassandra.cluster.Session.prepare
  File "cassandra\cluster.py", line 3128, in cassandra.cluster.Session.prepare
  File "cassandra\cluster.py", line 4956, in cassandra.cluster.ResponseFuture.result
cassandra.InvalidRequest: Error from server: code=2200 [Invalid query] message="Undefined column name day in table pldt_audit.api_calls"
Failed to log API call to Cassandra.
Traceback (most recent call last):
  File "C:\temp\bankTradingManagement-master\bankTradingManagement-master\BACKEND\app\app.py", line 261, in cassandra_audit_middleware
    cassandra_service.log_api_call(
  File "C:\temp\bankTradingManagement-master\bankTradingManagement-master\BACKEND\app\cassandra_service.py", line 204, in log_api_call
    self.audit.log_api_call(
  File "C:\temp\bankTradingManagement-master\bankTradingManagement-master\BACKEND\app\CassandraServices\audit.py", line 49, in log_api_call
    self.prepare()
  File "C:\temp\bankTradingManagement-master\bankTradingManagement-master\BACKEND\app\CassandraServices\audit.py", line 27, in prepare
    self._prepared["insert_audit"] = session.prepare(
                                     ^^^^^^^^^^^^^^^^
  File "cassandra\cluster.py", line 3131, in cassandra.cluster.Session.prepare
  File "cassandra\cluster.py", line 3128, in cassandra.cluster.Session.prepare
  File "cassandra\cluster.py", line 4956, in cassandra.cluster.ResponseFuture.result
cassandra.InvalidRequest: Error from server: code=2200 [Invalid query] message="Undefined column name day in table pldt_audit.api_calls"
Failed to get balance from Cassandra; using memory store.
Traceback (most recent call last):
  File "C:\temp\bankTradingManagement-master\bankTradingManagement-master\BACKEND\app\app.py", line 1663, in _get_account_balance_impl
    balance = cassandra_service.get_account_balance(account_id)
              ^^^^^^^^^^^^^^^^^^^^^^^^^^^^^^^^^^^^^^^^^^^^^^^^^
  File "C:\temp\bankTradingManagement-master\bankTradingManagement-master\BACKEND\app\cassandra_service.py", line 230, in get_account_balance
    return self.accounts.get_balance(account_id)
           ^^^^^^^^^^^^^^^^^^^^^^^^^^^^^^^^^^^^^
  File "C:\temp\bankTradingManagement-master\bankTradingManagement-master\BACKEND\app\CassandraServices\accounts.py", line 573, in get_balance
    self._prepare_balance_statements(session)
  File "C:\temp\bankTradingManagement-master\bankTradingManagement-master\BACKEND\app\CassandraServices\accounts.py", line 645, in _prepare_balance_statements
    self._prepared["select_balance"] = session.prepare(
                                       ^^^^^^^^^^^^^^^^
  File "cassandra\cluster.py", line 3131, in cassandra.cluster.Session.prepare
  File "cassandra\cluster.py", line 3128, in cassandra.cluster.Session.prepare
  File "cassandra\cluster.py", line 4956, in cassandra.cluster.ResponseFuture.result
cassandra.InvalidRequest: Error from server: code=2200 [Invalid query] message="Undefined column name updated_at in table pldt_rt.account_balances"
Failed to log API call to Cassandra.
Traceback (most recent call last):
  File "C:\temp\bankTradingManagement-master\bankTradingManagement-master\BACKEND\app\app.py", line 261, in cassandra_audit_middleware
    cassandra_service.log_api_call(
  File "C:\temp\bankTradingManagement-master\bankTradingManagement-master\BACKEND\app\cassandra_service.py", line 204, in log_api_call
    self.audit.log_api_call(
  File "C:\temp\bankTradingManagement-master\bankTradingManagement-master\BACKEND\app\CassandraServices\audit.py", line 49, in log_api_call
    self.prepare()
  File "C:\temp\bankTradingManagement-master\bankTradingManagement-master\BACKEND\app\CassandraServices\audit.py", line 27, in prepare
    self._prepared["insert_audit"] = session.prepare(
                                     ^^^^^^^^^^^^^^^^
  File "cassandra\cluster.py", line 3131, in cassandra.cluster.Session.prepare
  File "cassandra\cluster.py", line 3128, in cassandra.cluster.Session.prepare
  File "cassandra\cluster.py", line 4956, in cassandra.cluster.ResponseFuture.result
cassandra.InvalidRequest: Error from server: code=2200 [Invalid query] message="Undefined column name day in table pldt_audit.api_calls"
Failed to log API call to Cassandra.
Traceback (most recent call last):
  File "C:\temp\bankTradingManagement-master\bankTradingManagement-master\BACKEND\app\app.py", line 261, in cassandra_audit_middleware
    cassandra_service.log_api_call(
  File "C:\temp\bankTradingManagement-master\bankTradingManagement-master\BACKEND\app\cassandra_service.py", line 204, in log_api_call
    self.audit.log_api_call(
  File "C:\temp\bankTradingManagement-master\bankTradingManagement-master\BACKEND\app\CassandraServices\audit.py", line 49, in log_api_call
    self.prepare()
  File "C:\temp\bankTradingManagement-master\bankTradingManagement-master\BACKEND\app\CassandraServices\audit.py", line 27, in prepare
    self._prepared["insert_audit"] = session.prepare(
                                     ^^^^^^^^^^^^^^^^
  File "cassandra\cluster.py", line 3131, in cassandra.cluster.Session.prepare
  File "cassandra\cluster.py", line 3128, in cassandra.cluster.Session.prepare
  File "cassandra\cluster.py", line 4956, in cassandra.cluster.ResponseFuture.result
cassandra.InvalidRequest: Error from server: code=2200 [Invalid query] message="Undefined column name day in table pldt_audit.api_calls"
Failed to log API call to Cassandra.
Traceback (most recent call last):
  File "C:\temp\bankTradingManagement-master\bankTradingManagement-master\BACKEND\app\app.py", line 261, in cassandra_audit_middleware
    cassandra_service.log_api_call(
  File "C:\temp\bankTradingManagement-master\bankTradingManagement-master\BACKEND\app\cassandra_service.py", line 204, in log_api_call
    self.audit.log_api_call(
  File "C:\temp\bankTradingManagement-master\bankTradingManagement-master\BACKEND\app\CassandraServices\audit.py", line 49, in log_api_call
    self.prepare()
  File "C:\temp\bankTradingManagement-master\bankTradingManagement-master\BACKEND\app\CassandraServices\audit.py", line 27, in prepare
    self._prepared["insert_audit"] = session.prepare(
                                     ^^^^^^^^^^^^^^^^
  File "cassandra\cluster.py", line 3131, in cassandra.cluster.Session.prepare
  File "cassandra\cluster.py", line 3128, in cassandra.cluster.Session.prepare
  File "cassandra\cluster.py", line 4956, in cassandra.cluster.ResponseFuture.result
cassandra.InvalidRequest: Error from server: code=2200 [Invalid query] message="Undefined column name day in table pldt_audit.api_calls"
Rate limiting not available (slowapi not installed)
Monitoring middleware enabled
HDFS service initialized successfully
======================================================================
Step 1: Auto-starting Docker services...
======================================================================
======================================================================
Step 2: Bootstrapping ML models...
======================================================================
Multi-target model bootstrap complete: {'cash_in_next_day': {'status': 'loaded', 'model_path': 'C:\\temp\\bankTradingManagement-master\\bankTradingManagement-master\\BACKEND\\models\\cash_in_next_day\\m5p_cash_in_next_day.pkl'}, 'cash_out_next_day': {'status': 'loaded', 'model_path': 'C:\\temp\\bankTradingManagement-master\\bankTradingManagement-master\\BACKEND\\models\\cash_out_next_day\\m5p_cash_out_next_day.pkl'}, 'cash_in_h7': {'status': 'loaded', 'model_path': 'C:\\temp\\bankTradingManagement-master\\bankTradingManagement-master\\BACKEND\\models\\cash_in_h7\\m5p_cash_in_h7.pkl'}, 'cash_out_h7': {'status': 'loaded', 'model_path': 'C:\\temp\\bankTradingManagement-master\\bankTradingManagement-master\\BACKEND\\models\\cash_out_h7\\m5p_cash_out_h7.pkl'}, 'cash_in_next_month': {'status': 'loaded', 'model_path': 'C:\\temp\\bankTradingManagement-master\\bankTradingManagement-master\\BACKEND\\models\\cash_in_next_month\\m5p_cash_in_next_month.pkl'}, 'cash_out_next_month': {'status': 'loaded', 'model_path': 'C:\\temp\\bankTradingManagement-master\\bankTradingManagement-master\\BACKEND\\models\\cash_out_next_month\\m5p_cash_out_next_month.pkl'}}
Starting daily aggregation scheduler...
Scheduler started - will run at 0:00 AM daily
P2P Transaction Service initialized
Failed to fetch dashboard stats from Cassandra
Traceback (most recent call last):
  File "C:\temp\bankTradingManagement-master\bankTradingManagement-master\BACKEND\app\app.py", line 2563, in _get_dashboard_stats_impl
    all_accounts = cassandra_service.list_all_accounts(limit=10000)
                   ^^^^^^^^^^^^^^^^^^^^^^^^^^^^^^^^^^^
AttributeError: 'CassandraService' object has no attribute 'list_all_accounts'
Failed to log API call to Cassandra.
Traceback (most recent call last):
  File "C:\temp\bankTradingManagement-master\bankTradingManagement-master\BACKEND\app\app.py", line 261, in cassandra_audit_middleware
    cassandra_service.log_api_call(
  File "C:\temp\bankTradingManagement-master\bankTradingManagement-master\BACKEND\app\cassandra_service.py", line 204, in log_api_call
    self.audit.log_api_call(
  File "C:\temp\bankTradingManagement-master\bankTradingManagement-master\BACKEND\app\CassandraServices\audit.py", line 49, in log_api_call
    self.prepare()
  File "C:\temp\bankTradingManagement-master\bankTradingManagement-master\BACKEND\app\CassandraServices\audit.py", line 27, in prepare
    self._prepared["insert_audit"] = session.prepare(
                                     ^^^^^^^^^^^^^^^^
  File "cassandra\cluster.py", line 3131, in cassandra.cluster.Session.prepare
  File "cassandra\cluster.py", line 3128, in cassandra.cluster.Session.prepare
  File "cassandra\cluster.py", line 4956, in cassandra.cluster.ResponseFuture.result
cassandra.InvalidRequest: Error from server: code=2200 [Invalid query] message="Undefined column name day in table pldt_audit.api_calls"
Failed to log API call to Cassandra.
Traceback (most recent call last):
  File "C:\temp\bankTradingManagement-master\bankTradingManagement-master\BACKEND\app\app.py", line 261, in cassandra_audit_middleware
    cassandra_service.log_api_call(
  File "C:\temp\bankTradingManagement-master\bankTradingManagement-master\BACKEND\app\cassandra_service.py", line 204, in log_api_call
    self.audit.log_api_call(
  File "C:\temp\bankTradingManagement-master\bankTradingManagement-master\BACKEND\app\CassandraServices\audit.py", line 49, in log_api_call
    self.prepare()
  File "C:\temp\bankTradingManagement-master\bankTradingManagement-master\BACKEND\app\CassandraServices\audit.py", line 27, in prepare
    self._prepared["insert_audit"] = session.prepare(
                                     ^^^^^^^^^^^^^^^^
  File "cassandra\cluster.py", line 3131, in cassandra.cluster.Session.prepare
  File "cassandra\cluster.py", line 3128, in cassandra.cluster.Session.prepare
  File "cassandra\cluster.py", line 4956, in cassandra.cluster.ResponseFuture.result
cassandra.InvalidRequest: Error from server: code=2200 [Invalid query] message="Undefined column name day in table pldt_audit.api_calls"
Failed to log API call to Cassandra.
Traceback (most recent call last):
  File "C:\temp\bankTradingManagement-master\bankTradingManagement-master\BACKEND\app\app.py", line 261, in cassandra_audit_middleware
    cassandra_service.log_api_call(
  File "C:\temp\bankTradingManagement-master\bankTradingManagement-master\BACKEND\app\cassandra_service.py", line 204, in log_api_call
    self.audit.log_api_call(
  File "C:\temp\bankTradingManagement-master\bankTradingManagement-master\BACKEND\app\CassandraServices\audit.py", line 49, in log_api_call
    self.prepare()
  File "C:\temp\bankTradingManagement-master\bankTradingManagement-master\BACKEND\app\CassandraServices\audit.py", line 27, in prepare
    self._prepared["insert_audit"] = session.prepare(
                                     ^^^^^^^^^^^^^^^^
  File "cassandra\cluster.py", line 3131, in cassandra.cluster.Session.prepare
  File "cassandra\cluster.py", line 3128, in cassandra.cluster.Session.prepare
  File "cassandra\cluster.py", line 4956, in cassandra.cluster.ResponseFuture.result
cassandra.InvalidRequest: Error from server: code=2200 [Invalid query] message="Undefined column name day in table pldt_audit.api_calls"
Failed to log API call to Cassandra.
Traceback (most recent call last):
  File "C:\temp\bankTradingManagement-master\bankTradingManagement-master\BACKEND\app\app.py", line 261, in cassandra_audit_middleware
    cassandra_service.log_api_call(
  File "C:\temp\bankTradingManagement-master\bankTradingManagement-master\BACKEND\app\cassandra_service.py", line 204, in log_api_call
    self.audit.log_api_call(
  File "C:\temp\bankTradingManagement-master\bankTradingManagement-master\BACKEND\app\CassandraServices\audit.py", line 49, in log_api_call
    self.prepare()
  File "C:\temp\bankTradingManagement-master\bankTradingManagement-master\BACKEND\app\CassandraServices\audit.py", line 27, in prepare
    self._prepared["insert_audit"] = session.prepare(
                                     ^^^^^^^^^^^^^^^^
  File "cassandra\cluster.py", line 3131, in cassandra.cluster.Session.prepare
  File "cassandra\cluster.py", line 3128, in cassandra.cluster.Session.prepare
  File "cassandra\cluster.py", line 4956, in cassandra.cluster.ResponseFuture.result
cassandra.InvalidRequest: Error from server: code=2200 [Invalid query] message="Undefined column name day in table pldt_audit.api_calls"
Search customers: query='', search_type='all', cassandra_available=True
Empty query - loading all customers
Failed to load all from Cassandra: Error from server: code=2200 [Invalid query] message="Undefined column name currency in table pldt_rt.accounts_by_id"
Failed to log API call to Cassandra.
Traceback (most recent call last):
  File "C:\temp\bankTradingManagement-master\bankTradingManagement-master\BACKEND\app\app.py", line 261, in cassandra_audit_middleware
    cassandra_service.log_api_call(
  File "C:\temp\bankTradingManagement-master\bankTradingManagement-master\BACKEND\app\cassandra_service.py", line 204, in log_api_call
    self.audit.log_api_call(
  File "C:\temp\bankTradingManagement-master\bankTradingManagement-master\BACKEND\app\CassandraServices\audit.py", line 49, in log_api_call
    self.prepare()
  File "C:\temp\bankTradingManagement-master\bankTradingManagement-master\BACKEND\app\CassandraServices\audit.py", line 27, in prepare
    self._prepared["insert_audit"] = session.prepare(
                                     ^^^^^^^^^^^^^^^^
  File "cassandra\cluster.py", line 3131, in cassandra.cluster.Session.prepare
  File "cassandra\cluster.py", line 3128, in cassandra.cluster.Session.prepare
  File "cassandra\cluster.py", line 4956, in cassandra.cluster.ResponseFuture.result
cassandra.InvalidRequest: Error from server: code=2200 [Invalid query] message="Undefined column name day in table pldt_audit.api_calls"
Rate limiting not available (slowapi not installed)
Monitoring middleware enabled
HDFS service initialized successfully
======================================================================
Step 1: Auto-starting Docker services...
======================================================================
======================================================================
Step 2: Bootstrapping ML models...
======================================================================
Multi-target model bootstrap complete: {'cash_in_next_day': {'status': 'loaded', 'model_path': 'C:\\temp\\bankTradingManagement-master\\bankTradingManagement-master\\BACKEND\\models\\cash_in_next_day\\m5p_cash_in_next_day.pkl'}, 'cash_out_next_day': {'status': 'loaded', 'model_path': 'C:\\temp\\bankTradingManagement-master\\bankTradingManagement-master\\BACKEND\\models\\cash_out_next_day\\m5p_cash_out_next_day.pkl'}, 'cash_in_h7': {'status': 'loaded', 'model_path': 'C:\\temp\\bankTradingManagement-master\\bankTradingManagement-master\\BACKEND\\models\\cash_in_h7\\m5p_cash_in_h7.pkl'}, 'cash_out_h7': {'status': 'loaded', 'model_path': 'C:\\temp\\bankTradingManagement-master\\bankTradingManagement-master\\BACKEND\\models\\cash_out_h7\\m5p_cash_out_h7.pkl'}, 'cash_in_next_month': {'status': 'loaded', 'model_path': 'C:\\temp\\bankTradingManagement-master\\bankTradingManagement-master\\BACKEND\\models\\cash_in_next_month\\m5p_cash_in_next_month.pkl'}, 'cash_out_next_month': {'status': 'loaded', 'model_path': 'C:\\temp\\bankTradingManagement-master\\bankTradingManagement-master\\BACKEND\\models\\cash_out_next_month\\m5p_cash_out_next_month.pkl'}}
Starting daily aggregation scheduler...
Scheduler started - will run at 0:00 AM daily
P2P Transaction Service initialized
Search customers: query='', search_type='all', cassandra_available=False
Empty query - loading all customers
Cassandra NOT available during phone check!
Search customers: query='', search_type='all', cassandra_available=False
Empty query - loading all customers
Cassandra NOT available during phone check!
Cassandra NOT available during phone check!
Search customers: query='', search_type='all', cassandra_available=False
Empty query - loading all customers
Rate limiting not available (slowapi not installed)
Monitoring middleware enabled
HDFS service initialized successfully
======================================================================
Step 1: Auto-starting Docker services...
======================================================================
======================================================================
Step 2: Bootstrapping ML models...
======================================================================
Multi-target model bootstrap complete: {'cash_in_next_day': {'status': 'loaded', 'model_path': 'C:\\temp\\bankTradingManagement-master\\bankTradingManagement-master\\BACKEND\\models\\cash_in_next_day\\m5p_cash_in_next_day.pkl'}, 'cash_out_next_day': {'status': 'loaded', 'model_path': 'C:\\temp\\bankTradingManagement-master\\bankTradingManagement-master\\BACKEND\\models\\cash_out_next_day\\m5p_cash_out_next_day.pkl'}, 'cash_in_h7': {'status': 'loaded', 'model_path': 'C:\\temp\\bankTradingManagement-master\\bankTradingManagement-master\\BACKEND\\models\\cash_in_h7\\m5p_cash_in_h7.pkl'}, 'cash_out_h7': {'status': 'loaded', 'model_path': 'C:\\temp\\bankTradingManagement-master\\bankTradingManagement-master\\BACKEND\\models\\cash_out_h7\\m5p_cash_out_h7.pkl'}, 'cash_in_next_month': {'status': 'loaded', 'model_path': 'C:\\temp\\bankTradingManagement-master\\bankTradingManagement-master\\BACKEND\\models\\cash_in_next_month\\m5p_cash_in_next_month.pkl'}, 'cash_out_next_month': {'status': 'loaded', 'model_path': 'C:\\temp\\bankTradingManagement-master\\bankTradingManagement-master\\BACKEND\\models\\cash_out_next_month\\m5p_cash_out_next_month.pkl'}}
Starting daily aggregation scheduler...
Scheduler started - will run at 0:00 AM daily
P2P Transaction Service initialized
Search customers: query='', search_type='all', cassandra_available=False
Empty query - loading all customers
Rate limiting not available (slowapi not installed)
Monitoring middleware enabled
======================================================================
Step 1: Auto-starting Docker services...
======================================================================
======================================================================
Step 2: Bootstrapping ML models...
======================================================================
Multi-target model bootstrap complete: {'cash_in_next_day': {'status': 'loaded', 'model_path': 'C:\\temp\\bankTradingManagement-master\\bankTradingManagement-master\\BACKEND\\models\\cash_in_next_day\\m5p_cash_in_next_day.pkl'}, 'cash_out_next_day': {'status': 'loaded', 'model_path': 'C:\\temp\\bankTradingManagement-master\\bankTradingManagement-master\\BACKEND\\models\\cash_out_next_day\\m5p_cash_out_next_day.pkl'}, 'cash_in_h7': {'status': 'loaded', 'model_path': 'C:\\temp\\bankTradingManagement-master\\bankTradingManagement-master\\BACKEND\\models\\cash_in_h7\\m5p_cash_in_h7.pkl'}, 'cash_out_h7': {'status': 'loaded', 'model_path': 'C:\\temp\\bankTradingManagement-master\\bankTradingManagement-master\\BACKEND\\models\\cash_out_h7\\m5p_cash_out_h7.pkl'}, 'cash_in_next_month': {'status': 'loaded', 'model_path': 'C:\\temp\\bankTradingManagement-master\\bankTradingManagement-master\\BACKEND\\models\\cash_in_next_month\\m5p_cash_in_next_month.pkl'}, 'cash_out_next_month': {'status': 'loaded', 'model_path': 'C:\\temp\\bankTradingManagement-master\\bankTradingManagement-master\\BACKEND\\models\\cash_out_next_month\\m5p_cash_out_next_month.pkl'}}
Starting daily aggregation scheduler...
Scheduler started - will run at 0:00 AM daily
P2P Transaction Service initialized
Search customers: query='', search_type='all', cassandra_available=False
Empty query - loading all customers
Search customers: query='', search_type='all', cassandra_available=False
Empty query - loading all customers
Cassandra NOT available during phone check!
Search customers: query='', search_type='all', cassandra_available=False
Empty query - loading all customers
Search customers: query='', search_type='all', cassandra_available=False
Empty query - loading all customers
Rate limiting not available (slowapi not installed)
Monitoring middleware enabled
======================================================================
Step 1: Auto-starting Docker services...
======================================================================
======================================================================
Step 2: Bootstrapping ML models...
======================================================================
Multi-target model bootstrap complete: {'cash_in_next_day': {'status': 'loaded', 'model_path': 'C:\\temp\\bankTradingManagement-master\\bankTradingManagement-master\\BACKEND\\models\\cash_in_next_day\\m5p_cash_in_next_day.pkl'}, 'cash_out_next_day': {'status': 'loaded', 'model_path': 'C:\\temp\\bankTradingManagement-master\\bankTradingManagement-master\\BACKEND\\models\\cash_out_next_day\\m5p_cash_out_next_day.pkl'}, 'cash_in_h7': {'status': 'loaded', 'model_path': 'C:\\temp\\bankTradingManagement-master\\bankTradingManagement-master\\BACKEND\\models\\cash_in_h7\\m5p_cash_in_h7.pkl'}, 'cash_out_h7': {'status': 'loaded', 'model_path': 'C:\\temp\\bankTradingManagement-master\\bankTradingManagement-master\\BACKEND\\models\\cash_out_h7\\m5p_cash_out_h7.pkl'}, 'cash_in_next_month': {'status': 'loaded', 'model_path': 'C:\\temp\\bankTradingManagement-master\\bankTradingManagement-master\\BACKEND\\models\\cash_in_next_month\\m5p_cash_in_next_month.pkl'}, 'cash_out_next_month': {'status': 'loaded', 'model_path': 'C:\\temp\\bankTradingManagement-master\\bankTradingManagement-master\\BACKEND\\models\\cash_out_next_month\\m5p_cash_out_next_month.pkl'}}
Starting daily aggregation scheduler...
Scheduler started - will run at 0:00 AM daily
P2P Transaction Service initialized
Search customers: query='', search_type='all', cassandra_available=False
Empty query - loading all customers
Rate limiting not available (slowapi not installed)
Monitoring middleware enabled
======================================================================
Step 1: Auto-starting Docker services...
======================================================================
======================================================================
Step 2: Bootstrapping ML models...
======================================================================
Multi-target model bootstrap complete: {'cash_in_next_day': {'status': 'loaded', 'model_path': 'C:\\temp\\bankTradingManagement-master\\bankTradingManagement-master\\BACKEND\\models\\cash_in_next_day\\m5p_cash_in_next_day.pkl'}, 'cash_out_next_day': {'status': 'loaded', 'model_path': 'C:\\temp\\bankTradingManagement-master\\bankTradingManagement-master\\BACKEND\\models\\cash_out_next_day\\m5p_cash_out_next_day.pkl'}, 'cash_in_h7': {'status': 'loaded', 'model_path': 'C:\\temp\\bankTradingManagement-master\\bankTradingManagement-master\\BACKEND\\models\\cash_in_h7\\m5p_cash_in_h7.pkl'}, 'cash_out_h7': {'status': 'loaded', 'model_path': 'C:\\temp\\bankTradingManagement-master\\bankTradingManagement-master\\BACKEND\\models\\cash_out_h7\\m5p_cash_out_h7.pkl'}, 'cash_in_next_month': {'status': 'loaded', 'model_path': 'C:\\temp\\bankTradingManagement-master\\bankTradingManagement-master\\BACKEND\\models\\cash_in_next_month\\m5p_cash_in_next_month.pkl'}, 'cash_out_next_month': {'status': 'loaded', 'model_path': 'C:\\temp\\bankTradingManagement-master\\bankTradingManagement-master\\BACKEND\\models\\cash_out_next_month\\m5p_cash_out_next_month.pkl'}}
Starting daily aggregation scheduler...
Scheduler started - will run at 0:00 AM daily
P2P Transaction Service initialized
Failed to fetch dashboard stats from Cassandra
Traceback (most recent call last):
  File "C:\temp\bankTradingManagement-master\bankTradingManagement-master\BACKEND\app\app.py", line 2563, in _get_dashboard_stats_impl
    all_accounts = cassandra_service.list_all_accounts(limit=10000)
                   ^^^^^^^^^^^^^^^^^^^^^^^^^^^^^^^^^^^
AttributeError: 'CassandraService' object has no attribute 'list_all_accounts'
Failed to fetch dashboard stats from Cassandra
Traceback (most recent call last):
  File "C:\temp\bankTradingManagement-master\bankTradingManagement-master\BACKEND\app\app.py", line 2563, in _get_dashboard_stats_impl
    all_accounts = cassandra_service.list_all_accounts(limit=10000)
                   ^^^^^^^^^^^^^^^^^^^^^^^^^^^^^^^^^^^
AttributeError: 'CassandraService' object has no attribute 'list_all_accounts'
Search customers: query='', search_type='all', cassandra_available=True
Empty query - loading all customers
Failed to fetch dashboard stats from Cassandra
Traceback (most recent call last):
  File "C:\temp\bankTradingManagement-master\bankTradingManagement-master\BACKEND\app\app.py", line 2563, in _get_dashboard_stats_impl
    all_accounts = cassandra_service.list_all_accounts(limit=10000)
                   ^^^^^^^^^^^^^^^^^^^^^^^^^^^^^^^^^^^
AttributeError: 'CassandraService' object has no attribute 'list_all_accounts'
Failed to fetch reports stats from Cassandra
Traceback (most recent call last):
  File "C:\temp\bankTradingManagement-master\bankTradingManagement-master\BACKEND\app\app.py", line 2875, in get_reports_stats
    status = tx.get("status", "").upper()
             ^^^^^^^^^^^^^^^^^^^^^^^^^^
AttributeError: 'NoneType' object has no attribute 'upper'
Failed to fetch reports stats from Cassandra
Traceback (most recent call last):
  File "C:\temp\bankTradingManagement-master\bankTradingManagement-master\BACKEND\app\app.py", line 2875, in get_reports_stats
    status = tx.get("status", "").upper()
             ^^^^^^^^^^^^^^^^^^^^^^^^^^
AttributeError: 'NoneType' object has no attribute 'upper'
Search customers: query='', search_type='all', cassandra_available=True
Empty query - loading all customers
Failed to fetch dashboard stats from Cassandra
Traceback (most recent call last):
  File "C:\temp\bankTradingManagement-master\bankTradingManagement-master\BACKEND\app\app.py", line 2563, in _get_dashboard_stats_impl
    all_accounts = cassandra_service.list_all_accounts(limit=10000)
                   ^^^^^^^^^^^^^^^^^^^^^^^^^^^^^^^^^^^
AttributeError: 'CassandraService' object has no attribute 'list_all_accounts'
Failed to fetch dashboard stats from Cassandra
Traceback (most recent call last):
  File "C:\temp\bankTradingManagement-master\bankTradingManagement-master\BACKEND\app\app.py", line 2563, in _get_dashboard_stats_impl
    all_accounts = cassandra_service.list_all_accounts(limit=10000)
                   ^^^^^^^^^^^^^^^^^^^^^^^^^^^^^^^^^^^
AttributeError: 'CassandraService' object has no attribute 'list_all_accounts'
Failed to fetch dashboard stats from Cassandra
Traceback (most recent call last):
  File "C:\temp\bankTradingManagement-master\bankTradingManagement-master\BACKEND\app\app.py", line 2563, in _get_dashboard_stats_impl
    all_accounts = cassandra_service.list_all_accounts(limit=10000)
                   ^^^^^^^^^^^^^^^^^^^^^^^^^^^^^^^^^^^
AttributeError: 'CassandraService' object has no attribute 'list_all_accounts'
Failed to fetch dashboard stats from Cassandra
Traceback (most recent call last):
  File "C:\temp\bankTradingManagement-master\bankTradingManagement-master\BACKEND\app\app.py", line 2563, in _get_dashboard_stats_impl
    all_accounts = cassandra_service.list_all_accounts(limit=10000)
                   ^^^^^^^^^^^^^^^^^^^^^^^^^^^^^^^^^^^
AttributeError: 'CassandraService' object has no attribute 'list_all_accounts'
Checking duplicate phone in Cassandra: 0559601038
Phone 0559601038 is unique in Cassandra.
Failed to create account in Cassandra; using memory store.
Traceback (most recent call last):
  File "C:\temp\bankTradingManagement-master\bankTradingManagement-master\BACKEND\app\app.py", line 1066, in create_account
    result = cassandra_service.create_account(
             ^^^^^^^^^^^^^^^^^^^^^^^^^^^^^^^^^
TypeError: CassandraService.create_account() got an unexpected keyword argument 'account_id'
Search customers: query='', search_type='all', cassandra_available=True
Empty query - loading all customers
Failed to fetch reports stats from Cassandra
Traceback (most recent call last):
  File "C:\temp\bankTradingManagement-master\bankTradingManagement-master\BACKEND\app\app.py", line 2875, in get_reports_stats
    status = tx.get("status", "").upper()
             ^^^^^^^^^^^^^^^^^^^^^^^^^^
AttributeError: 'NoneType' object has no attribute 'upper'
Failed to fetch dashboard stats from Cassandra
Traceback (most recent call last):
  File "C:\temp\bankTradingManagement-master\bankTradingManagement-master\BACKEND\app\app.py", line 2563, in _get_dashboard_stats_impl
    all_accounts = cassandra_service.list_all_accounts(limit=10000)
                   ^^^^^^^^^^^^^^^^^^^^^^^^^^^^^^^^^^^
AttributeError: 'CassandraService' object has no attribute 'list_all_accounts'
Failed to fetch dashboard stats from Cassandra
Traceback (most recent call last):
  File "C:\temp\bankTradingManagement-master\bankTradingManagement-master\BACKEND\app\app.py", line 2563, in _get_dashboard_stats_impl
    all_accounts = cassandra_service.list_all_accounts(limit=10000)
                   ^^^^^^^^^^^^^^^^^^^^^^^^^^^^^^^^^^^
AttributeError: 'CassandraService' object has no attribute 'list_all_accounts'
Failed to fetch dashboard stats from Cassandra
Traceback (most recent call last):
  File "C:\temp\bankTradingManagement-master\bankTradingManagement-master\BACKEND\app\app.py", line 2563, in _get_dashboard_stats_impl
    all_accounts = cassandra_service.list_all_accounts(limit=10000)
                   ^^^^^^^^^^^^^^^^^^^^^^^^^^^^^^^^^^^
AttributeError: 'CassandraService' object has no attribute 'list_all_accounts'
Failed to fetch dashboard stats from Cassandra
Traceback (most recent call last):
  File "C:\temp\bankTradingManagement-master\bankTradingManagement-master\BACKEND\app\app.py", line 2563, in _get_dashboard_stats_impl
    all_accounts = cassandra_service.list_all_accounts(limit=10000)
                   ^^^^^^^^^^^^^^^^^^^^^^^^^^^^^^^^^^^
AttributeError: 'CassandraService' object has no attribute 'list_all_accounts'
Failed to fetch dashboard stats from Cassandra
Traceback (most recent call last):
  File "C:\temp\bankTradingManagement-master\bankTradingManagement-master\BACKEND\app\app.py", line 2563, in _get_dashboard_stats_impl
    all_accounts = cassandra_service.list_all_accounts(limit=10000)
                   ^^^^^^^^^^^^^^^^^^^^^^^^^^^^^^^^^^^
AttributeError: 'CassandraService' object has no attribute 'list_all_accounts'
Failed to fetch dashboard stats from Cassandra
Traceback (most recent call last):
  File "C:\temp\bankTradingManagement-master\bankTradingManagement-master\BACKEND\app\app.py", line 2563, in _get_dashboard_stats_impl
    all_accounts = cassandra_service.list_all_accounts(limit=10000)
                   ^^^^^^^^^^^^^^^^^^^^^^^^^^^^^^^^^^^
AttributeError: 'CassandraService' object has no attribute 'list_all_accounts'
Failed to fetch dashboard stats from Cassandra
Traceback (most recent call last):
  File "C:\temp\bankTradingManagement-master\bankTradingManagement-master\BACKEND\app\app.py", line 2563, in _get_dashboard_stats_impl
    all_accounts = cassandra_service.list_all_accounts(limit=10000)
                   ^^^^^^^^^^^^^^^^^^^^^^^^^^^^^^^^^^^
AttributeError: 'CassandraService' object has no attribute 'list_all_accounts'
Failed to fetch dashboard stats from Cassandra
Traceback (most recent call last):
  File "C:\temp\bankTradingManagement-master\bankTradingManagement-master\BACKEND\app\app.py", line 2563, in _get_dashboard_stats_impl
    all_accounts = cassandra_service.list_all_accounts(limit=10000)
                   ^^^^^^^^^^^^^^^^^^^^^^^^^^^^^^^^^^^
AttributeError: 'CassandraService' object has no attribute 'list_all_accounts'
Rate limiting not available (slowapi not installed)
Monitoring middleware enabled
======================================================================
Step 1: Auto-starting Docker services...
======================================================================
======================================================================
Step 2: Bootstrapping ML models...
======================================================================
Multi-target model bootstrap complete: {'cash_in_next_day': {'status': 'loaded', 'model_path': 'C:\\temp\\bankTradingManagement-master\\bankTradingManagement-master\\BACKEND\\models\\cash_in_next_day\\m5p_cash_in_next_day.pkl'}, 'cash_out_next_day': {'status': 'loaded', 'model_path': 'C:\\temp\\bankTradingManagement-master\\bankTradingManagement-master\\BACKEND\\models\\cash_out_next_day\\m5p_cash_out_next_day.pkl'}, 'cash_in_h7': {'status': 'loaded', 'model_path': 'C:\\temp\\bankTradingManagement-master\\bankTradingManagement-master\\BACKEND\\models\\cash_in_h7\\m5p_cash_in_h7.pkl'}, 'cash_out_h7': {'status': 'loaded', 'model_path': 'C:\\temp\\bankTradingManagement-master\\bankTradingManagement-master\\BACKEND\\models\\cash_out_h7\\m5p_cash_out_h7.pkl'}, 'cash_in_next_month': {'status': 'loaded', 'model_path': 'C:\\temp\\bankTradingManagement-master\\bankTradingManagement-master\\BACKEND\\models\\cash_in_next_month\\m5p_cash_in_next_month.pkl'}, 'cash_out_next_month': {'status': 'loaded', 'model_path': 'C:\\temp\\bankTradingManagement-master\\bankTradingManagement-master\\BACKEND\\models\\cash_out_next_month\\m5p_cash_out_next_month.pkl'}}
Starting daily aggregation scheduler...
Scheduler started - will run at 0:00 AM daily
P2P Transaction Service initialized
Search customers: query='', search_type='all', cassandra_available=False
Empty query - loading all customers
Rate limiting not available (slowapi not installed)
Monitoring middleware enabled
HDFS service initialized successfully
======================================================================
Step 1: Auto-starting Docker services...
======================================================================
======================================================================
Step 2: Bootstrapping ML models...
======================================================================
Multi-target model bootstrap complete: {'cash_in_next_day': {'status': 'loaded', 'model_path': 'C:\\temp\\bankTradingManagement-master\\bankTradingManagement-master\\BACKEND\\models\\cash_in_next_day\\m5p_cash_in_next_day.pkl'}, 'cash_out_next_day': {'status': 'loaded', 'model_path': 'C:\\temp\\bankTradingManagement-master\\bankTradingManagement-master\\BACKEND\\models\\cash_out_next_day\\m5p_cash_out_next_day.pkl'}, 'cash_in_h7': {'status': 'loaded', 'model_path': 'C:\\temp\\bankTradingManagement-master\\bankTradingManagement-master\\BACKEND\\models\\cash_in_h7\\m5p_cash_in_h7.pkl'}, 'cash_out_h7': {'status': 'loaded', 'model_path': 'C:\\temp\\bankTradingManagement-master\\bankTradingManagement-master\\BACKEND\\models\\cash_out_h7\\m5p_cash_out_h7.pkl'}, 'cash_in_next_month': {'status': 'loaded', 'model_path': 'C:\\temp\\bankTradingManagement-master\\bankTradingManagement-master\\BACKEND\\models\\cash_in_next_month\\m5p_cash_in_next_month.pkl'}, 'cash_out_next_month': {'status': 'loaded', 'model_path': 'C:\\temp\\bankTradingManagement-master\\bankTradingManagement-master\\BACKEND\\models\\cash_out_next_month\\m5p_cash_out_next_month.pkl'}}
Starting daily aggregation scheduler...
Scheduler started - will run at 0:00 AM daily
P2P Transaction Service initialized
Search customers: query='', search_type='all', cassandra_available=False
Empty query - loading all customers
Rate limiting not available (slowapi not installed)
Monitoring middleware enabled
HDFS service initialized successfully
======================================================================
Step 1: Auto-starting Docker services...
======================================================================
======================================================================
Step 2: Bootstrapping ML models...
======================================================================
Multi-target model bootstrap complete: {'cash_in_next_day': {'status': 'loaded', 'model_path': 'C:\\temp\\bankTradingManagement-master\\bankTradingManagement-master\\BACKEND\\models\\cash_in_next_day\\m5p_cash_in_next_day.pkl'}, 'cash_out_next_day': {'status': 'loaded', 'model_path': 'C:\\temp\\bankTradingManagement-master\\bankTradingManagement-master\\BACKEND\\models\\cash_out_next_day\\m5p_cash_out_next_day.pkl'}, 'cash_in_h7': {'status': 'loaded', 'model_path': 'C:\\temp\\bankTradingManagement-master\\bankTradingManagement-master\\BACKEND\\models\\cash_in_h7\\m5p_cash_in_h7.pkl'}, 'cash_out_h7': {'status': 'loaded', 'model_path': 'C:\\temp\\bankTradingManagement-master\\bankTradingManagement-master\\BACKEND\\models\\cash_out_h7\\m5p_cash_out_h7.pkl'}, 'cash_in_next_month': {'status': 'loaded', 'model_path': 'C:\\temp\\bankTradingManagement-master\\bankTradingManagement-master\\BACKEND\\models\\cash_in_next_month\\m5p_cash_in_next_month.pkl'}, 'cash_out_next_month': {'status': 'loaded', 'model_path': 'C:\\temp\\bankTradingManagement-master\\bankTradingManagement-master\\BACKEND\\models\\cash_out_next_month\\m5p_cash_out_next_month.pkl'}}
Starting daily aggregation scheduler...
Scheduler started - will run at 0:00 AM daily
P2P Transaction Service initialized
Rate limiting not available (slowapi not installed)
Monitoring middleware enabled
HDFS service initialized successfully
======================================================================
Step 1: Auto-starting Docker services...
======================================================================
======================================================================
Step 2: Bootstrapping ML models...
======================================================================
Multi-target model bootstrap complete: {'cash_in_next_day': {'status': 'loaded', 'model_path': 'C:\\temp\\bankTradingManagement-master\\bankTradingManagement-master\\BACKEND\\models\\cash_in_next_day\\m5p_cash_in_next_day.pkl'}, 'cash_out_next_day': {'status': 'loaded', 'model_path': 'C:\\temp\\bankTradingManagement-master\\bankTradingManagement-master\\BACKEND\\models\\cash_out_next_day\\m5p_cash_out_next_day.pkl'}, 'cash_in_h7': {'status': 'loaded', 'model_path': 'C:\\temp\\bankTradingManagement-master\\bankTradingManagement-master\\BACKEND\\models\\cash_in_h7\\m5p_cash_in_h7.pkl'}, 'cash_out_h7': {'status': 'loaded', 'model_path': 'C:\\temp\\bankTradingManagement-master\\bankTradingManagement-master\\BACKEND\\models\\cash_out_h7\\m5p_cash_out_h7.pkl'}, 'cash_in_next_month': {'status': 'loaded', 'model_path': 'C:\\temp\\bankTradingManagement-master\\bankTradingManagement-master\\BACKEND\\models\\cash_in_next_month\\m5p_cash_in_next_month.pkl'}, 'cash_out_next_month': {'status': 'loaded', 'model_path': 'C:\\temp\\bankTradingManagement-master\\bankTradingManagement-master\\BACKEND\\models\\cash_out_next_month\\m5p_cash_out_next_month.pkl'}}
Starting daily aggregation scheduler...
Scheduler started - will run at 0:00 AM daily
P2P Transaction Service initialized
Failed to fetch dashboard stats from Cassandra
Traceback (most recent call last):
  File "C:\temp\bankTradingManagement-master\bankTradingManagement-master\BACKEND\app\app.py", line 2563, in _get_dashboard_stats_impl
    all_accounts = cassandra_service.list_all_accounts(limit=10000)
                   ^^^^^^^^^^^^^^^^^^^^^^^^^^^^^^^^^^^
AttributeError: 'CassandraService' object has no attribute 'list_all_accounts'
Search customers: query='', search_type='all', cassandra_available=True
Empty query - loading all customers
Error getting HDFS directory size /banktrading
Traceback (most recent call last):
  File "C:\temp\bankTradingManagement-master\bankTradingManagement-master\BACKEND\app\app.py", line 3665, in hdfs_directory_size
    result = hdfs_service.get_directory_size(path)
             ^^^^^^^^^^^^^^^^^^^^^^^^^^^^^^^^^^^^^
  File "C:\temp\bankTradingManagement-master\bankTradingManagement-master\BACKEND\app\hdfs_service.py", line 539, in get_directory_size
    response.raise_for_status()
  File "C:\Users\Per chan\AppData\Local\Programs\Python\Python311\Lib\site-packages\requests\models.py", line 1026, in raise_for_status
    raise HTTPError(http_error_msg, response=self)
requests.exceptions.HTTPError: 404 Client Error: Not Found for url: http://localhost:9870/webhdfs/v1/banktrading?op=GETCONTENTSUMMARY
Error getting HDFS directory size /banktrading
Traceback (most recent call last):
  File "C:\temp\bankTradingManagement-master\bankTradingManagement-master\BACKEND\app\app.py", line 3665, in hdfs_directory_size
    result = hdfs_service.get_directory_size(path)
             ^^^^^^^^^^^^^^^^^^^^^^^^^^^^^^^^^^^^^
  File "C:\temp\bankTradingManagement-master\bankTradingManagement-master\BACKEND\app\hdfs_service.py", line 539, in get_directory_size
    response.raise_for_status()
  File "C:\Users\Per chan\AppData\Local\Programs\Python\Python311\Lib\site-packages\requests\models.py", line 1026, in raise_for_status
    raise HTTPError(http_error_msg, response=self)
requests.exceptions.HTTPError: 404 Client Error: Not Found for url: http://localhost:9870/webhdfs/v1/banktrading?op=GETCONTENTSUMMARY
Error getting HDFS directory size /banktrading
Traceback (most recent call last):
  File "C:\temp\bankTradingManagement-master\bankTradingManagement-master\BACKEND\app\app.py", line 3665, in hdfs_directory_size
    result = hdfs_service.get_directory_size(path)
             ^^^^^^^^^^^^^^^^^^^^^^^^^^^^^^^^^^^^^
  File "C:\temp\bankTradingManagement-master\bankTradingManagement-master\BACKEND\app\hdfs_service.py", line 539, in get_directory_size
    response.raise_for_status()
  File "C:\Users\Per chan\AppData\Local\Programs\Python\Python311\Lib\site-packages\requests\models.py", line 1026, in raise_for_status
    raise HTTPError(http_error_msg, response=self)
requests.exceptions.HTTPError: 404 Client Error: Not Found for url: http://localhost:9870/webhdfs/v1/banktrading?op=GETCONTENTSUMMARY
Error getting HDFS directory size /banktrading
Traceback (most recent call last):
  File "C:\temp\bankTradingManagement-master\bankTradingManagement-master\BACKEND\app\app.py", line 3665, in hdfs_directory_size
    result = hdfs_service.get_directory_size(path)
             ^^^^^^^^^^^^^^^^^^^^^^^^^^^^^^^^^^^^^
  File "C:\temp\bankTradingManagement-master\bankTradingManagement-master\BACKEND\app\hdfs_service.py", line 539, in get_directory_size
    response.raise_for_status()
  File "C:\Users\Per chan\AppData\Local\Programs\Python\Python311\Lib\site-packages\requests\models.py", line 1026, in raise_for_status
    raise HTTPError(http_error_msg, response=self)
requests.exceptions.HTTPError: 404 Client Error: Not Found for url: http://localhost:9870/webhdfs/v1/banktrading?op=GETCONTENTSUMMARY
Error listing HDFS directory /banktrading
Traceback (most recent call last):
  File "C:\temp\bankTradingManagement-master\bankTradingManagement-master\BACKEND\app\app.py", line 3517, in hdfs_list_directory
    files = hdfs_service.list_directory(path)
            ^^^^^^^^^^^^^^^^^^^^^^^^^^^^^^^^^
  File "C:\temp\bankTradingManagement-master\bankTradingManagement-master\BACKEND\app\hdfs_service.py", line 137, in list_directory
    response.raise_for_status()
  File "C:\Users\Per chan\AppData\Local\Programs\Python\Python311\Lib\site-packages\requests\models.py", line 1026, in raise_for_status
    raise HTTPError(http_error_msg, response=self)
requests.exceptions.HTTPError: 404 Client Error: Not Found for url: http://localhost:9870/webhdfs/v1/banktrading?op=LISTSTATUS
Error listing HDFS directory /banktrading
Traceback (most recent call last):
  File "C:\temp\bankTradingManagement-master\bankTradingManagement-master\BACKEND\app\app.py", line 3517, in hdfs_list_directory
    files = hdfs_service.list_directory(path)
            ^^^^^^^^^^^^^^^^^^^^^^^^^^^^^^^^^
  File "C:\temp\bankTradingManagement-master\bankTradingManagement-master\BACKEND\app\hdfs_service.py", line 137, in list_directory
    response.raise_for_status()
  File "C:\Users\Per chan\AppData\Local\Programs\Python\Python311\Lib\site-packages\requests\models.py", line 1026, in raise_for_status
    raise HTTPError(http_error_msg, response=self)
requests.exceptions.HTTPError: 404 Client Error: Not Found for url: http://localhost:9870/webhdfs/v1/banktrading?op=LISTSTATUS
Error listing HDFS directory /banktrading
Traceback (most recent call last):
  File "C:\temp\bankTradingManagement-master\bankTradingManagement-master\BACKEND\app\app.py", line 3517, in hdfs_list_directory
    files = hdfs_service.list_directory(path)
            ^^^^^^^^^^^^^^^^^^^^^^^^^^^^^^^^^
  File "C:\temp\bankTradingManagement-master\bankTradingManagement-master\BACKEND\app\hdfs_service.py", line 137, in list_directory
    response.raise_for_status()
  File "C:\Users\Per chan\AppData\Local\Programs\Python\Python311\Lib\site-packages\requests\models.py", line 1026, in raise_for_status
    raise HTTPError(http_error_msg, response=self)
requests.exceptions.HTTPError: 404 Client Error: Not Found for url: http://localhost:9870/webhdfs/v1/banktrading?op=LISTSTATUS
Error listing HDFS directory /banktrading
Traceback (most recent call last):
  File "C:\temp\bankTradingManagement-master\bankTradingManagement-master\BACKEND\app\app.py", line 3517, in hdfs_list_directory
    files = hdfs_service.list_directory(path)
            ^^^^^^^^^^^^^^^^^^^^^^^^^^^^^^^^^
  File "C:\temp\bankTradingManagement-master\bankTradingManagement-master\BACKEND\app\hdfs_service.py", line 137, in list_directory
    response.raise_for_status()
  File "C:\Users\Per chan\AppData\Local\Programs\Python\Python311\Lib\site-packages\requests\models.py", line 1026, in raise_for_status
    raise HTTPError(http_error_msg, response=self)
requests.exceptions.HTTPError: 404 Client Error: Not Found for url: http://localhost:9870/webhdfs/v1/banktrading?op=LISTSTATUS
Error getting HDFS directory size /banktrading
Traceback (most recent call last):
  File "C:\temp\bankTradingManagement-master\bankTradingManagement-master\BACKEND\app\app.py", line 3665, in hdfs_directory_size
    result = hdfs_service.get_directory_size(path)
             ^^^^^^^^^^^^^^^^^^^^^^^^^^^^^^^^^^^^^
  File "C:\temp\bankTradingManagement-master\bankTradingManagement-master\BACKEND\app\hdfs_service.py", line 539, in get_directory_size
    response.raise_for_status()
  File "C:\Users\Per chan\AppData\Local\Programs\Python\Python311\Lib\site-packages\requests\models.py", line 1026, in raise_for_status
    raise HTTPError(http_error_msg, response=self)
requests.exceptions.HTTPError: 404 Client Error: Not Found for url: http://localhost:9870/webhdfs/v1/banktrading?op=GETCONTENTSUMMARY
Error getting HDFS directory size /banktrading
Traceback (most recent call last):
  File "C:\temp\bankTradingManagement-master\bankTradingManagement-master\BACKEND\app\app.py", line 3665, in hdfs_directory_size
    result = hdfs_service.get_directory_size(path)
             ^^^^^^^^^^^^^^^^^^^^^^^^^^^^^^^^^^^^^
  File "C:\temp\bankTradingManagement-master\bankTradingManagement-master\BACKEND\app\hdfs_service.py", line 539, in get_directory_size
    response.raise_for_status()
  File "C:\Users\Per chan\AppData\Local\Programs\Python\Python311\Lib\site-packages\requests\models.py", line 1026, in raise_for_status
    raise HTTPError(http_error_msg, response=self)
requests.exceptions.HTTPError: 404 Client Error: Not Found for url: http://localhost:9870/webhdfs/v1/banktrading?op=GETCONTENTSUMMARY
Error getting HDFS directory size /banktrading
Traceback (most recent call last):
  File "C:\temp\bankTradingManagement-master\bankTradingManagement-master\BACKEND\app\app.py", line 3665, in hdfs_directory_size
    result = hdfs_service.get_directory_size(path)
             ^^^^^^^^^^^^^^^^^^^^^^^^^^^^^^^^^^^^^
  File "C:\temp\bankTradingManagement-master\bankTradingManagement-master\BACKEND\app\hdfs_service.py", line 539, in get_directory_size
    response.raise_for_status()
  File "C:\Users\Per chan\AppData\Local\Programs\Python\Python311\Lib\site-packages\requests\models.py", line 1026, in raise_for_status
    raise HTTPError(http_error_msg, response=self)
requests.exceptions.HTTPError: 404 Client Error: Not Found for url: http://localhost:9870/webhdfs/v1/banktrading?op=GETCONTENTSUMMARY
Error getting HDFS directory size /banktrading
Traceback (most recent call last):
  File "C:\temp\bankTradingManagement-master\bankTradingManagement-master\BACKEND\app\app.py", line 3665, in hdfs_directory_size
    result = hdfs_service.get_directory_size(path)
             ^^^^^^^^^^^^^^^^^^^^^^^^^^^^^^^^^^^^^
  File "C:\temp\bankTradingManagement-master\bankTradingManagement-master\BACKEND\app\hdfs_service.py", line 539, in get_directory_size
    response.raise_for_status()
  File "C:\Users\Per chan\AppData\Local\Programs\Python\Python311\Lib\site-packages\requests\models.py", line 1026, in raise_for_status
    raise HTTPError(http_error_msg, response=self)
requests.exceptions.HTTPError: 404 Client Error: Not Found for url: http://localhost:9870/webhdfs/v1/banktrading?op=GETCONTENTSUMMARY
Error listing HDFS directory /banktrading
Traceback (most recent call last):
  File "C:\temp\bankTradingManagement-master\bankTradingManagement-master\BACKEND\app\app.py", line 3517, in hdfs_list_directory
    files = hdfs_service.list_directory(path)
            ^^^^^^^^^^^^^^^^^^^^^^^^^^^^^^^^^
  File "C:\temp\bankTradingManagement-master\bankTradingManagement-master\BACKEND\app\hdfs_service.py", line 137, in list_directory
    response.raise_for_status()
  File "C:\Users\Per chan\AppData\Local\Programs\Python\Python311\Lib\site-packages\requests\models.py", line 1026, in raise_for_status
    raise HTTPError(http_error_msg, response=self)
requests.exceptions.HTTPError: 404 Client Error: Not Found for url: http://localhost:9870/webhdfs/v1/banktrading?op=LISTSTATUS
Error listing HDFS directory /banktrading
Traceback (most recent call last):
  File "C:\temp\bankTradingManagement-master\bankTradingManagement-master\BACKEND\app\app.py", line 3517, in hdfs_list_directory
    files = hdfs_service.list_directory(path)
            ^^^^^^^^^^^^^^^^^^^^^^^^^^^^^^^^^
  File "C:\temp\bankTradingManagement-master\bankTradingManagement-master\BACKEND\app\hdfs_service.py", line 137, in list_directory
    response.raise_for_status()
  File "C:\Users\Per chan\AppData\Local\Programs\Python\Python311\Lib\site-packages\requests\models.py", line 1026, in raise_for_status
    raise HTTPError(http_error_msg, response=self)
requests.exceptions.HTTPError: 404 Client Error: Not Found for url: http://localhost:9870/webhdfs/v1/banktrading?op=LISTSTATUS
Error listing HDFS directory /banktrading
Traceback (most recent call last):
  File "C:\temp\bankTradingManagement-master\bankTradingManagement-master\BACKEND\app\app.py", line 3517, in hdfs_list_directory
    files = hdfs_service.list_directory(path)
            ^^^^^^^^^^^^^^^^^^^^^^^^^^^^^^^^^
  File "C:\temp\bankTradingManagement-master\bankTradingManagement-master\BACKEND\app\hdfs_service.py", line 137, in list_directory
    response.raise_for_status()
  File "C:\Users\Per chan\AppData\Local\Programs\Python\Python311\Lib\site-packages\requests\models.py", line 1026, in raise_for_status
    raise HTTPError(http_error_msg, response=self)
requests.exceptions.HTTPError: 404 Client Error: Not Found for url: http://localhost:9870/webhdfs/v1/banktrading?op=LISTSTATUS
Error listing HDFS directory /banktrading
Traceback (most recent call last):
  File "C:\temp\bankTradingManagement-master\bankTradingManagement-master\BACKEND\app\app.py", line 3517, in hdfs_list_directory
    files = hdfs_service.list_directory(path)
            ^^^^^^^^^^^^^^^^^^^^^^^^^^^^^^^^^
  File "C:\temp\bankTradingManagement-master\bankTradingManagement-master\BACKEND\app\hdfs_service.py", line 137, in list_directory
    response.raise_for_status()
  File "C:\Users\Per chan\AppData\Local\Programs\Python\Python311\Lib\site-packages\requests\models.py", line 1026, in raise_for_status
    raise HTTPError(http_error_msg, response=self)
requests.exceptions.HTTPError: 404 Client Error: Not Found for url: http://localhost:9870/webhdfs/v1/banktrading?op=LISTSTATUS
Failed to fetch reports stats from Cassandra
Traceback (most recent call last):
  File "C:\temp\bankTradingManagement-master\bankTradingManagement-master\BACKEND\app\app.py", line 2875, in get_reports_stats
    status = tx.get("status", "").upper()
             ^^^^^^^^^^^^^^^^^^^^^^^^^^
AttributeError: 'NoneType' object has no attribute 'upper'
Search customers: query='', search_type='all', cassandra_available=True
Empty query - loading all customers
Failed to fetch dashboard stats from Cassandra
Traceback (most recent call last):
  File "C:\temp\bankTradingManagement-master\bankTradingManagement-master\BACKEND\app\app.py", line 2563, in _get_dashboard_stats_impl
    all_accounts = cassandra_service.list_all_accounts(limit=10000)
                   ^^^^^^^^^^^^^^^^^^^^^^^^^^^^^^^^^^^
AttributeError: 'CassandraService' object has no attribute 'list_all_accounts'
Search customers: query='', search_type='all', cassandra_available=True
Empty query - loading all customers
Failed to fetch reports stats from Cassandra
Traceback (most recent call last):
  File "C:\temp\bankTradingManagement-master\bankTradingManagement-master\BACKEND\app\app.py", line 2875, in get_reports_stats
    status = tx.get("status", "").upper()
             ^^^^^^^^^^^^^^^^^^^^^^^^^^
AttributeError: 'NoneType' object has no attribute 'upper'
Failed to fetch dashboard stats from Cassandra
Traceback (most recent call last):
  File "C:\temp\bankTradingManagement-master\bankTradingManagement-master\BACKEND\app\app.py", line 2563, in _get_dashboard_stats_impl
    all_accounts = cassandra_service.list_all_accounts(limit=10000)
                   ^^^^^^^^^^^^^^^^^^^^^^^^^^^^^^^^^^^
AttributeError: 'CassandraService' object has no attribute 'list_all_accounts'
Failed to fetch dashboard stats from Cassandra
Traceback (most recent call last):
  File "C:\temp\bankTradingManagement-master\bankTradingManagement-master\BACKEND\app\app.py", line 2563, in _get_dashboard_stats_impl
    all_accounts = cassandra_service.list_all_accounts(limit=10000)
                   ^^^^^^^^^^^^^^^^^^^^^^^^^^^^^^^^^^^
AttributeError: 'CassandraService' object has no attribute 'list_all_accounts'
Stopping scheduler...
Scheduler stopped
Rate limiting not available (slowapi not installed)
Monitoring middleware enabled
HDFS service initialized successfully
======================================================================
Step 1: Auto-starting Docker services...
======================================================================
======================================================================
Step 2: Bootstrapping ML models...
======================================================================
Multi-target model bootstrap complete: {'cash_in_next_day': {'status': 'loaded', 'model_path': 'C:\\temp\\bankTradingManagement-master\\bankTradingManagement-master\\BACKEND\\models\\cash_in_next_day\\m5p_cash_in_next_day.pkl'}, 'cash_out_next_day': {'status': 'loaded', 'model_path': 'C:\\temp\\bankTradingManagement-master\\bankTradingManagement-master\\BACKEND\\models\\cash_out_next_day\\m5p_cash_out_next_day.pkl'}, 'cash_in_h7': {'status': 'loaded', 'model_path': 'C:\\temp\\bankTradingManagement-master\\bankTradingManagement-master\\BACKEND\\models\\cash_in_h7\\m5p_cash_in_h7.pkl'}, 'cash_out_h7': {'status': 'loaded', 'model_path': 'C:\\temp\\bankTradingManagement-master\\bankTradingManagement-master\\BACKEND\\models\\cash_out_h7\\m5p_cash_out_h7.pkl'}, 'cash_in_next_month': {'status': 'loaded', 'model_path': 'C:\\temp\\bankTradingManagement-master\\bankTradingManagement-master\\BACKEND\\models\\cash_in_next_month\\m5p_cash_in_next_month.pkl'}, 'cash_out_next_month': {'status': 'loaded', 'model_path': 'C:\\temp\\bankTradingManagement-master\\bankTradingManagement-master\\BACKEND\\models\\cash_out_next_month\\m5p_cash_out_next_month.pkl'}}
Starting daily aggregation scheduler...
Scheduler started - will run at 0:00 AM daily
P2P Transaction Service initialized
Failed to fetch dashboard stats from Cassandra
Traceback (most recent call last):
  File "C:\temp\bankTradingManagement-master\bankTradingManagement-master\BACKEND\app\app.py", line 2590, in _get_dashboard_stats_impl
    all_accounts = cassandra_service.list_all_accounts(limit=10000)
                   ^^^^^^^^^^^^^^^^^^^^^^^^^^^^^^^^^^^
AttributeError: 'CassandraService' object has no attribute 'list_all_accounts'
Failed to fetch dashboard stats from Cassandra
Traceback (most recent call last):
  File "C:\temp\bankTradingManagement-master\bankTradingManagement-master\BACKEND\app\app.py", line 2590, in _get_dashboard_stats_impl
    all_accounts = cassandra_service.list_all_accounts(limit=10000)
                   ^^^^^^^^^^^^^^^^^^^^^^^^^^^^^^^^^^^
AttributeError: 'CassandraService' object has no attribute 'list_all_accounts'
Search customers: query='', search_type='all', cassandra_available=True
Empty query - loading all customers
Stopping scheduler...
Scheduler stopped
Rate limiting not available (slowapi not installed)
Monitoring middleware enabled
HDFS service initialized successfully
======================================================================
Step 1: Auto-starting Docker services...
======================================================================
======================================================================
Step 2: Bootstrapping ML models...
======================================================================
Multi-target model bootstrap complete: {'cash_in_next_day': {'status': 'loaded', 'model_path': 'C:\\temp\\bankTradingManagement-master\\bankTradingManagement-master\\BACKEND\\models\\cash_in_next_day\\m5p_cash_in_next_day.pkl'}, 'cash_out_next_day': {'status': 'loaded', 'model_path': 'C:\\temp\\bankTradingManagement-master\\bankTradingManagement-master\\BACKEND\\models\\cash_out_next_day\\m5p_cash_out_next_day.pkl'}, 'cash_in_h7': {'status': 'loaded', 'model_path': 'C:\\temp\\bankTradingManagement-master\\bankTradingManagement-master\\BACKEND\\models\\cash_in_h7\\m5p_cash_in_h7.pkl'}, 'cash_out_h7': {'status': 'loaded', 'model_path': 'C:\\temp\\bankTradingManagement-master\\bankTradingManagement-master\\BACKEND\\models\\cash_out_h7\\m5p_cash_out_h7.pkl'}, 'cash_in_next_month': {'status': 'loaded', 'model_path': 'C:\\temp\\bankTradingManagement-master\\bankTradingManagement-master\\BACKEND\\models\\cash_in_next_month\\m5p_cash_in_next_month.pkl'}, 'cash_out_next_month': {'status': 'loaded', 'model_path': 'C:\\temp\\bankTradingManagement-master\\bankTradingManagement-master\\BACKEND\\models\\cash_out_next_month\\m5p_cash_out_next_month.pkl'}}
Starting daily aggregation scheduler...
Scheduler started - will run at 0:00 AM daily
P2P Transaction Service initialized
Failed to get accounts from Cassandra: 'CassandraService' object has no attribute 'list_all_accounts'; using memory store.
Retrieved 0 accounts from memory store
Failed to fetch dashboard stats from Cassandra
Traceback (most recent call last):
  File "C:\temp\bankTradingManagement-master\bankTradingManagement-master\BACKEND\app\app.py", line 2593, in _get_dashboard_stats_impl
    all_accounts = cassandra_service.list_all_accounts(limit=10000)
                   ^^^^^^^^^^^^^^^^^^^^^^^^^^^^^^^^^^^
AttributeError: 'CassandraService' object has no attribute 'list_all_accounts'
Failed to get accounts from Cassandra: 'CassandraService' object has no attribute 'list_all_accounts'; using memory store.
Retrieved 0 accounts from memory store
Failed to get accounts from Cassandra: 'CassandraService' object has no attribute 'list_all_accounts'; using memory store.
Retrieved 0 accounts from memory store
Failed to get accounts from Cassandra: 'CassandraService' object has no attribute 'list_all_accounts'; using memory store.
Retrieved 0 accounts from memory store
Failed to fetch reports stats from Cassandra
Traceback (most recent call last):
  File "C:\temp\bankTradingManagement-master\bankTradingManagement-master\BACKEND\app\app.py", line 2905, in get_reports_stats
    status = tx.get("status", "").upper()
             ^^^^^^^^^^^^^^^^^^^^^^^^^^
AttributeError: 'NoneType' object has no attribute 'upper'
Failed to get accounts from Cassandra: 'CassandraService' object has no attribute 'list_all_accounts'; using memory store.
Retrieved 0 accounts from memory store
Failed to get accounts from Cassandra: 'CassandraService' object has no attribute 'list_all_accounts'; using memory store.
Retrieved 0 accounts from memory store
Failed to fetch dashboard stats from Cassandra
Traceback (most recent call last):
  File "C:\temp\bankTradingManagement-master\bankTradingManagement-master\BACKEND\app\app.py", line 2593, in _get_dashboard_stats_impl
    all_accounts = cassandra_service.list_all_accounts(limit=10000)
                   ^^^^^^^^^^^^^^^^^^^^^^^^^^^^^^^^^^^
AttributeError: 'CassandraService' object has no attribute 'list_all_accounts'
Failed to get accounts from Cassandra: 'CassandraService' object has no attribute 'list_all_accounts'; using memory store.
Retrieved 0 accounts from memory store
Failed to get accounts from Cassandra: 'CassandraService' object has no attribute 'list_all_accounts'; using memory store.
Retrieved 0 accounts from memory store
Failed to fetch dashboard stats from Cassandra
Traceback (most recent call last):
  File "C:\temp\bankTradingManagement-master\bankTradingManagement-master\BACKEND\app\app.py", line 2593, in _get_dashboard_stats_impl
    all_accounts = cassandra_service.list_all_accounts(limit=10000)
                   ^^^^^^^^^^^^^^^^^^^^^^^^^^^^^^^^^^^
AttributeError: 'CassandraService' object has no attribute 'list_all_accounts'
Failed to get accounts from Cassandra: 'CassandraService' object has no attribute 'list_all_accounts'; using memory store.
Retrieved 0 accounts from memory store
Search customers: query='', search_type='all', cassandra_available=True
Empty query - loading all customers
Failed to get accounts from Cassandra: 'CassandraService' object has no attribute 'list_all_accounts'; using memory store.
Retrieved 0 accounts from memory store
Creating transaction: account_id=0007362	 , type=cash_out, amount=3000.0, sender=0007362	 , receiver=0005478
Creating transaction: account_id=0007362	 , type=cash_out, amount=3000.0, sender=0007362	 , receiver=0005478
Failed to get accounts from Cassandra: 'CassandraService' object has no attribute 'list_all_accounts'; using memory store.
Retrieved 0 accounts from memory store
Search customers: query='', search_type='all', cassandra_available=True
Empty query - loading all customers
Search customers: query='', search_type='all', cassandra_available=True
Empty query - loading all customers
Search customers: query='', search_type='all', cassandra_available=True
Empty query - loading all customers
Stopping scheduler...
Scheduler stopped
